id;taxpayer;region;approval_date;consolidated_amount;modality;total_discount_pct;installments;down_payment_pct;judicial_recovery;sector;guarantees;source_url;simulated
0042f8a1b8ed;CONSTRUTORA HUMBERTO LOBO LTDA;Region 5;2023-09-05;1745438.23;Transação Individual;70.0;120;;True;Construção civil/imobiliário;Penhoras em execuções fiscais mantidas até efetiva quitação, Bens listados no Anexo II com possibilidade de alienação para liquidação da transação;https://www.gov.br/pgfn/pt-br/assuntos/divida-ativa-da-uniao/transparencia-fiscal-1/painel-dos-parcelamentos/termos-de-transacao/5a-regiao/TermodeTransaoIndividualConstrutoraHumbertoLoboLTDAInformaesSigilosasSuprimidas.pdf;False
008edb4f455a;COLEGIO SANTA MARIA LTDA;Region 5;2021-08-19;;Transação Individual;;;;;Educação;O devedor mantém todas as garantias associadas ao débito com a finalidade de garantir a dívida contemplada na transação individual, ficando ressalvada a possibilidade de alienação de bens para a liquidação da presente transação, com direcionamento integral do preço à Fazenda Nacional.;https://www.gov.br/pgfn/pt-br/assuntos/divida-ativa-da-uniao/transparencia-fiscal-1/painel-dos-parcelamentos/termos-de-transacao/5a-regiao/termo-de-transacao-individual-colegio-santa-maria.pdf;False
0093d6d32e62;ARCLIMA ENGENHARIA LTDA - EM RECUPERACAO JUDICIAL, ARCODUTO EIRELI e TOTALPARTS AR CONDICIONADO E REFRIGERACAO LTDA;Region 5;2022-03-31;;Transação Individual (empresas em Recuperação Judicial - Portaria PGFN nº 2382/2021);70.0;120;;True;Engenharia/climatização e refrigeração industrial;O devedor mantém todas as garantias associadas ao débito com a finalidade de garantir a dívida contemplada na transação individual (Cláusula 13).;https://www.gov.br/pgfn/pt-br/assuntos/divida-ativa-da-uniao/transparencia-fiscal-1/painel-dos-parcelamentos/termos-de-transacao/5a-regiao/TermodeTransaoIndividualArClima.pdf;False
00b33a4ccb0e;NORLOG LOGÍSTICA INTEGRADA LTDA EM RECUPERAÇÃO JUDICIAL / MARIM ADMINISTRAÇÃO, EMPREENDIMENTOS E PARTICIPAÇÕES S/A EM RECUPERAÇÃO JUDICIAL;Region 5;2025-03-25;9021171.95;Transação Individual (Portaria PGFN nº 6.757/2022, com termos da Portaria PGFN nº 2.382/2020 para devedores em recuperação judicial);70.0;48;;True;logística/administração e participações;Preservação de garantias já existentes (judiciais ou administrativas) - Cláusula 5ª, Bens penhorados/descritos como garantia sujeitos a alienação via sistema COMPREI em caso de rescisão - Cláusula 7ª;https://www.gov.br/pgfn/pt-br/assuntos/divida-ativa-da-uniao/transparencia-fiscal-1/painel-dos-parcelamentos/termos-de-transacao/5a-regiao/TermodeTransaoIndividualNorlogLogsticaIntegradaLTDATarjado.pdf;False
00be52325bf0;IRMANDADE DA SANTA CASA DE MISERICORDIA DE SAO PAULO;Region 3;Not identified;311526210.89;Not identified;33.51;145;;False;Saúde/Hospitalar (entidade filantrópica);Mantém eventuais garantias existentes, Imóveis, Precatórios;https://www.gov.br/pgfn/pt-br/assuntos/divida-ativa-da-uniao/transparencia-fiscal-1/painel-dos-parcelamentos/termos-de-transacao/3a-regiao/SumrioIrmandadedaSantaCasadeMisericrdiadeSoPaulo.pdf;False
00bf746a2673;SCAPINI TRANSPORTE E LOGÍSTICA LTDA.;Region 4;Not identified;;Transação individual (PERSE);70.0;145;;;Transporte e logística;Não exigida garantia real ou fidejussória para participantes PERSE (Cláusula 7ª);https://www.gov.br/pgfn/pt-br/assuntos/divida-ativa-da-uniao/transparencia-fiscal-1/painel-dos-parcelamentos/termos-de-transacao/4a-regiao/TermodeTransacaoIndividualScapiniTransporteeLogisticaAnexoIAnexoIIAnexoIII.pdf;False
00ec74a9d2c7;Grupo COSIL (COSIL CONSTRUÇÕES E INCORPORAÇÕES AS EM RECUPERAÇÃO JUDICIAL e outras 15 empresas relacionadas);Region 5;2024-06-18;;Transação Individual - Plano de Regularização Fiscal;65.0;24;10.0;True;Construção civil/incorporação imobiliária;Imóvel de Matrícula nº 16.154, 5º Cartório de Registro de Imóveis de Aracaju - Sergipe, gleba de terra no MOSQUEIRO com área total de 98.388 m², avaliado em R$ 24.779.000,00, Penhoras prévias em execuções fiscais (garantias já existentes mantidas);https://www.gov.br/pgfn/pt-br/assuntos/divida-ativa-da-uniao/transparencia-fiscal-1/painel-dos-parcelamentos/termos-de-transacao/5a-regiao/TermodeTransaoIndividualmbarEmpreendimentosSPELTDATarjado.pdf;False
011d1a06c632;JW INDÚSTRIA E COMÉRCIO DE EQUIPAMENTOS EM AÇO INOXIDÁVEL LTDA e JWS INDÚSTRIA E COMÉRCIO DE EQUIPAMENTOS E SISTEMAS LTDA (ambas em Recuperação Judicial);Region 3;2023-10-05;;Transação individual (Lei nº 13.988/2020 e Portaria PGFN nº 6.757/2022) - contribuinte em recuperação judicial;75.0;96;;True;Indústria de equipamentos em aço inoxidável;Bem imóvel de propriedade da JW INDÚSTRIA E COMÉRCIO DE EQUIPAMENTOS EM AÇO INOXIDÁVEL LTDA, localizado na Avenida Antônio Waldir Martineli/Valdir Martineli, nº 1.820/1820, Distrito Industrial, Sertãozinho-SP, a ser oferecido à penhora nos autos da execução fiscal nº 5007938-31.2021.4.03.6102, Manutenção automática dos gravames decorrentes de arrolamento de bens, medida cautelar fiscal e garantias prestadas administrativamente ou em ações de execução fiscal;https://www.gov.br/pgfn/pt-br/assuntos/divida-ativa-da-uniao/transparencia-fiscal-1/painel-dos-parcelamentos/termos-de-transacao/3a-regiao/TermodeTransaoIndividualJwIndstriaeComrciodeEquipamentosemAoInoxidvelLTDA.pdf;False
016e4c0f083c;PRODUTOS ALIMENTÍCIOS CRISPETES LTDA;Region 3;2021-10-22;45353347.56;Transação Individual;45.0;84;1.15;;Alimentício;Hipoteca sobre imóveis matriculados sob números 200 e 6.444 junto ao 2º Cartório de Registro de Imóveis de São Caetano do Sul, SP;https://www.gov.br/pgfn/pt-br/assuntos/divida-ativa-da-uniao/transparencia-fiscal-1/painel-dos-parcelamentos/termos-de-transacao/3a-regiao/termo-de-transacao-individual-produtos-alimenticios-crispetes-ltda.pdf;False
018c4d82e4c8;SP ENGENHARIA S.A.;Region 3;2023-04-19;;Transação Individual (modalidades DEMAIS e PREV);;48;5.0;;Engenharia/Construção;Manutenção automática dos gravames decorrentes de arrolamento de bens, medida cautelar fiscal e garantias prestadas administrativamente ou em ações de execução fiscal ou outra ação judicial;https://www.gov.br/pgfn/pt-br/assuntos/divida-ativa-da-uniao/transparencia-fiscal-1/painel-dos-parcelamentos/termos-de-transacao/3a-regiao/TermodeTransaoIndividualSPEngenhariaS.A.pdf;False
01aa3f87419d;COMPANHIA DE SANEAMENTO AMBIENTAL DO MARANHÃO- CAEMA;Region 1;2023-11-16;1422711008.16;Transação Individual;65.0;120;;;Saneamento;Responsabilidade subsidiária do Estado do Maranhão (GARANTIDOR), Penhora sobre percentual de faturamento (5% da receita bruta da Companhia), Manutenção dos gravames decorrentes de arrolamento de bens, medida cautelar fiscal e garantias prestadas administrativamente ou em execuções fiscais;https://www.gov.br/pgfn/pt-br/assuntos/divida-ativa-da-uniao/transparencia-fiscal-1/painel-dos-parcelamentos/termos-de-transacao/1a-regiao/TermodeTransaoIndividualCompanhiadeSaneamentoAmbientaldoMaranhoCAEMA.pdf;False
01e10e183d72;GRUPO MKJ/MR GLOBAL;Region 4;2024-06-28;172583756.53;Transação Individual;65.0;120;;True;Importação e Comércio;Imóveis descritos nos Anexos XIII a XVIII, avaliados previamente em R$ 53.147.000,00, Manutenção de indisponibilidades/penhoras/bloqueios existentes nos processos relacionados aos créditos negociados, Penhora sobre recursos financeiros (juros sobre capital próprio, distribuição de lucros e dividendos, rateios de sobras e empréstimos) nos autos nºs 5005927-84.2013.4.04.7200 e 5014104-61.2018.4.04.7200;https://www.gov.br/pgfn/pt-br/assuntos/divida-ativa-da-uniao/transparencia-fiscal-1/painel-dos-parcelamentos/termos-de-transacao/4a-regiao/TermodeTransaoIndividualMKJImportaoeComrcioLTDAMarioKenjiIrieMRGlobalEmpreendimentosLTDALumakParticipaessocietriasLTDAKTCBParticipaeseEmpreendimentosLTDAAgataparticipae.pdf;False
0221de1a667d;"COMPANHIA USINA BULHÕES (e SOUZA BELTRÃO ADMINISTRAÇÃO, PARTICIPAÇÃO LTDA; CAMACARI AGROINDUSTRIAL LTDA.; DUAS UNAS EMPREENDIMENTOS IMOBILIÁRIOS LTDA.)";Region 5;2023-01-19;;Transação Individual - Plano de Regularização Fiscal (Portaria PGFN nº 6.757/2022);65.0;120;;;Agronegócio (usina/agroindustrial);Ficam mantidas todas as garantias já associadas aos débitos incluídos nesta transação individual, até a sua plena quitação, inclusive penhoras em execuções fiscais;https://www.gov.br/pgfn/pt-br/assuntos/divida-ativa-da-uniao/transparencia-fiscal-1/painel-dos-parcelamentos/termos-de-transacao/5a-regiao/TermodeTransaoIndividualCiaUsinaBulhesSouzaBeltroAdministraoParticipaoLTDACamaariAgroindustrialLTDAeDuasUnasEmpreendimentosImobiliriosLTDA2.pdf;False
02c39adf74f0;Not identified;Region 3;Not identified;;Not identified;;;;;Not identified;;https://www.gov.br/pgfn/pt-br/assuntos/divida-ativa-da-uniao/transparencia-fiscal-1/painel-dos-parcelamentos/termos-de-transacao/3a-regiao/ANEXOIV.pdf;False
02c48fde4962;INDUSTRIA CONSTRUCOES E MONTAGENS INGELEC S/A - INCOMISA - EM RECUPERACAO JUDICIAL;Region 3;Not identified;12249885.5;Transação individual (recuperação judicial);65.0;120;;True;Construção/Indústria (fabricação de linhas de transmissão, subestações e montagem);Imóvel matriculado sob número 51.638 perante o Oficial de Registro de Imóveis e Anexos da Comarca de Pindamonhangaba – SP, Direitos creditórios decorrentes da alienação fiduciária/financiamento gravada à margem da matrícula 49.639 (CRI de Pindamonhangaba), Bens móveis listados e avaliados conforme Anexo III;https://www.gov.br/pgfn/pt-br/assuntos/divida-ativa-da-uniao/transparencia-fiscal-1/painel-dos-parcelamentos/termos-de-transacao/3a-regiao/TermodeTransaoIndividualIndstriaConstrueseMontagensIngelecSAIncomisa.pdf;False
02ef511cf1d4;AVIBRÁS INDÚSTRIA AEROESPACIAL S.A. em RECUPERAÇÃO JUDICIAL / POWERTRONICS S/A EMPRESA BRASILEIRA DE TECNOLOGIA ELETRÔNICA S.A. (grupo incorporando também TECTRAN INDÚSTRIA E COMÉRCIO S.A. e AVIBRÁS FIBRAS ÓTICAS E TELECOMUNICAÇÕES S.A.);Region 3;2023-11-09;;Transação Individual;;84;;True;Indústria aeroespacial/defesa e tecnologia eletrônica;Imóvel denominado Fábrica 01, matrículas nºs 75.197, 87.086, 87.657 (Registro de Imóveis e Anexos de São José dos Campos/SP), Imóvel denominado Fábrica 02, matrícula nº 18.931 (Registro de Imóveis da Comarca de Jacareí/SP), Imóvel denominado Fábrica 03, matrículas nºs 13.802, 13.296, 13.295, 13.294, 13.293, 13.292, 13.291, 10.188, 6.390, 3.789, 3.788 e 449 (Cartório de Registro de Imóveis da Comarca de Lorena), Direitos de Propriedade Industrial (valor tarjado);https://www.gov.br/pgfn/pt-br/assuntos/divida-ativa-da-uniao/transparencia-fiscal-1/painel-dos-parcelamentos/termos-de-transacao/3a-regiao/TermoTransaoIndividualAvibrsS.Atarjado.pdf;False
02f28653766e;"CONTEDA - DISTRIBUIDORA DE ALIMENTOS LTDA; COMTEDA COMERCIAL TEDA DE ALIMENTOS LTDA; ROMILDA MIGUEL OLIVEIRA GOMES; ANTÔNIO CÉSAR GOMES DA SILVA";Region 5;2025-02-12;;Transação Individual;59.74;145;;;Distribuição/comércio de alimentos;Imóvel matriculado sob o nº 66.072 – Registro de Imóveis da 1ª Zona da Comarca de Fortaleza, Imóvel matriculado sob o nº 69.390 – Registro de Imóveis da 1ª Zona da Comarca de Fortaleza, Imóvel matriculado sob o nº 27.970 – Cartório de Registro de Imóveis da 4ª Zona da Comarca de Fortaleza (Cartório Miranda Bezerra), Imóvel matriculado sob o n. 75.889 – Registro de Imóveis da 1ª Zona da Comarca de Fortaleza, Imóvel matriculado sob o n. 75.990 – Registro de Imóveis da 1ª Zona da Comarca de Fortaleza;https://www.gov.br/pgfn/pt-br/assuntos/divida-ativa-da-uniao/transparencia-fiscal-1/painel-dos-parcelamentos/termos-de-transacao/5a-regiao/TermodeTransaoIndividualContedaDistribuidoraAlimentosLTDATarjado.pdf;False
02fdca9f2ab4;RODOVIÁRIO TRANSBUENO LIMITADA;Region 3;2023-03-04;90826757.48;Transação Individual;59.73;55;0.0;;Transporte rodoviário;Imóvel - matrícula 19.039 (Jacareí/SP), Imóvel - matrícula 24.312 (Jacareí/SP), Imóvel - matrícula 15.941 (Jacareí/SP), Imóvel - matrícula 7.274 (Jacareí/SP);https://www.gov.br/pgfn/pt-br/assuntos/divida-ativa-da-uniao/transparencia-fiscal-1/painel-dos-parcelamentos/termos-de-transacao/3a-regiao/TermodeTransaoIndividualRodovirioTransbuenoLimitada.pdf;False
036d3170c70e;TEP TECNOLOGIA EM ENGENHARIA LTDA EM RECUPERACAO JUDICIAL;Region 3;2023-04-19;8982604.17;Transação Individual (Recuperação Judicial);49.8;60;;True;Engenharia/Tecnologia;;https://www.gov.br/pgfn/pt-br/assuntos/divida-ativa-da-uniao/transparencia-fiscal-1/painel-dos-parcelamentos/termos-de-transacao/3a-regiao/TermodeTransaoIndividualTepTecnologiaemEngenhariaLTDA.pdf;False
039e1215fa30;AGRIMEX AGRO INDUSTRIAL MERCANTIL EXCELSIOR S A - EM RE;Region 5;Not identified;3908148.82;0026 - TRANSACAO INDIVIDUAL (DEPENDE DE PREVIA APROVACAO DO PDA DA REGIAO) / 0977 - DEMAIS DEBITOS - ATE 120 PRESTACOES- REDUCAO DE 70% - RJ- PRESTACOES ESCALONADAS - PFBCN;82.77;120;;True;Agroindústria/Agronegócio;;https://www.gov.br/pgfn/pt-br/assuntos/divida-ativa-da-uniao/transparencia-fiscal-1/painel-dos-parcelamentos/termos-de-transacao/5a-regiao/GrupoNassauAnexoII.pdf;False
04278ee079e7;FRIGORÍFICO NICOLINI LTDA (Grupo Econômico: AGROARAÇÁ INDÚSTRIA DE ALIMENTOS LTDA EM RECUPERAÇÃO JUDICIAL, LAVANDERIA AGUA AZUL LTDA - EPP, P e O PARTICIPAÇÕES LTDA, PC HOLDING PARTICIPAÇÕES LTDA, SRFM PARTICIPAÇÕES LTDA);Region 4;2024-03-14;;Transação Individual;65.0;120;;True;Frigorífico/agroindústria (alimentos);Bens constantes no Anexo III, sobre os quais serão registradas penhoras nas execuções fiscais promovidas em face das DEVEDORAS;https://www.gov.br/pgfn/pt-br/assuntos/divida-ativa-da-uniao/transparencia-fiscal-1/painel-dos-parcelamentos/termos-de-transacao/4a-regiao/TermodeTransaoIndividualFrigorficoNicoliniLTDAtarjado.pdf;False
04309ca4b081;PW BRASIL EXPORT SA, CIAUTO ADMINISTRAÇÃO DE IMÓVEIS LTDA, UNIROUPAS UNIÃO INDÚSTRIA DE ROUPAS LTDA e RFX EMPREENDIMENTOS LTDA;Region 2;2024-05-08;88281.43;Transação individual;45.15;20;;;Not identified;Imóvel objeto da Matrícula n. 7.546, do Cartório de Registro de Imóveis de Baixo Gandu (terreno urbano com área de 24.331,28 m2 e construção de Galpão de 4.810,24 m2), Penhora de 20% sobre o faturamento das empresas, a ser implementada via execução fiscal, diante de eventual rescisão deste acordo;https://www.gov.br/pgfn/pt-br/assuntos/divida-ativa-da-uniao/transparencia-fiscal-1/painel-dos-parcelamentos/termos-de-transacao/2a-regiao/TermodeTransaoIndividualPWBrasilExportSATarjado.pdf;False
0433f3defaa0;Viação Piracicabana S.A. (e grupo Comporte Participações);Region 3;Not identified;835741392.49;Transação Individual;50.0;84;;;Transporte coletivo/rodoviário;Depósitos judiciais (Anexo 6), Precatórios judiciais (Anexo 7), Imóveis (Anexo 8), Apólices de seguro-garantia (Anexo 9), Cotas de Fundo de Investimento (Anexo 10), Garantias já deferidas judicialmente;https://www.gov.br/pgfn/pt-br/assuntos/divida-ativa-da-uniao/transparencia-fiscal-1/painel-dos-parcelamentos/termos-de-transacao/3a-regiao/termo-de-transacao-individual-viacao-piracicabana.pdf;False
04569fd8e44d;OMEGA CONSTRUTORA E LOCADORA DE EQUIPAMENTOS LTDA;Region 1;2024-04-10;26229136.89;Transação individual;50.79;120;;;Construção civil / Locação de equipamentos;Bens móveis (Veículos) - avaliação total R$ 7.296.000,00 (ANEXO II), Hipoteca ou penhora sobre bens do ANEXO II (Cláusula 12);https://www.gov.br/pgfn/pt-br/assuntos/divida-ativa-da-uniao/transparencia-fiscal-1/painel-dos-parcelamentos/termos-de-transacao/1a-regiao/TermodeTransaoIndividualmegaConstrutoraeLocadoradeEquipamentosLTDA.pdf;False
04991a6a4f4b;VIAÇÃO CAMPOS GERAIS LTDA;Region 4;2024-12-05;25409355.42;Transação Individual;;120;;;Transporte;Imóvel matriculado (matrícula tarjada), mediante termo de autorização de constituição de garantia em nome de GUVEL PARTICIPAÇÕES S/A, CNPJ 76.345.644/0001-83, avaliado em R$ 48.431.956,05, descrito no Anexo III;https://www.gov.br/pgfn/pt-br/assuntos/divida-ativa-da-uniao/transparencia-fiscal-1/painel-dos-parcelamentos/termos-de-transacao/4a-regiao/TermodeTransaoIndividualViaoCamposLTDATarjado.pdf;False
04c866148e5f;AVOA TRANSPORTES LTDA e AUTO DE VIAÇÃO OURINHOS ASSIS LTDA;Region 3;2025-06-30;;Transação individual (Termo Aditivo - repactuação) - modalidades DEMAIS e PREV;70.0;108;;True;Transporte;;https://www.gov.br/pgfn/pt-br/assuntos/divida-ativa-da-uniao/transparencia-fiscal-1/painel-dos-parcelamentos/termos-de-transacao/3a-regiao/RepactuaoAVOATRANSPORTESLTDAEMRECUPERAOJUDICIAL.pdf;False
05bc6c8e3771;LIBRA LIGAS DO BRASIL S/A, CARBOMIL QUÍMICA S/A, CARBOMIL S/A MINERAÇÃO E INDÚSTRIA, CARBOMIL AGROPECUÁRIA S/A, CARBOPAR – CARBOMIL PARTICIPAÇÕES MINERAÇÃO E ADMINISTRAÇÃO SA, MCC MINERAÇÃO E EQUIPAMENTOS PESADOS LTDA, TRANSNAL TRANSPORTE NACIONAL LTDA, ITAMIL ITAOCA MINERAÇÃO LTDA, QUÍMICA INDUSTRIAL ITAMIL LTDA, CALCÁRIO DO BRASIL;Region 5;2023-06-22;;Transação Individual - Plano de Regularização Fiscal;;120;;;Mineração e química industrial;Penhoras em execuções fiscais (mantidas), especialmente as designadas no ANEXO II, Imóveis: Fazenda Esperança, Sítio São José, Fazenda Baixa Grande, Fazenda Curral Velho, Fazenda Minadouro, Fazenda Sucupira, Foros de Picos/Fazenda Carbomil, Fazenda Clarissa, matrícula 43075, Fazenda Córrego do Urubu, terreno 'Amendoim', Sítio Lagoa dos Porcos, matrículas 719, 720, 721 e 25746;https://www.gov.br/pgfn/pt-br/assuntos/divida-ativa-da-uniao/transparencia-fiscal-1/painel-dos-parcelamentos/termos-de-transacao/5a-regiao/termo-de-transacao-individual-libra-ligas-do-brasil-s-a_compressed-1.pdf;False
05bfe44b5abd;KRONES S/A;Region 3;2021-07-22;21913075.55;Transação Individual;;1;4.0;True;Not identified;Gravame registrado no imóvel de matrícula (tarjada), avaliado em R$ 60.856.010,00, conforme laudo apresentado pela Proponente;https://www.gov.br/pgfn/pt-br/assuntos/divida-ativa-da-uniao/transparencia-fiscal-1/painel-dos-parcelamentos/termos-de-transacao/3a-regiao/termo-de-transacao-individual-krones-sa.pdf;False
065b676a5d23;NATURAFRIG ALIMENTOS LTDA. (grupo econômico incluindo Navi Carnes, Frigorífico Pirapó, Frigorífico Supremo, Frigonova);Region 3;2022-11-11;;Transação Individual;70.0;145;0.334;;Frigorífico/Alimentos (agroindústria);"Marca ""Naturafrig"" (INPI processo 907557449), 100% das cotas do Fundo de Investimento Imobiliário F2ZZ (CNPJ 30.178.506/0001-56), Imóveis rurais da Atrial - matrículas 1760 e 1761 (1º Cartório de Registro de Imóveis de Nova Andradina/MS), avaliados em R$ 4.000.000,00, Marca ""Bala de Prata"" (INPI 910393451), Diversos veículos (placas listadas), Quotas sociais das Requerentes, Diversos bens imóveis (Fazenda Chapadão, Fazenda Pirapozinho, Estância São Alberto, Chácara Nossa Senhora Aparecida, Imóvel urbano em Nova Andradina, Estância Rio Branco, Fazenda Nova Vida, Porto Madero Residence, Terrenos na Fazenda Pirapó, Prédio residencial em Presidente Prudente, Lote no Chácaras Imperial, Fazenda Renascer, e outros bens imóveis matrículas 21.736, 1.763, 12.046)";https://www.gov.br/pgfn/pt-br/assuntos/divida-ativa-da-uniao/transparencia-fiscal-1/painel-dos-parcelamentos/termos-de-transacao/3a-regiao/TermodeTransaoIndividualNaturafrigAlimentosLTDANaturafrig.pdf;False
068bba9e4b2a;IMASA INDÚSTRIA DE MÁQUINAS AGRÍCOLAS LTDA EM RECUPERAÇÃO JUDICIAL;Region 4;2023-04-12;15418341.64;Transação Individual;73.27;60;;True;Indústria de máquinas agrícolas;Imóvel matrícula nº 8.920 do Registro de Imóveis de Jacareí - SP, avaliado em R$ 3.470.583,00 (ANEXO V);https://www.gov.br/pgfn/pt-br/assuntos/divida-ativa-da-uniao/transparencia-fiscal-1/painel-dos-parcelamentos/termos-de-transacao/4a-regiao/copy2_of_TermodeTransaoIndividualImasaIndstriadeMquinasAgrcolasLTDATarjado.pdf;False
06ab3ef42019;SERGIPE INDUSTRIAL TEXTIL LTDA. – EM RECUPERAÇÃO JUDICIAL;Region 5;2023-06-19;;Transação Individual;;108;6.0;True;Têxtil/Industrial;Manutenção automática dos gravames decorrentes de arrolamento de bens, de medida cautelar fiscal e das garantias prestadas administrativamente ou nas ações de execução fiscal ou em qualquer outra ação judicial;https://www.gov.br/pgfn/pt-br/assuntos/divida-ativa-da-uniao/transparencia-fiscal-1/painel-dos-parcelamentos/termos-de-transacao/5a-regiao/TermodeTransaoIndividualSergipeIndustrialTextilLTDA.EMRECUPERAOJUDICIALTarjado.pdf;False
073d0ef31e6f;José Gualberto de Freitas Almeida (Fazenda São Paulo Ltda., Fazenda Milano S.A., Fazenda Pérsico S.A., Fazenda Agropart S.A.);Region 5;2020-06-04;961525.76;Convenção/Transação Individual (art. 190 CPC/2015, Portarias PGFN 360/2018, 742/2018, Lei 13.988/2020, Portarias PGFN 9917/20 e 9924/20);;60;;;Agronegócio;Depósito judicial vinculado ao processo nº 0800335-20.1997.4.05.8308;https://www.gov.br/pgfn/pt-br/assuntos/divida-ativa-da-uniao/transparencia-fiscal-1/painel-dos-parcelamentos/termos-de-transacao/5a-regiao/termo-de-transacao-individual-fazenda-milano-sa-e-outros-inf-suprimidas.pdf;False
0740b4048b29;HOSPITAL PROHOPE LTDA EM RECUPERAÇÃO JUDICIAL;Region 1;2024-02-16;66740835.43;Transação Individual;70.0;120;;True;Saúde/Hospitalar;Marca 'HOSPITAL PROHOPE' registrada no INPI, com vigência até 22 de novembro de 2026, Penhora sobre 5% (cinco por cento) do faturamento mensal (receita bruta) da empresa, a ser executada em caso de rescisão do acordo;https://www.gov.br/pgfn/pt-br/assuntos/divida-ativa-da-uniao/transparencia-fiscal-1/painel-dos-parcelamentos/termos-de-transacao/1a-regiao/TermodeTransaoIndividualHospitalProhopeLTDAemrecuperaojudicialtarjado.pdf;False
075847054fb0;PREVENT SENIOR PRIVATE OPERADORA DE SAÚDE LTDA. (grupo econômico Prevent Senior);Region 3;2024-09-12;997546883.44;Transação Individual;36.09;120;;;Saúde (operadora de saúde/hospitalar);Matrícula 24732: Ruy Barbosa, 266, Bela Vista, São Paulo/SP, Matrícula 12980: Rua Cardeal Arcoverde, 718 e 724, Jardim América, São Paulo/SP, Matrícula 139.166: Av. Presidente Wilson, 261-307 e 367, Mooca, Matrículas 18.288/18289: Avenida Santos Dumont, 88/Rua Força Pública, 265, Santana, São Paulo/SP, Matrículas 146.092/145.638: Rua Força Pública, 217/227, Santana, São Paulo/SP, Matrícula 83688: Rua Alfredo Pujol, 174, Santana, São Paulo/SP, Matrícula 1.526: Rua Alfredo Pujol, 174, Santana, São Paulo/SP, Matrícula 1.455: Rua Cristiano Viana, 872, Pinheiros, São Paulo/SP, Matrícula 65.919: Rua Cristiano Viana, 874, Pinheiros, São Paulo/SP, Matrícula 18.535: Rua Cristiano Viana, 880, Pinheiros, São Paulo/SP, Matrícula 52.597: Rua Cristiano Viana, 882, Pinheiros, São Paulo/SP, Matrícula 67.046: Rua Cristiano Viana, 920, Pinheiros, São Paulo/SP, Matrícula 59.346: Rua Cristiano Viana, 890, Pinheiros, São Paulo/SP, Matrícula 192.364: Rua Humaitá, 409, Bela Vista, São Paulo/SP, Matrícula 94.342: Rua Mituto Mizumoto, 596, Liberdade, São Paulo/SP, Matrícula 187.345: Rua General Chagas Santos, 282, Saúde, São Paulo/SP, Matrícula 400: Rua Rui Barbosa, 294/322, Bela Vista, São Paulo/SP, Matrícula 31.064: Rua Rui Barbosa, 324, Bela Vista, São Paulo/SP, Matrícula 51.053: Rua Conselheiro Carrão, 379, Bela Vista, São Paulo/SP, Matrícula 194.211: Rua Treze de Maio, 571, Bela Vista, São Paulo/SP;https://www.gov.br/pgfn/pt-br/assuntos/divida-ativa-da-uniao/transparencia-fiscal-1/painel-dos-parcelamentos/termos-de-transacao/3a-regiao/TermodeTransaoIndividualPreventSeniorPrivatOperadoradeSadeLTDATarjado.pdf;False
0776d8485a4a;ELLO SERVIÇOS DE MÃO DE OBRA LTDA, FORTAL TERCEIRIZAÇÃO DE MÃO DE OBRA LTDA, REAL SERVIÇOS DE LOCAÇÃO DE MÃO DE OBRA LTDA, MISSÃO SERVIÇOS TÉCNICOS LTDA, FORTAL EMPREENDIMENTOS EIRELI (Grupo Econômico FORTAL);Region 5;2025-05-05;161657860.74;Transação Individual (Portaria PGFN nº 6.757/2022);65.0;120;;;Terceirização de mão de obra / prestação de serviços;Bens imóveis relacionados na Cláusula 4ª (39 imóveis, total de avaliação R$ 24.450.000,00), de propriedade de FORTAL EMPREENDIMENTOS, ELLO SERVIÇOS, REAL SERVIÇOS, FORTAL TERCEIRIZAÇÃO, MARÍLIA e DIÓGENES, e JÉSSIKA MARQUES MOURA, Créditos (pagamentos vincendos) decorrentes de contratos de prestação de serviços com órgãos da administração pública estadual e municipal do Ceará (Cláusula 8ª, conforme ANEXO III), Fiança bancária/seguro-garantia no valor de R$ 12.000.000,00 (Cláusula 9ª);https://www.gov.br/pgfn/pt-br/assuntos/divida-ativa-da-uniao/transparencia-fiscal-1/painel-dos-parcelamentos/termos-de-transacao/5a-regiao/TermodeTransaoIndividualElloServiosdeModeObraLTDAFortalTerceirizaodeModeObraLTDARealServiosdeLocaodeModeObraLTDAMissoServiosTcnicosLTDA.pdf;False
07cbe9eab466;ASF INDÚSTRIA DE AUTOPEÇAS LTDA;Region 3;2024-03-07;;Transação Individual (modalidades DEMAIS DÉBITOS e PREV);52.37;60;;True;Autopeças/Indústria automotiva;Manutenção automática dos gravames decorrentes de arrolamento de bens, medida cautelar fiscal e garantias prestadas administrativamente ou em ações de execução fiscal;https://www.gov.br/pgfn/pt-br/assuntos/divida-ativa-da-uniao/transparencia-fiscal-1/painel-dos-parcelamentos/termos-de-transacao/3a-regiao/TermodeTransaoIndividualASFIndstriatarjado.pdf;False
07fe4cc5a468;CIA TEXTIL PE DE SERRA - EM RECUPERACAO JUDICIAL;Region 5;2023-05-11;;Transação individual (Termo Aditivo);65.0;54;;True;Têxtil;;https://www.gov.br/pgfn/pt-br/assuntos/divida-ativa-da-uniao/transparencia-fiscal-1/painel-dos-parcelamentos/termos-de-transacao/5a-regiao/TermodeTransaoIndividualCiaTxtilPdeSerra.pdf;False
081ad7fc6737;CONSÓRCIO INTERMUNICIPAL DA MICRORREGIÃO DE PENÁPOLIS - CIMPE;Region 3;2024-10-30;998351.7;Transação Individual (débitos de FGTS);;1;;;Saúde pública (consórcio intermunicipal de saúde);Mantém-se as garantias dos débitos eventualmente existentes até a quitação integral do saldo devedor do Acordo de Transação;https://www.gov.br/pgfn/pt-br/assuntos/divida-ativa-da-uniao/transparencia-fiscal-1/painel-dos-parcelamentos/termos-de-transacao/3a-regiao/TermodeTransaoIndividualConsrcioIntermunicipaldaMicrorregiodePenppolisCIMPETarjado.pdf;False
08522748df87;AGUAS E ESGOTOS DO PIAUÍ SA (AGESPISA);Region 1;2022-12-14;1986491327.09;Transação individual;65.0;120;;;Saneamento básico (água e esgoto);Hipoteca de imóveis listados no ANEXO II, avaliados em R$ 41.807.324,00 (julho/2022), Manutenção de garantias, penhoras e gravames existentes, incluindo bloqueios financeiros, Penhora sobre percentual de faturamento (complementar à hipoteca);https://www.gov.br/pgfn/pt-br/assuntos/divida-ativa-da-uniao/transparencia-fiscal-1/painel-dos-parcelamentos/termos-de-transacao/1a-regiao/termo-de-transacao-individual-aguas-e-esgotos-do-piaui-sa.pdf;False
0873a6541e09;POLYUTIL S/A INDÚSTRIA E COMÉRCIO DE MATERIAS PLÁSTICAS;Region 5;2024-04-03;20047953.08;Transação Individual;65.0;120;;;Indústria de plásticos;Imóvel industrial com 35.200m², localizado na margem da BR 101, km 02 - Bairro Distrito Industrial - João Pessoa/PB, avaliado em R$ 33.740.708,45, matrícula 64967;https://www.gov.br/pgfn/pt-br/assuntos/divida-ativa-da-uniao/transparencia-fiscal-1/painel-dos-parcelamentos/termos-de-transacao/5a-regiao/TermodeTransaoIndividualPolytilSAIndstriaecomrciodemateriasplsticastarjado.pdf;False
087dd3ec0081;TISSOT E CIA LTDA;Region 4;2022-04-18;;Transação Individual;;84;;True;Not identified;Imóvel matrícula (não identificado - dado tarjado) do Serviço Registral de Imóveis de Gramado/RS, avaliado nos autos da Execução Fiscal nº 5001380-97.2015.4.04.7103, consistente na Fração de Terras com área de 11.160,79 m², denominada 'Chacará Athos', com área construída de 11.960,68 m²;https://www.gov.br/pgfn/pt-br/assuntos/divida-ativa-da-uniao/transparencia-fiscal-1/painel-dos-parcelamentos/termos-de-transacao/4a-regiao/TermodeTransacaoIndividualTissoteCiaLTDA.pdf;False
088a1977ec41;CENTRO HOSPITALAR SAO FRANCISCO LTDA e SÃO FRANCISCO ASSISTÊNCIA MÉDICA LTDA;Region 5;2022-03-07;;Transação Individual;50.0;1;;False;Saúde/Hospitalar;;https://www.gov.br/pgfn/pt-br/assuntos/divida-ativa-da-uniao/transparencia-fiscal-1/painel-dos-parcelamentos/termos-de-transacao/5a-regiao/TermodeTransaoIndividualCentroHospitalarSoFranciscoLTDASoFranciscoAssistnciaMdicaLTDA.pdf;False
08969e6092ac;BRAMINEX - BRASILEIRA DE MARMORE EXPORTADORA S.A (Grupo Braminex);Region 2;2021-07-29;60187030.33;Transação Individual;;84;;;Mineração/extração de rochas ornamentais (mármore, granito, calcário);Área de terreno de 2,4 hectares, avaliada em R$4.800.000,00 (item 4.1.1), Área de terreno irregular de 16.455 m² (item 4.1.2), Área de terreno de 10.000 m² (item 4.1.3), Área de terreno trapezoidal de 3.185 m² (item 4.1.4), Terreno de 6.120 m² (item 4.1.5), Duas áreas anexas de 7.293,54 m² (item 4.1.6), Área de posse de terras, sem registro, de 5.003 m² (item 4.1.7), avaliada em conjunto com os itens 4.1.2 a 4.1.6 em R$58.867.200,00, Fiança dos GARANTIDORES (garantia fidejussória solidária, item 4.8), Substituição de garantia (Termo Aditivo): área de terreno rural de 254.790 m², avaliada em R$38.218.500,00;https://www.gov.br/pgfn/pt-br/assuntos/divida-ativa-da-uniao/transparencia-fiscal-1/painel-dos-parcelamentos/termos-de-transacao/2a-regiao/TermodeTransacaoIndividualePrimeiroAditivoBRAMINEX.pdf;False
08e2bcb2681e;BENDERPLAST – INDÚSTRIA E COMÉRCIO DE EMBALAGENS e PARANÁ TÊXTIL INDÚSTRIA E COMÉRCIO DE EMBALAGENS;Region 4;2022-11-28;39459160.28;Transação Individual;;;;True;Indústria de embalagens;Terreno urbano, lote 06 da quadra A, área de 5.415,00m2, matriculado sob n. 13.921 perante o 2º Ofício de Registro de Imóveis de Guarapuava/PR, Terreno urbano, lotes 02 e 03 da quadra B, área de 10.000,00m2, matriculado sob n. 15.987 perante o 2º Ofício de Registro de Imóveis de Guarapuava/PR;https://www.gov.br/pgfn/pt-br/assuntos/divida-ativa-da-uniao/transparencia-fiscal-1/painel-dos-parcelamentos/termos-de-transacao/4a-regiao/TermodeTransaoIndividualBenderplastIndstriaeComrciodeEmbalagensTarjado.pdf;False
0935b15e7b9f;CATA TECIDOS E EMBALAGENS INDUSTRIAIS S/A;Region 1;2021-09-01;20661893.83;Transação individual;70.0;120;;True;Têxtil/Embalagens industriais;Serão mantidas todas as garantias associadas aos débitos com a finalidade de garantir a dívida contemplada na transação individual.;https://www.gov.br/pgfn/pt-br/assuntos/divida-ativa-da-uniao/transparencia-fiscal-1/painel-dos-parcelamentos/termos-de-transacao/1a-regiao/termo-de-transacao-individual-cata.pdf;False
096e997408e1;JRA - Empreendimentos e Engenharia Ltda em Recuperação Judicial (e SPEs Residencial Vila Galli, UP Residencial Sorocaba, Residencial Vila dos Bandeirantes);Region 3;2024-09-24;;Transação individual (recuperação judicial);44.07;120;;True;Construção civil/incorporação imobiliária;;https://www.gov.br/pgfn/pt-br/assuntos/divida-ativa-da-uniao/transparencia-fiscal-1/painel-dos-parcelamentos/termos-de-transacao/3a-regiao/TermodeTransaoIndividualJRAEmpreendimentoseEngenhariaLTDATarjado.pdf;False
09d541a84873;FUNDAÇÃO DE SAÚDE COMUNITÁRIA DE SINOP;Region 1;2023-09-04;5445558.82;Transação Individual;25.0;84;;;Saúde;Hipoteca de bens imóveis matriculados no Cartório de Registro de Imóveis de Sinop/MT sob os n.s 46.512, 46.513, 46.514, 46.515, 46.516, 46.517, 46.520, 48.521, 48.522, 48.523, 48.524, 48.525, 48.526, 48.527, 48.528, 48.529, 48.530, 48.531, 48.532, 48.533, 48.534, 48.535, 48.536, 48.537, 48.538, 48.539, 48.540 e 13.774;https://www.gov.br/pgfn/pt-br/assuntos/divida-ativa-da-uniao/transparencia-fiscal-1/painel-dos-parcelamentos/termos-de-transacao/1a-regiao/termo-de-transacao-individual-fundacao-de-saude-comunitaria-de-sinop.pdf;False
09db6cf56107;PREFEITURA MUNICIPAL DE CAMPOS DOS GOYTACAZES;Region 2;Not identified;;Transação Individual de Débitos de FGTS;35.0;48;;;Administração pública municipal;;https://www.gov.br/pgfn/pt-br/assuntos/divida-ativa-da-uniao/transparencia-fiscal-1/painel-dos-parcelamentos/termos-de-transacao/2a-regiao/TermodeTransacaoIndividualPrefeituraMunicipaldeCamposdosGoytacazes.pdf;False
0a61038e43ea;ASSOCIAÇÃO DE PROTEÇÃO À MATERNIDADE E À INFÂNCIA DE CUIABÁ – HOSPITAL GERAL DE CUIABÁ;Region 1;2023-03-07;49904591.35;Transação Individual;53.0;145;;;Saúde/Hospitalar;Imóvel de área urbana com alta valorização comercial de 17.070,48 m² (terreno R$15.000.000,00 e edificação R$30.000.000,00, total R$45.000.000,00), com hipoteca já lavrada, registrada e averbada, 94% do crédito a ser apurado no processo de cumprimento de sentença nº 0004605-54.2001.4.01.3600, movido em face da União, perícia preliminar apurou R$10.402.265,93;https://www.gov.br/pgfn/pt-br/assuntos/divida-ativa-da-uniao/transparencia-fiscal-1/painel-dos-parcelamentos/termos-de-transacao/1a-regiao/termo-de-transacao-individual-hg-de-cuiaba.pdf;False
0aa3b53a57c4;SANTA CASA DE MISERICÓRDIA DE CAMPOS;Region 2;2024-11-07;113657350.03;Transação Individual;70.0;145;;;Saúde / Entidade filantrópica hospitalar;Imóveis de propriedade da empresa situados em Campos dos Goytacazes, constantes do anexo II, constituídos em 22 matrículas imobiliárias, Penhora nas execuções fiscais listadas no ANEXO III;https://www.gov.br/pgfn/pt-br/assuntos/divida-ativa-da-uniao/transparencia-fiscal-1/painel-dos-parcelamentos/termos-de-transacao/2a-regiao/TermodeTransaoIndividualSantaCasadeMisericrdiadeCamposPGFNTarjado.pdf;False
0b2d1f1baea8;Not identified;Region 1;2021-06-17;24278073.87;Transação Individual (excepcional);;84;;;Aviação/transporte aéreo;Aeronaves relacionadas no ANEXO IV (hipoteca adicional), Fiança dos sócios/fiadores, Bens imóveis indisponibilizados por medida judicial na Execução Fiscal nº 0016112-25.2018.4.01.3500 (ANEXO IV);https://www.gov.br/pgfn/pt-br/assuntos/divida-ativa-da-uniao/transparencia-fiscal-1/painel-dos-parcelamentos/termos-de-transacao/1a-regiao/termo-de-transacao-individual-grupo-sete.pdf;False
0b81077869e6;USINA CANSANÇÃO DE SINIMBÚ S/A;Region 5;2024-06-21;;Transação Individual (Aditivo);;;;True;Agronegócio (usina sucroalcooleira);;https://www.gov.br/pgfn/pt-br/assuntos/divida-ativa-da-uniao/transparencia-fiscal-1/painel-dos-parcelamentos/termos-de-transacao/5a-regiao/TermodeTransaoIndividualUsinaCansanoSinimbSATermoAditivotarjado.pdf;False
0b8489b9c79c;SALES MATERIAL DE CONSTRUÇÃO LTDA. – EM RECUPERAÇÃO JUDICIAL;Region 5;2023-03-21;;Transação Individual;70.0;120;;True;Comércio de material de construção;;https://www.gov.br/pgfn/pt-br/assuntos/divida-ativa-da-uniao/transparencia-fiscal-1/painel-dos-parcelamentos/termos-de-transacao/5a-regiao/TERMODETRANSAOINDIVIDUALSALESASSINADAPDATarja.pdf;False
0c165cbd7b3e;Pozza S. A. Indústria Moveleira (e devedores solidários: BRV Móveis Ltda, Elare Apoio Administrativo Ltda, BDF Metalúrgica Ltda, VP Indústria De Móveis Ltda, GPB Participações e Investimentos Ltda, Volnei Benini, Rodrigo Pereira Benini);Region 4;2024-01-14;37599596.04;Transação Individual;;;;;Indústria moveleira;Bem imóvel matrícula 805 do Registro de Bento Gonçalves/RS, avaliado em R$ 29.500.000,00, Bem imóvel matrícula 17.349 do Registro de Bento Gonçalves/RS, avaliado em R$ 15.100.000,00, Escritura pública de hipoteca em caso de indeferimento judicial da penhora;https://www.gov.br/pgfn/pt-br/assuntos/divida-ativa-da-uniao/transparencia-fiscal-1/painel-dos-parcelamentos/termos-de-transacao/4a-regiao/TermodeTransaoIndividualPozzaSAIndstria.pdf;False
0c2058293447;SUKEST INDUSTRIA DE ALIMENTOS E FARMA LTDA (CNPJ 55.692.537/0001-51);Region 3;Not identified;39214382.06;Transação individual;47.05;60;;True;Alimentos;Manutenção de eventuais garantias eventualmente existentes nos processos em curso;https://www.gov.br/pgfn/pt-br/assuntos/divida-ativa-da-uniao/transparencia-fiscal-1/painel-dos-parcelamentos/termos-de-transacao/3a-regiao/SumrioSukestIndustriadeAlimentoseFarmaLTDA.pdf;False
0c5a9eba55ed;LEITE & PARANHOS LTDA;Region 5;2024-02-28;12017621.9;Transação Individual;65.0;120;;;Not identified;Garantias eventualmente já associadas aos débitos incluídos, inclusive penhoras prévias em execuções fiscais;https://www.gov.br/pgfn/pt-br/assuntos/divida-ativa-da-uniao/transparencia-fiscal-1/painel-dos-parcelamentos/termos-de-transacao/5a-regiao/TermodeTransaoIndividualLeiteeParanhosLTDATarjado2.pdf;False
0ce5de134fc3;HOPI HARI S/A, HH PARQUES TEMÁTICOS S/A e HH PARTICIPAÇÕES S/A;Region 3;2024-06-20;454129385.61;Transação individual;88.62;84;;True;Parques temáticos / entretenimento;Marca Hopi Hari (registrada no INPI), Recebíveis oriundos de contrato de locação, Penhora de bem imóvel matriculado sob o nº 8.904, registrado perante o Cartório de Registro de Imóveis da Comarca de Vinhedo/SP;https://www.gov.br/pgfn/pt-br/assuntos/divida-ativa-da-uniao/transparencia-fiscal-1/painel-dos-parcelamentos/termos-de-transacao/3a-regiao/TermodeTransaoIndividualHopiHariSATarjado.pdf;False
0cf91938a4b2;Luminar Montagens Elétricas Ltda. e Luminar Comércio Indústria Ltda. (grupo econômico de fato);Region 4;2022-07-22;;Transação Individual;;120;;;Not identified;Imóvel urbano com área total de 5.462,75m², situado em Barreiros, São José/SC (alienação em venda direta na execução fiscal nº 5003610-53.2017.4.04.7207), Bens imóveis e benfeitorias listados no ANEXO VI do termo, Imóvel registrado em nome da devedora Luminar Comércio e Indústria Ltda. junto ao Registro de Imóveis de São José/SC;https://www.gov.br/pgfn/pt-br/assuntos/divida-ativa-da-uniao/transparencia-fiscal-1/painel-dos-parcelamentos/termos-de-transacao/4a-regiao/TermodeTransacaoIndividualLuminarMontagensEletricasLTDA.pdf;False
0d07779a9087;BR TEXTIL LTDA.;Region 4;2024-03-26;;Transação Individual;;;;;Têxtil;Máquina RAMA, marca Albrecjt, 5 campos, já penhorada nos autos de Execução Fiscal n. 5009378-97.2016.404.7205/SC, avaliada em R$ 1.800.000,00;https://www.gov.br/pgfn/pt-br/assuntos/divida-ativa-da-uniao/transparencia-fiscal-1/painel-dos-parcelamentos/termos-de-transacao/4a-regiao/TermodeTransaoIndividualBRTxtilLTDAtarjado.pdf;False
0d2888607a0b;CATIVA TÊXTIL INDÚSTRIA E COMÉRCIO LTDA, CATIVA BENEFICIAMENTOS TÊXTEIS, FENIXPAR PARTICIPAÇÕES S.A., CATIVA MS TEXTIL LTDA e CONDUTA INDÚSTRIA E COMÉRCIO DE MALHAS LTDA (todas em recuperação judicial);Region 4;2023-06-01;;Transação Individual (com base na capacidade de pagamento/débitos irrecuperáveis);;120;;True;Têxtil;Imóveis de propriedade das devedoras registrados nas matrículas 12.767 e 12.431 perante o CRI de Pomerode/SC;https://www.gov.br/pgfn/pt-br/assuntos/divida-ativa-da-uniao/transparencia-fiscal-1/painel-dos-parcelamentos/termos-de-transacao/4a-regiao/copy_of_TermodeTransaoIndividualCativaTstilIndstriaeComrcioLTDATarjado4regio.pdf;False
0d2995a5256c;"Grupo Escola Viva (ESCOLA VIVA - ENSINO FUNDAMENTAL E MÉDIO LTDA.; ESCOLA VIVA - ARTE EXPRESSÃO E EDUCAÇÃO INFANTIL LTDA.; ATELIER CURSOS LIVRES LTDA.)";Region 3;2022-03-07;;Transação individual (Aditivo ao Termo de Transação Individual - Negócio Jurídico Processual);;;;;Educação;;https://www.gov.br/pgfn/pt-br/assuntos/divida-ativa-da-uniao/transparencia-fiscal-1/painel-dos-parcelamentos/termos-de-transacao/3a-regiao/TermodeTransacaoIndividualEscolaVivaEnsinoFundamentaleMedioLTDAPrimeiroTermoAditivo.pdf;False
0e0510307513;GRUPO GENERAL (General Shopping Brasil Administração e Serviços Ltda e demais empresas do grupo);Region 3;2023-05-30;279555398.88;Transação Individual;42.84;36;0.0;;Shopping centers / Administração de centros de compras e estacionamentos;;https://www.gov.br/pgfn/pt-br/assuntos/divida-ativa-da-uniao/transparencia-fiscal-1/painel-dos-parcelamentos/termos-de-transacao/3a-regiao/TermodeTransaoIndividualGeneralShoppingBrasilAdministraoeServiosLTDAGeneralShoppingeOutletsdoBrasilS.AArdanAdministradoraIncorporadoraLTDAAstAdministradoraeIncorporadoraLTDABudAdmini.pdf;False
0e8ec516355a;VB TRANSPORTES DE CARGAS LTDA (grupo econômico - VB Transportes e demais empresas de transporte listadas);Region 3;Not identified;1931773371.4;Transação Individual;;30;0.0;False;Transporte (rodoviário/urbano de passageiros e cargas);Contratos e recebíveis;https://www.gov.br/pgfn/pt-br/assuntos/divida-ativa-da-uniao/transparencia-fiscal-1/painel-dos-parcelamentos/termos-de-transacao/3a-regiao/SumrioVBTermodeTransaoIndividualVBTransporteseTurismoLTDAAutoViaoBrasilLuxoLTDATransportesCapelliniLTDAViaoCamposdoOurosLTDAViaoTransguarulhenseLTDAConstrutoraBoaNovaLTDAE.pdf;False
0e9b3a704e10;INSTITUTO DE PREVIDÊNCIA SOCIAL DO MUNICÍPIO DE CAMPINAS - CAMPREV;Region 3;2024-08-15;53110196.25;Transação Individual;61.1;120;6.0;;Previdência social (autarquia municipal);;https://www.gov.br/pgfn/pt-br/assuntos/divida-ativa-da-uniao/transparencia-fiscal-1/painel-dos-parcelamentos/termos-de-transacao/3a-regiao/TermodeTransacaoIndividualInstitutodePrevidnciaSocialdoMunicpiodeCampinasCAMPREVTarjado.pdf;False
0eedde0626a8;CLÍNICA DE REPOUSO SANTA LÚCIA LTDA;Region 2;2021-08-19;7794299.57;Transação Individual;;110;;;Saúde/Clínica de repouso;Cessão parcial de precatório (Requisição 20510016437);https://www.gov.br/pgfn/pt-br/assuntos/divida-ativa-da-uniao/transparencia-fiscal-1/painel-dos-parcelamentos/termos-de-transacao/2a-regiao/TermodeTransacaoIndividualRepousaSantaLuciaLTDA.pdf;False
0f087f4d3f72;GRUPO FRINORTE (FRINORTE - ALIMENTOS LTDA, AGROPECUARIA SANTA VITORIA LTDA, FRINORTE FRIGORIFICO NORTE LTDA, MATADOURO FRIGORIFICO MONTE CARMELO LTDA, MARCELIA 3 EMPREENDIMENTOS E PARTICIPACOES S/A, RENATO MAURO MENEZES COSTA);Region 1;2024-06-03;380498443.76;Transação Individual;70.0;1;;;Frigorífico/Agropecuária (alimentos);Imóvel de matrícula nº 7.142 (penhora), Manutenção de gravames decorrentes de arrolamento de bens, medida cautelar fiscal e garantias prestadas administrativamente ou em ações de execução fiscal;https://www.gov.br/pgfn/pt-br/assuntos/divida-ativa-da-uniao/transparencia-fiscal-1/painel-dos-parcelamentos/termos-de-transacao/1a-regiao/TermodeTransaoIndividualFrinorteAlimentosLTDAtarjado.pdf;False
0f091698fb08;INTERACTV SERVICOS LIMITADA;Region 3;Not identified;11810660.28;Transação Individual;56.25;120;;;Entretenimento/mídia (TV/serviços);Fiança do sócio Douglas Alves Pereira, Imóvel de Matrícula 68.780, de propriedade do sócio, Imóvel de Matrícula 68.774, de propriedade do sócio;https://www.gov.br/pgfn/pt-br/assuntos/divida-ativa-da-uniao/transparencia-fiscal-1/painel-dos-parcelamentos/termos-de-transacao/3a-regiao/TermodeTransaoIndividualInteractvServiosLTDA.pdf;False
0f896ab050be;CL&M MEDICINA DO TRABALHO E SAUDE OCUPACIONAL LTDA;Region 3;2024-03-25;11025850.15;Transação Individual;54.18;120;;;Saúde/Medicina do Trabalho;;https://www.gov.br/pgfn/pt-br/assuntos/divida-ativa-da-uniao/transparencia-fiscal-1/painel-dos-parcelamentos/termos-de-transacao/3a-regiao/TermodeTransaoIndividualCLMMedicinadoTrabalhoeSadeOcupacionalLTDATarjado.pdf;False
0fb823fbad8d;SOCIBRA DISTRIBUIDORA LTDA;Region 1;2024-07-02;20336093.79;Transação Individual;65.0;120;;;Distribuição/Comércio;Manutenção dos gravames decorrentes de arrolamento de bens, medida cautelar fiscal e garantias prestadas administrativamente ou em execuções fiscais, Compensação do Precatório expedido nos autos nº 12436-88.2013.4.01.4100;https://www.gov.br/pgfn/pt-br/assuntos/divida-ativa-da-uniao/transparencia-fiscal-1/painel-dos-parcelamentos/termos-de-transacao/1a-regiao/TermodeTransaoIndividualSocibraDistribuidoraLTDATarjado.pdf;False
0fc4fb42898e;MUNICÍPIO DE AUTAZES/AM;Region 1;2024-01-25;88202812.54;Transação Individual com Ente Público (Plano de Regularização Fiscal);65.0;120;;;Administração pública municipal;Dedução de valores devidos dos montantes a serem repassados às cotas no Fundo de Participação de Municípios (FPM) ou aos precatórios federais, nos termos do art. 160, §2º, da Constituição Federal, Manutenção de eventuais gravames prestados administrativamente ou em ações de execução fiscal;https://www.gov.br/pgfn/pt-br/assuntos/divida-ativa-da-uniao/transparencia-fiscal-1/painel-dos-parcelamentos/termos-de-transacao/1a-regiao/TermodeTransaoIndividualMunicpiodeAutazesAMtarjado.pdf;False
101286f9fae5;GRUPO JBR DE COMUNICAÇÃO (J BRASILIA EMPREENDIMENTOS IMOBILIARIOS LTDA, EDITORA JORNAL DE BRASÍLIA LTDA, JORNAL DE BRASÍLIA COMUNICAÇÃO LTDA, IMPERIAL GOLD PARTICIPAÇÕES IMOBILIÁRIAS LTDA, AGÊNCIA DE NOTÍCIAS BRASÍLIA EXPRESS LTDA, CLICABRASILIA NOTÍCIAS DIGITAIS LTDA, HIGHLINE COMUNICACAO LTDA, RENATO MIZUNO MATSUNAGA);Region 1;2023-11-17;45597524.72;Transação Individual;65.0;37;;;Comunicação/Jornalismo (Jornal de Brasília);Imóveis listados (avaliados em R$ 43.200.000,00), Penhora dos imóveis nas execuções fiscais 0048925-85.2016.4.01.3400, 1063231-03.2020.4.01.3400 e 0016335-84.2018.4.01.3400, Manutenção de gravames decorrentes de arrolamento de bens e medida cautelar fiscal, Terreno com faculdade de alienação por iniciativa particular (Cláusula 17);https://www.gov.br/pgfn/pt-br/assuntos/divida-ativa-da-uniao/transparencia-fiscal-1/painel-dos-parcelamentos/termos-de-transacao/1a-regiao/TermoTransaoIndividualGrupoJBrdeComunicaoJornaldeBraslia.pdf;False
106bc38a008b;TEBASA S/A e COTTON INDÚSTRIA E COMÉRCIO TEXTIL LTDA;Region 5;2022-07-12;;Transação individual (aditivo);;142;;;Textil;;https://www.gov.br/pgfn/pt-br/assuntos/divida-ativa-da-uniao/transparencia-fiscal-1/painel-dos-parcelamentos/termos-de-transacao/5a-regiao/TermodetransaoindividualTebasaSAtarja.pdf;False
10769537b098;PROQUITEC INDUSTRIA DE PRODUTOS QUIMICOS E REPRESENTAÇÃO COMERCIAL S/A EM RECUPERACAO JUDICIAL;Region 3;2024-03-05;;Transação individual (recuperação judicial);65.0;84;;True;Indústria química;;https://www.gov.br/pgfn/pt-br/assuntos/divida-ativa-da-uniao/transparencia-fiscal-1/painel-dos-parcelamentos/termos-de-transacao/3a-regiao/TermodeTransaoIndividualProquitectarjado.pdf;False
11041ca6ba03;CONSTRUTORA BETER S/A - FALIDA;Region 3;Not identified;34550404.87;Transação individual;64.22;1;0.0;True;Construção civil;;https://www.gov.br/pgfn/pt-br/assuntos/divida-ativa-da-uniao/transparencia-fiscal-1/painel-dos-parcelamentos/termos-de-transacao/3a-regiao/SumrioConstrutoraBeterSAFalida.pdf;False
1127f26ab0a4;GS2 REALTY LTDA (Em Recuperação Judicial) e outras (GS2 Construtora Ltda, Agropecuária GMR Ltda-ME, Guilherme Sahade, Itapevi Mall Administradora de Shopping Center SPE Ltda);Region 3;2024-04-16;;Transação Individual (no contexto de Recuperação Judicial);;120;;True;Imobiliário/Construção civil;02 (dois) terrenos urbanos localizados no Bairro Santa Rita, Km 40 da Estrada de Ferro Sorocabana (atual Fepasa), Município de Itapevi, SP, área total de 24.298,40 m², de propriedade de Itapevi Mall Administradora de Shopping Center SPE Ltda, Fiança pessoal constituída pelo sócio Guilherme Sahade, limitada ao valor do saldo da transação no caso de rescisão do acordo;https://www.gov.br/pgfn/pt-br/assuntos/divida-ativa-da-uniao/transparencia-fiscal-1/painel-dos-parcelamentos/termos-de-transacao/3a-regiao/TermodeTransaoIndividualGS2RealtyLTDAemrecuperaojudicialtarjado.pdf;False
1173b2aa8528;LIGHTHOUSE-SMS CONSULTORIA E TREINAMENTOS LTDA;Region 2;2024-10-16;35141981.46;Transação individual;62.77;84;;;Consultoria e treinamentos;Bens imóveis registrados no Cartório da Serventia Extrajudicial da Comarca de Carutapera/MA, de propriedade de INVESTNEWS PARTICIPAÇÕES INVESTIMENTOS CONSULTORIA, IMPORTAÇÃO E EXPORTAÇÃO, LOGÍSTICA E TRANSPORTES EIRELI, Contratos de prestação de serviço firmados entre a devedora e PETROBRAS (Petrobras UN-BS 5900.0118837.21.2, Petrobras UN-BZ 5900.0125667.23.2, Petrobras CAPMAN 5900.0126564.24.2);https://www.gov.br/pgfn/pt-br/assuntos/divida-ativa-da-uniao/transparencia-fiscal-1/painel-dos-parcelamentos/termos-de-transacao/2a-regiao/TermodeTransaoIndividualLighthouseSMSConsultoriaeTreinamentosLTDAtarjado.pdf;False
117d856fbe28;IBERKRAFT INDUSTRIA DE PAPEL E CELULOSE LTDA em Recuperação Judicial;Region 4;2022-03-29;10855050.93;Transação Individual;70.0;120;4.0;True;Papel e celulose;Hipoteca sobre imóvel industrial localizado na Fazenda Rio das Cobras, estrada municipal distante 2,6 km da rodovia PR-473, altura do km 41, município de Quedas do Iguaçu/PR, compreendendo prédios, benfeitorias e respectiva gleba de terras (valor de mercado 2021: R$ 17.827.000,00), Manutenção das garantias obtidas judicialmente nas execuções dos débitos transacionados, Suspensão da penhora de faturamento da Execução Fiscal nº 5003690-14.2012.4.04.7006;https://www.gov.br/pgfn/pt-br/assuntos/divida-ativa-da-uniao/transparencia-fiscal-1/painel-dos-parcelamentos/termos-de-transacao/4a-regiao/termo-de-transacao-individual-iberkraft.pdf;False
11b16b12c89d;MATERNIDADE DE CAMPINAS;Region 3;2025-02-07;1545513.97;Transação individual (FGTS - Modalidade 30) no contexto de Recuperação Judicial;29.22;85;;True;Saúde/Assistência social (maternidade);Mantém-se as garantias dos débitos eventualmente existentes até a quitação integral do saldo devedor do Acordo de Transação;https://www.gov.br/pgfn/pt-br/assuntos/divida-ativa-da-uniao/transparencia-fiscal-1/painel-dos-parcelamentos/termos-de-transacao/3a-regiao/TermodeTransaoIndividualMaternidadedeCampinasTarjado.pdf;False
11b958e64947;CLÍNICA ENIO SERRA LTDA;Region 2;2025-06-27;30153188.75;Transação Individual;46.44;120;;;Saúde/Clínica médica;Imóveis localizados na Rua Soares Cabral, nº 34/36, Laranjeiras (Clínica Enio Serra), Rio de Janeiro/RJ, CEP 22.240-070, Matrículas nºs 247-080 e 247-081 do 9º CRI do Rio de Janeiro/RJ;https://www.gov.br/pgfn/pt-br/assuntos/divida-ativa-da-uniao/transparencia-fiscal-1/painel-dos-parcelamentos/termos-de-transacao/2a-regiao/TermodeTransaoIndividualClnicanioSerraLTDA.pdf;False
11e431e654ad;MCP TRANSPORTES RODOVIÁRIOS S/A;Region 4;2022-05-19;;Transação Individual (PERSE);;;;;Transporte rodoviário;;https://www.gov.br/pgfn/pt-br/assuntos/divida-ativa-da-uniao/transparencia-fiscal-1/painel-dos-parcelamentos/termos-de-transacao/4a-regiao/TermodeTransacaoIndividualMCPTransporteRodoviariosSA.pdf;False
11f394437be1;ONDUNORTE CIA DE PAPEIS E PAPELAO ONDULADO DO NORTE / CIPER - CIA DE PAPEIS E EMBALAGENS DO RECIFE / CICP - COMPANHIA INDUSTRIAL DE CELULOSE E PAPEL / ONDUNORTE CAIXA E PAPEL DA PARAIBA SA (Grupo Ondunorte, todas em Recuperação Judicial);Region 5;2024-11-05;;Termo Aditivo à Transação Individual;;;;True;Papel e celulose/embalagens (agroindustrial/industrial);Alienação fiduciária de imóveis (Terras Sergipe) em favor do terceiro-interveniente, preservando 30% em favor da Fazenda Nacional, Penhora sobre imóveis listados para venda (Cláusula 4ª), Precatórios (Processos nº 0020170-02.2007.4.05.8300 e 0011138-79.2007.4.05.8200) aceitos como pagamento antecipado, totalizando R$ 12.025.926,95;https://www.gov.br/pgfn/pt-br/assuntos/divida-ativa-da-uniao/transparencia-fiscal-1/painel-dos-parcelamentos/termos-de-transacao/5a-regiao/TermodeTransaoIndividualOndunorteCiadePapeisePapeloOnduladodoNorteTarjado.pdf;False
11fccd0d8425;USINCAL USINAGEM E CALDEIRARIA EM RECUPERAÇÃO JUDICIAL LTDA.;Region 3;2024-11-19;13673391.7;Transação Individual;47.35;120;0.0;True;Metalurgia/Caldeiraria (usinagem e caldeiraria);;https://www.gov.br/pgfn/pt-br/assuntos/divida-ativa-da-uniao/transparencia-fiscal-1/painel-dos-parcelamentos/termos-de-transacao/3a-regiao/copy_of_TermodeTransaoIndividualUsincalUsinagemeCaldeirariaLTDATarjado.pdf;False
1285182cc0bc;PANTERA ALIMENTOS LTDA EM RECUPERACAO JUDICIAL;Region 3;2024-09-17;12388186.06;Transação individual (recuperação judicial);42.0;60;;True;Alimentos;Mantém-se as garantias dos débitos eventualmente existentes até a quitação integral do saldo devedor do Acordo de Transação;https://www.gov.br/pgfn/pt-br/assuntos/divida-ativa-da-uniao/transparencia-fiscal-1/painel-dos-parcelamentos/termos-de-transacao/3a-regiao/copy_of_TermodeTransaoIndividualPanteraAlimentosLTDATarjado.pdf;False
129d4677fcce;FEBASP ASSOCIAÇÃO CIVIL LTDA (IES);Region 3;2023-12-21;73336000.92;Transação Individual (inclusive modalidade excepcional para Instituições de Ensino Superior - IES, art. 15, §1º, VI da Portaria PGFN nº 6.757/2022);;120;;;Educação (entidade beneficente de assistência social, sem fins lucrativos);Saldo apurado entre 2023 e 2033 oriundo da recompra e/ou resgate de Certificados Financeiros do Tesouro (CFT-E) custodiados pelo FNDE, no montante indicado no Anexo V, referente aos débitos transacionados, Bens imóveis descritos no Anexo VI, avaliados em R$ 164.185.900,00 (agosto/2023), já penhorados nas execuções fiscais nº 0036161-76.2013.403.6182, 0005051-46.2003.4.03.6182, 0054976-74.2004.4.03.6182 e 0021144-16.2005.4.03.6182, oferecidos para os débitos não transacionados (Anexo III);https://www.gov.br/pgfn/pt-br/assuntos/divida-ativa-da-uniao/transparencia-fiscal-1/painel-dos-parcelamentos/termos-de-transacao/3a-regiao/TermodeTransaoIndividualFebaspAssociaoCivilLTDAIESTarjado.pdf;False
12a2b8fc82e3;POLISINTER INDÚSTRIA E COMÉRCIO LTDA.;Region 3;2023-07-24;11094231.8;Transação Individual;63.38;36;0.0;;"Indústria (química/plásticos - ""Indústria e Comércio"")";;https://www.gov.br/pgfn/pt-br/assuntos/divida-ativa-da-uniao/transparencia-fiscal-1/painel-dos-parcelamentos/termos-de-transacao/3a-regiao/copy_of_TermodeTransaoIndividualPolisinterIndstriaeComrcioLTDA.pdf;False
130b33497fbb;UNIÃO BRASILEIRA EDUCACIONAL LTDA;Region 3;2024-10-11;;Transação Individual;;36;;;Educação;Manutenção dos gravames decorrentes de arrolamento de bens, medida cautelar fiscal e garantias prestadas administrativamente ou em ações de execução fiscal ou qualquer outra ação judicial, Manutenção das garantias dos débitos eventualmente existentes até a quitação integral do saldo devedor;https://www.gov.br/pgfn/pt-br/assuntos/divida-ativa-da-uniao/transparencia-fiscal-1/painel-dos-parcelamentos/termos-de-transacao/3a-regiao/TermodeTransaoIndividualUnioBrasileiraEducacionalLTDATarjado.pdf;False
1318cd562010;EDITORA O DIA LTDA. - EM RECUPERAÇÃO JUDICIAL (e demais empresas do grupo econômico: EMPRESA JORNALÍSTICA ECONÔMICO LTDA., AGÊNCIA BRASILEIRA DE CONTEÚDO DIGITAL LTDA., GRAPHOS PARTICIPAÇÕES LTDA., REALTIME CORPORATION PARTICIPAÇÕES LTDA., EDITORA A NOTÍCIA LTDA., O DIA COMERCIAL LTDA., EMPRESA JORNALÍSTICA CAMPEÃO LTDA., ONGOING COMUNICAÇÕES PARTICIPAÇÕES LTDA.);Region 2;2023-09-01;187672663.54;Transação Individual (art. 171 CTN, Lei 13.988/2020, art. 10-C da Lei 10.522/2002, Portaria PGFN 6.757/2022 e Portaria PGFN 2.382/2021);70.0;120;;True;Jornalismo/Editorial (mídia e comunicação);Imóvel situado na Avenida Dom Helder Câmara, nº 160, Manguinhos, Rio de Janeiro-RJ, representado pela matrícula do 1º Registro Geral de Imóveis da Comarca da Capital do Estado do Rio de Janeiro (item 4.1), Manutenção das penhoras realizadas nos autos da execução fiscal nº 0023581-79.2017.4.02.5101 (item 4.1.1);https://www.gov.br/pgfn/pt-br/assuntos/divida-ativa-da-uniao/transparencia-fiscal-1/painel-dos-parcelamentos/termos-de-transacao/2a-regiao/TermodeTransaoIndividualEditoraODiaLTDATarjado.pdf;False
1340917fcf90;GC Empreendimentos Imobiliários S.A, Tenório Empreendimentos Imobiliários S.A, Tenório Incorporações e Empreendimentos S.A, C.P.P. – Comércio e Empreendimentos S.A., Delta Participações & Empreendimentos Ltda, DTT Construções S.A., Concretta Empreendimentos Imobiliários S.A., Concretta Boulevard Desenvolvimento Imobiliário Ltda, Concretta Luxemburgo Desenvolvimento Imobiliários Ltda, Concretta Monet Desenvolvimento Imobiliário Ltda (grupo econômico Tenório/Valença) - todas EM RECUPERAÇÃO JUDICIAL, exceto Concretta Monet;Region 5;2024-03-14;;Transação Individual - Plano de Regularização Fiscal (empresas em recuperação judicial);70.0;120;4.0;True;Incorporação e empreendimentos imobiliários;Penhoras já existentes em execuções fiscais, Indisponibilidades oriundas da ação cautelar nº 0015238-92.2012.4.05.8300, Bens imóveis listados no Anexo I (com autorização de alienação/levantamento para venda com direcionamento do preço ao pagamento das prestações);https://www.gov.br/pgfn/pt-br/assuntos/divida-ativa-da-uniao/transparencia-fiscal-1/painel-dos-parcelamentos/termos-de-transacao/5a-regiao/TermodeTransaoIndividualTenrioEmpreendimentosImobiliriosSAemrecuperaojudicialtarjado.pdf;False
13a91a2e9c5e;"SUPERGESSO S.A. INDÚSTRIA E COMÉRCIO; MINERADORA RANCHARIA LTDA; INDÚSTRIA DE GESSOS ESPECIAIS LTDA";Region 5;2025-01-24;;Transação Individual;65.0;120;;;Mineração/Indústria de gesso;Bem imóvel matrícula nº 4163 do RGI de Araripina, Imóveis oferecidos à penhora nas Execuções Fiscais (glebas de terra - Sítio dos Patos matrícula 6.932, Sítio Catolé matrícula 10.602, Sítio Chapada Cascavel Fazenda Santa Cruz matrícula 6.266, Fazenda Rancharia matrícula 4.377, unidade fabril Supergesso matrícula 4.163, matrícula 1502, matrícula 3234, matrícula 7231), Resultado líquido de empreendimento imobiliário (loteamento urbano e centro comercial) no imóvel de matrícula nº 1.502, Direitos minerários (processos de concessão de lavra/direitos minerários junto à ANM);https://www.gov.br/pgfn/pt-br/assuntos/divida-ativa-da-uniao/transparencia-fiscal-1/painel-dos-parcelamentos/termos-de-transacao/5a-regiao/TermodeTransaoIndividualSupergessoS.A.IndstriaeComrcioMineradoraRanchariaLTDAIndstriadeGessosEspeciaisLTDA.pdf;False
13e39a2baea2;ARFRIO S/A ARMAZÉNS GERAIS FRIGORÍFICOS;Region 3;2024-04-24;;Transação Individual (modalidades DEMAIS e PREV);65.0;120;;;Agronegócio/Frigorífico (armazéns gerais frigoríficos);Imóvel descrito no Anexo IV, já penhorado na execução fiscal nº 0014011-85.2015.403.6114;https://www.gov.br/pgfn/pt-br/assuntos/divida-ativa-da-uniao/transparencia-fiscal-1/painel-dos-parcelamentos/termos-de-transacao/3a-regiao/TermodeTransacaoIndividualArfiroSAArmaznsGeraisFrigorficostarjado.pdf;False
14239f11d0b9;RIBEIRO ENGENHARIA LTDA.;Region 2;2021-12-10;25133051.57;Transação individual;70.0;145;;;Construção civil/engenharia;Área de terras de 30.000 m2, Fazenda Icaraís e Jaboticaba, Palmeiras, Guarapari/ES, Oito caminhões Mercedes Benz, Crédito de Precatório em face do Município de Mage/RJ (processo nº 0001079-30.1997.8.19.0029), Lotes de terrenos no Loteamento Jardim Serra Verde, Serra/ES, Fiança dos GARANTIDORES (garantia fidejussória);https://www.gov.br/pgfn/pt-br/assuntos/divida-ativa-da-uniao/transparencia-fiscal-1/painel-dos-parcelamentos/termos-de-transacao/2a-regiao/TermodeTransaoIndividualRibeiroEngenhariaLTDAtarjado.pdf;False
142f1e171e54;AVOA TRANSPORTES LTDA / AUTO VIAÇÃO OURINHOS ASSIS LTDA;Region 3;Not identified;23744982.54;Transação Individual;45.75;120;4.0;True;Transporte (rodoviário);"2 bens imóveis: matrícula nº 8.034 (CRI de Cândido Mota/SP), de propriedade de AUTO DE VIAÇÃO OURINHOS ASSIS LTDA, avaliado em R$ 1.660.635,00; e matrícula nº 24.254 (CRI de Paraguaçu Paulista), de propriedade de AVOA TRANSPORTES LTDA, avaliado em R$ 2.980.028,00";https://www.gov.br/pgfn/pt-br/assuntos/divida-ativa-da-uniao/transparencia-fiscal-1/painel-dos-parcelamentos/termos-de-transacao/3a-regiao/SumrioAvoaTransportes.pdf;False
1445fd4bc67a;MEDICOUROS COMERCIO DE COUROS LTDA;Region 1;2024-06-06;17240766.53;Transação Individual;;;;;Couros/Curtumes;Hipoteca ou penhora de bens (ANEXO II - valores não especificados/zerados no documento);https://www.gov.br/pgfn/pt-br/assuntos/divida-ativa-da-uniao/transparencia-fiscal-1/painel-dos-parcelamentos/termos-de-transacao/1a-regiao/TermoTransacaoIndividualMedicourosComrciodeCourosLTDAtarjado.pdf;False
14b2c9f063a4;PIRACICABA AMBIENTAL SOCIEDADE ANÔNIMA;Region 3;2024-06-20;132261008.73;Transação Individual;47.72;48;;;Saneamento/Gestão Ambiental;;https://www.gov.br/pgfn/pt-br/assuntos/divida-ativa-da-uniao/transparencia-fiscal-1/painel-dos-parcelamentos/termos-de-transacao/3a-regiao/copy_of_TermodeTransaoIndividualPiracicabaAmbientalSociedadeAnnimatarjado.pdf;False
14f327dfaa5a;Baldan Implementos Agrícolas S/A;Region 3;2022-10-24;310315332.12;Transação Individual;58.64;108;;;Agronegócio (fabricação de implementos agrícolas);"Seguro-garantia – Apólice 0619020228903077750032944 – R$ 219.995.836,49, Bens imóveis (matrículas 741, 960, 4834, 41042 do CRI de Matão; 16650, 99073 do 5º CRI de São Paulo) – R$ 79.276.800,00, Bens móveis (máquinas do pátio industrial - Anexo IV) – R$ 24.984.093,30";https://www.gov.br/pgfn/pt-br/assuntos/divida-ativa-da-uniao/transparencia-fiscal-1/painel-dos-parcelamentos/termos-de-transacao/3a-regiao/TermodeTransaoIndividualBaldanImplementosAgriocolasSA2022PRFN3InformaesSigilosasSuprimidas.pdf;False
14f51d26c07d;VALE NORTE CONSTRUTORA LTDA.;Region 5;2022-04-28;52047408.09;Transação Individual;50.0;84;;True;Construção civil;;https://www.gov.br/pgfn/pt-br/assuntos/divida-ativa-da-uniao/transparencia-fiscal-1/painel-dos-parcelamentos/termos-de-transacao/5a-regiao/copy_of_TermodeTransaoIndividualValeNorteConstrutoraLTDAtarjado.pdf;False
14f796b622a5;CENTRAL COMERCIAL E IMPORTADORA LTDA e Espólio de Ibrahim Ahmad Assaf e outros (grupo familiar Assaf);Region 3;2022-08-17;;Transação Individual;70.0;145;;;Comércio/Importação;"Hipoteca sobre imóvel Matrícula nº 972 do RGI da Praia Grande (""Carrefour""), Hipoteca sobre Matrículas nº 92.007, 92.008 e 92.009 do RGI de São Vicente (""Rodoviária""), Hipoteca sobre Matrícula nº 115954 do RGI de São Vicente (Loja de São Vicente), Hipoteca sobre Matrícula nº 78.399 do 2º RGI de Santos (apto.11), Hipoteca sobre Matrícula 78.400 (apto.21), Hipoteca sobre Matrícula nº 78.402 do 2º RGI de Santos (apto.41), Hipoteca sobre Matrícula nº 78.404 do 2º RGI de Santos (apto.61), Depósito judicial vinculado ao Processo nº 0053968-42.2012.4.01.3400, valor atualizado de R$ 5.793.649,11";https://www.gov.br/pgfn/pt-br/assuntos/divida-ativa-da-uniao/transparencia-fiscal-1/painel-dos-parcelamentos/termos-de-transacao/3a-regiao/TermodeTransaoIndividualCentralComercialeImportadoraLTDAEspliodeIbrahimAhmadAssafMohamadAssafOhmarAhmadAssafAliAhmadAssaf.pdf;False
15631b485456;MONTE MOR INDUSTRIA E COMERCIO DE ELASTOMEROS LTDA EM RECUPERACAO JUDICIAL, nova denominação FRIEDBERG DO BRASIL INDUSTRIA E COMERCIO LIMITADA EM RECUPERAÇÃO JUDICIAL;Region 3;2023-11-27;68222587.2;Transação Individual;70.0;120;;True;Industrial (elastômeros/borracha);;https://www.gov.br/pgfn/pt-br/assuntos/divida-ativa-da-uniao/transparencia-fiscal-1/painel-dos-parcelamentos/termos-de-transacao/3a-regiao/TermodeTransaoIndividualMonteMorIndstriaeComrciodeElastomerosLTDATarjado.pdf;False
15c07c7de498;METODO ENGENHARIA LTDA - EM RECUPERACAO JUDICIAL / METODO ADMINISTRACAO E PARTICIPACOES LTDA - EM RECUPERACAO JUDICIAL;Region 3;2025-03-27;;Transação Individual (art. 171 CTN, Lei 13.988/2020, Portaria PGFN 6.757/2022);65.0;84;;True;Engenharia/Construção;Manutenção das garantias dos débitos eventualmente existentes até a quitação integral do saldo devedor;https://www.gov.br/pgfn/pt-br/assuntos/divida-ativa-da-uniao/transparencia-fiscal-1/painel-dos-parcelamentos/termos-de-transacao/3a-regiao/TermodeTransaoIndividualMetodoEngenhariaLTDATarjado.pdf;False
15dc00a0e1a2;IBBA INDUSTRIA BRASILEIRA DE BOMBAS AUTOMOTIVAS SA;Region 3;2024-03-19;;Transação Individual;50.0;60;6.0;True;Indústria (bombas automotivas);Mantidas as garantias já existentes até a assinatura deste acordo (não há garantias adicionais);https://www.gov.br/pgfn/pt-br/assuntos/divida-ativa-da-uniao/transparencia-fiscal-1/painel-dos-parcelamentos/termos-de-transacao/3a-regiao/TermodeTransaoIndividualIbbaIndstriaBrasileiradeBombasAutomotivasSAtarjado.pdf;False
165854c3a677;INDUSTRIA DE ESPUMAS GUARARAPES LTDA EM RECUPERAÇÃO JUDICIAL;Region 5;2025-05-12;13275101.32;Transação Individual (Portaria PGFN nº 6.757/2022, com termos da Portaria PGFN nº 2.382/2020 por estar em recuperação judicial);70.0;96;;True;Indústria (espumas);Manutenção das garantias já existentes (judiciais/administrativas);https://www.gov.br/pgfn/pt-br/assuntos/divida-ativa-da-uniao/transparencia-fiscal-1/painel-dos-parcelamentos/termos-de-transacao/5a-regiao/TermodeTransaoIndividualIndstriadeEspumasGuararapesLTDATarjado.pdf;False
167c4c4c11af;CRP INDÚSTRIA DE BEBIDAS LTDA.;Region 5;2023-04-11;;Transação Individual;;120;;;Bebidas;;https://www.gov.br/pgfn/pt-br/assuntos/divida-ativa-da-uniao/transparencia-fiscal-1/painel-dos-parcelamentos/termos-de-transacao/5a-regiao/TermodeTransaoIndividualCRPIndstriadebebidasLTDAassinadotarja.pdf;False
16887e0f3ce4;Not identified;Region 3;Not identified;;Not identified;;;;;Not identified;;https://www.gov.br/pgfn/pt-br/assuntos/divida-ativa-da-uniao/transparencia-fiscal-1/painel-dos-parcelamentos/termos-de-transacao/3a-regiao/ANEXOV.pdf;False
16ae05545060;METALÚRGICA RIOSULENSE S/A;Region 4;2021-02-03;134779444.18;Transação Individual - Plano de Pagamento Parcelado do Débito Fiscal, com desconto;34.65;83;;;Metalurgia/Indústria;Imóveis matriculados sob os números 438, 2.829, 2.970, 3.136, 5.466, 4.057, 5.554, 5.776, 5.866, 6.365, 6.538, 11.514, 12.362, 12.363, 12.364, 12.365, 12.366, 12.367, 12.371, 12.373, 12.374, 12.375, 12.376, 12.377, 12.378, 12.379, 12.380, 12.381, 12.382, 17.222, 19.808, 20.113, 20.162, 20.525, 20.876, 21.349, 24.722, 24.724, 24.725, 24.726, 24.727, 24.728, 24.730, 25.725, 27.481, 29.177, 31.867, 32.530, 36.883, 41.278, 52.668, 52.672 e 56.536, no Cartório de Registro de Imóveis de Rio do Sul/SC (garantem parcialmente o débito);https://www.gov.br/pgfn/pt-br/assuntos/divida-ativa-da-uniao/transparencia-fiscal-1/painel-dos-parcelamentos/termos-de-transacao/4a-regiao/termo-de-transacao-individual-rio-sulense.pdf;False
16c3a05014b0;JETLOG SERVIÇOS LTDA;Region 5;2020-09-23;61753226.05;Transação Individual - Plano de Recuperação Fiscal;50.0;84;;False;Logística;;https://www.gov.br/pgfn/pt-br/assuntos/divida-ativa-da-uniao/transparencia-fiscal-1/painel-dos-parcelamentos/termos-de-transacao/5a-regiao/termo-de-transacao-individual-jetlog;False
16eb45b333fb;AZUL LINHAS AEREAS BRASILEIRAS S A;Region 3;Not identified;;Not identified;;;;;Aviação/Transporte aéreo;;https://www.gov.br/pgfn/pt-br/assuntos/divida-ativa-da-uniao/transparencia-fiscal-1/painel-dos-parcelamentos/termos-de-transacao/3a-regiao/ANEXOVI.pdf;False
172f074cb7ba;B.M.G. AÇO INOXIDAVEL LTDA;Region 3;2024-08-16;10744162.33;Transação Individual;55.61;114;;;Metalurgia/Aço inoxidável;;https://www.gov.br/pgfn/pt-br/assuntos/divida-ativa-da-uniao/transparencia-fiscal-1/painel-dos-parcelamentos/termos-de-transacao/3a-regiao/copy_of_TermodeTransaoIndividualBMGAoInoxidvelLTDATarjado.pdf;False
17495cba596d;CONCESSIONÁRIA SMPAR S.A. - EM RECUPERAÇÃO JUDICIAL;Region 3;2023-08-02;11275716.32;Transação Individual (recuperação judicial);65.0;9;;True;Not identified;;https://www.gov.br/pgfn/pt-br/assuntos/divida-ativa-da-uniao/transparencia-fiscal-1/painel-dos-parcelamentos/termos-de-transacao/3a-regiao/TermodeTransaoIndividualConcessionriaSmparS.A..pdf;False
179dfd46604b;Grupo GALOIS (MARQUES & PRIETO LTDA-ME e demais pessoas físicas/jurídicas vinculadas);Region 1;2020-12-28;;Transação Individual;70.0;114;;;Educação;"Direitos sobre as marcas ""GALOIS"", ""GALOIS INFANTIL"" e ""LE PETIT GALOIS"" (registro INPI), de propriedade de INSTITUTO DE APRENDIZAGEM NOSSA SENHORA DAS GRAÇAS LTDA ME, mediante Instrumento Particular de Penhor de Direitos";https://www.gov.br/pgfn/pt-br/assuntos/divida-ativa-da-uniao/transparencia-fiscal-1/painel-dos-parcelamentos/termos-de-transacao/1a-regiao/termo-de-transacao-individual-grupo-galois.pdf;False
17d1e791b968;MASSA FALIDA DE ATLANTIC VENEER S/A e MASSA FALIDA DE MATO GROSSO MADEIREIRA;Region 2;2022-04-29;;Transação Individual;50.0;1;;False;Madeireiro/Industrial;;https://www.gov.br/pgfn/pt-br/assuntos/divida-ativa-da-uniao/transparencia-fiscal-1/painel-dos-parcelamentos/termos-de-transacao/2a-regiao/TermodeTransacaoIndividualMassaFalidadeAtlanticVennerPrimeiroTermoAditivoSegundoTermoAditivo.pdf;False
17d52eef0144;Not identified;Region 3;Not identified;;Not identified;;;;;Transporte coletivo urbano (ônibus);;https://www.gov.br/pgfn/pt-br/assuntos/divida-ativa-da-uniao/transparencia-fiscal-1/painel-dos-parcelamentos/termos-de-transacao/3a-regiao/termo-de-transacao-individual-grupo-ruas_anexo-1.pdf;False
17ed0ad7c469;GRUPO MKJ/MR GLOBAL (MKJ Importação & Comércio Ltda - Em Recuperação Judicial e outras empresas do grupo);Region 4;2024-06-27;172583756.53;Transação Individual;65.0;120;;True;Importação e comércio;Imóveis descritos nos Anexos XIII a XVIII, objeto de penhora nas execuções fiscais, Manutenção de indisponibilidades/penhoras/bloqueios já existentes, Penhora sobre recursos financeiros relativos a cotas sociais indisponibilizadas (juros sobre capital próprio, distribuição de lucros e dividendos, rateios de sobras e empréstimos);https://www.gov.br/pgfn/pt-br/assuntos/divida-ativa-da-uniao/transparencia-fiscal-1/painel-dos-parcelamentos/termos-de-transacao/4a-regiao/TermodeTransaoIndividualMKJImportaoeComrcioLTDATarjado.pdf;False
180d56776532;S.A. FÁBRICA DE PAPELÃO TIMBÓ;Region 4;Not identified;39814898.05;Transação Individual;65.0;120;;;Papel e celulose/embalagens;Manutenção das garantias associadas aos débitos já existentes, Penhora de bens na Execução Fiscal nº 5010289-41.2018.4.04.7205;https://www.gov.br/pgfn/pt-br/assuntos/divida-ativa-da-uniao/transparencia-fiscal-1/painel-dos-parcelamentos/termos-de-transacao/4a-regiao/TermodeTransaoIndividualSAFbricadePapeloTimb.pdf;False
18132b0aa750;EPLAN ENGENHARIA, PLANEJAMENTO E ELETRICIDADE LTDA. EM RECUPERACAO JUDICIAL;Region 1;2023-10-24;;Transação Individual Tributária (FGTS) - Plano de Regularização Fiscal;;;;True;Engenharia/Construção e eletricidade;Imóveis 'QUINTA DOS SONHOS' Chácara 1 e Chácara 2, matrículas 59.269 e 59.268, Abadia de Goiás/GO, de propriedade de Marcos Alberto Luiz de Campos e sua esposa Lusia Tomaza Bernardo de Campos;https://www.gov.br/pgfn/pt-br/assuntos/divida-ativa-da-uniao/transparencia-fiscal-1/painel-dos-parcelamentos/termos-de-transacao/1a-regiao/TermodeTransaoIndividualEplanEngenhariaPlanejamentoeEletricidadeLTDATarjado.pdf;False
1839b8245152;RAÍZES INDÚSTRIA E COMÉRCIO DE EMBALAGENS E SERVIÇOS I;Region 2;2025-02-21;20361220.52;Transação individual;;37;;;Embalagens/Indústria;Manutenção das garantias associadas aos débitos transacionados, incluindo bens objeto de constrição em Execuções Fiscais em trâmite na data da assinatura;https://www.gov.br/pgfn/pt-br/assuntos/divida-ativa-da-uniao/transparencia-fiscal-1/painel-dos-parcelamentos/termos-de-transacao/2a-regiao/TermodeTransaoIndividualRazesIndstriaeComrciodeEmbalagenseServiosTarjado.pdf;False
188b7e6362c2;COVOLAN INDÚSTRIA TÊXTIL LTDA (CNPJ 56.724.412/0012-81);Region 3;Not identified;123046641.04;Transação individual;51.06;84;0.0;True;Têxtil;Manutenção de eventuais garantias eventualmente existentes nos processos em curso;https://www.gov.br/pgfn/pt-br/assuntos/divida-ativa-da-uniao/transparencia-fiscal-1/painel-dos-parcelamentos/termos-de-transacao/3a-regiao/SumrioCovolanIndstriaTxtil.pdf;False
1890f4e20b48;COTRAMOL - COOPERATIVA DOS TRANSPORTADORES DE CARGA DO MEIO OESTE CATARINENSE;Region 4;Not identified;52417034.87;Transação Individual;43.32;145;0.0;False;Transporte de cargas;Imóveis (matrículas nº. 11.172, nº. 22.497 e nº. 24.491 do CRI do 1º Ofício de Imóveis da Comarca de Joaçaba/SC), Mantém eventuais garantias existentes;https://www.gov.br/pgfn/pt-br/assuntos/divida-ativa-da-uniao/transparencia-fiscal-1/painel-dos-parcelamentos/termos-de-transacao/4a-regiao/SumrioCotramolCooperativadosTransportadoresdeCargadoMeioOesteCatarinense.pdf;False
1897e59e0a40;SANTA CASA DE CARIDADE DE BAGÉ;Region 4;2023-10-04;;Transação Individual;41.0;145;;;Saúde/Hospitalar (entidade filantrópica - Santa Casa);Imóveis (matrículas indicadas, avaliados em R$ 50.662.000,00 conforme Cláusula 10ª), Penhoras existentes em execuções fiscais mantidas;https://www.gov.br/pgfn/pt-br/assuntos/divida-ativa-da-uniao/transparencia-fiscal-1/painel-dos-parcelamentos/termos-de-transacao/4a-regiao/TermodeTransacaoIndividualSantaCasadeCaridadedeBage.pdf;False
18e1b1b11413;PETROGAS SERVICOS TECNICOS LTDA;Region 5;2023-02-13;1288178.63;Transação Individual;65.0;120;;;Serviços técnicos (petróleo/gás);;https://www.gov.br/pgfn/pt-br/assuntos/divida-ativa-da-uniao/transparencia-fiscal-1/painel-dos-parcelamentos/termos-de-transacao/5a-regiao/TermodeTransaoIndividualPetrogsServiosTcnicosLTDA.pdf;False
18ff246e6dee;FUNDACAO DE ASSISTENCIA SOCIAL DE ANAPOLIS (FASA);Region 1;Not identified;10744693.87;Termo Aditivo de Transação Tributária Individual;;60;;;Assistência Social;;https://www.gov.br/pgfn/pt-br/assuntos/divida-ativa-da-uniao/transparencia-fiscal-1/painel-dos-parcelamentos/termos-de-transacao/1a-regiao/TermodeTransaoIndividualFundaodeAssistnciaSocialdeAnpolisTarjado.pdf;False
19555306e780;PIERGO INDÚSTRIA E COMÉRCIO DE AÇO;Region 4;2023-03-27;64412910.17;Transação Individual;;120;;True;Indústria e comércio de aço/metalurgia;;https://www.gov.br/pgfn/pt-br/assuntos/divida-ativa-da-uniao/transparencia-fiscal-1/painel-dos-parcelamentos/termos-de-transacao/4a-regiao/TermodeTransacaoIndividualPiergoIndustriaeComerciodeAco.pdf;False
1978dda7faa8;Centro de Neurologia e Cardiologia do São Francisco Ltda.;Region 5;2024-10-14;;Transação Individual - Plano de Regularização Fiscal;65.0;120;;;Saúde (serviços médicos - neurologia e cardiologia);1º Registro de Imóveis de Petrolina. Imóvel matrícula n. 12.290. Valor na escritura pública de R$ 923.230,00, 1º Registro de Imóveis de Petrolina. Imóvel matrícula n. 13.502. Valor na escritura pública de R$ 480.000,00;https://www.gov.br/pgfn/pt-br/assuntos/divida-ativa-da-uniao/transparencia-fiscal-1/painel-dos-parcelamentos/termos-de-transacao/5a-regiao/TermodeTransaoIndividualCentrodeNeurologiaeCardiologiadoSoFranciscoLTDATarjado.pdf;False
1a17543f19ae;"MADETEX COMÉRCIO E INDÚSTRIA LTDA EM RECUPERAÇÃO JUDICIAL; SOFÁ DESIGN LTDA EM RECUPERAÇÃO JUDICIAL; ORNAMENTO MÓVEIS LTDA EM RECUPERAÇÃO JUDICIAL; TENDÊNCIA INTERIORES COMÉRCIO DE MÓVEIS EIRELI EM RECUPERAÇÃO JUDICIAL";Region 5;2025-06-12;;Transação Individual - Empresa(s) em processo de recuperação judicial;;120;;True;Móveis/comércio e indústria de móveis;Veículos declarados pelas requerentes (JEEP/COMPASS LONG TF 2022, VW/5.150 DRC 4X2 2015, YAMAHA/YBR125 FACTOR K1 2014, INTERNATIONAL/NEOBUSTH 2013, JEEP/COMMANDER OVR T270 2022, JEEP/RENEGADE LNGTD AT D 2021, VW/15.180 CNM 2010, M.BENZ/L 1620 2009), Manutenção automática de gravames decorrentes de arrolamento de bens, medida cautelar fiscal, penhoras ou garantias prestadas administrativamente;https://www.gov.br/pgfn/pt-br/assuntos/divida-ativa-da-uniao/transparencia-fiscal-1/painel-dos-parcelamentos/termos-de-transacao/5a-regiao/TermodeTransaoIndividualMadetexComrcioeIndstriaLTDASofDesignLTDAOrnamentoMveisLTDATendnciaInterioresComrciodeMveisEireli.pdf;False
1a1bc40f872b;Eletro Plastic Ltda em Recuperação Judicial;Region 3;2024-10-29;;Transação Individual (modalidades DEMAIS e PREV);;108;6.0;True;Not identified;Bens e direitos listados no Anexo III, Imóvel (com anuência da PGFN para alienação, condicionada à destinação do valor à amortização), Maquinário (podendo ser substituído por outros equipamentos, preservado o valor da garantia);https://www.gov.br/pgfn/pt-br/assuntos/divida-ativa-da-uniao/transparencia-fiscal-1/painel-dos-parcelamentos/termos-de-transacao/3a-regiao/TermodeTransaoIndividualEletroPlasticLTDATarjado.pdf;False
1a2f402c2e0a;Not identified;Region 4;Not identified;11675006.18;"0077 - TRANSACAO INDIVIDUAL (DEPENDE DE PREVIA APROVACAO DO PDA DA REGIAO); Modalidades: 0166 - DEMAIS DEBITOS -PJ- DEMAIS- ATE 120 MESES - ENT- REDUCAO DE ATE 65% - 3/3-F e 0183 - DEBITOS PREVIDENCIARIOS - PJ- DEMAIS- ATE 60 MESES - ENTRADA -REDUCAO DE ATE 65%- 3/3-F";40.72;120;;;Not identified;;https://www.gov.br/pgfn/pt-br/assuntos/divida-ativa-da-uniao/transparencia-fiscal-1/painel-dos-parcelamentos/termos-de-transacao/4a-regiao/AnexoIVTecnotokIndstriadeMquinasLTDA.pdf;False
1a6279358275;CUCAÚ AÇÚCAR E ETANOL S/A e outras (grupo econômico: UTINGA AÇÚCAR E ETANOL S/A, COMPANHIA GERAL DE MELHORAMENTOS EM PERNAMBUCO, KELBE PARTICIPAÇÕES LTDA, DESTILARIA GAMELEIRA S/A, EDITORA FOLHA DE PERNAMBUCO LTDA) - em recuperação judicial;Region 5;2024-09-13;;Transação individual - Termo de Revisão (Substituição de Garantia);;;;True;Agronegócio (açúcar e etanol);Imóveis rurais de terceiros (intervenientes-anuentes), avaliados conjuntamente em R$ 45.300.000,00, dados em hipoteca em favor da União, Hipoteca a ser constituída no prazo de 30 dias sobre os novos imóveis rurais, Crédito decorrente do cumprimento de sentença em trâmite na 9ª Vara Cível da Seção Judiciária do Distrito Federal (processo nº 1073912-27.2023.4.01.3400), vinculado como garantia via STEP-UP VII FUNDO DE INVESTIMENTO EM DIREITOS CREDITÓRIOS NÃO-PADRONIZADOS;https://www.gov.br/pgfn/pt-br/assuntos/divida-ativa-da-uniao/transparencia-fiscal-1/painel-dos-parcelamentos/termos-de-transacao/5a-regiao/TermodeTransaoIndividualCacaAcareEtanolSATarjado.pdf;False
1a7591342bbc;KAINOS TELEATENDIMENTO LTDA EPP;Region 3;2023-10-02;23358059.73;Transação individual;;36;;;Teleatendimento;Mantidas as garantias já existentes até a assinatura deste acordo;https://www.gov.br/pgfn/pt-br/assuntos/divida-ativa-da-uniao/transparencia-fiscal-1/painel-dos-parcelamentos/termos-de-transacao/3a-regiao/TermodeTransaoIndividualKainosTeleatendimentoLTDA.pdf;False
1a853de7ade9;Tenório Empreendimentos Imobiliários S.A e outras empresas do grupo (Tenório Incorporações e Empreendimentos S.A, GC Empreendimentos Imobiliários S.A, Delta Participações & Empreendimentos Ltda, DTT Construções S.A., Concretta Boulevard Desenvolvimento Imobiliário Ltda, Concretta Empreendimentos Imobiliários S.A., Concretta Monet Desenvolvimento Imobiliário Ltda, C.P.P. Comércio e Empreendimentos S.A., Concretta Luxemburgo Desenvolvimento Imobiliário Ltda);Region 5;2025-03-28;;Transação Individual (Aditivo);;;;True;Imobiliário/Construção Civil;Bens imóveis (Anexo I): Edifício Praia de Gameleira - apto 301 (Matrícula 126.234), Edifício Praia de Gameleira - apto 201 (Matrícula 126.226), Edifício Praia de Gameleira - apto 203 (Matrícula 126.228), Edifício Praia de Geremias - apto 21101 (Matrícula 78.174);https://www.gov.br/pgfn/pt-br/assuntos/divida-ativa-da-uniao/transparencia-fiscal-1/painel-dos-parcelamentos/termos-de-transacao/5a-regiao/TermodeTransaoIndividualTenrioEmpreendimentosImobiliriosSATarjado.pdf;False
1ab8f30f000d;FANAVID FÁBRICA NACIONAL DE VIDROS DE SEGURANÇA LTDA / MACLEVI ADMINISTRAÇÃO E PARTICIPAÇÕES LTDA;Region 3;2023-11-29;;Transação individual;;108;;;Indústria de vidros (vidros de segurança);Manutenção automática dos gravames decorrentes de arrolamento de bens, medida cautelar fiscal e garantias prestadas administrativamente ou em execuções fiscais, Bens imóveis de propriedade da Proponente MACLEVI (matrículas parcialmente tarjadas), Bens imóveis de propriedade da Proponente FANAVID (detalhes tarjados), Bens imóveis de propriedade do sócio interveniente-anuente José Mansur Farhat (detalhes tarjados), Direitos e ações: quotas da empresa Fanavid Nacional de Vidros de Segurança (detalhes tarjados);https://www.gov.br/pgfn/pt-br/assuntos/divida-ativa-da-uniao/transparencia-fiscal-1/painel-dos-parcelamentos/termos-de-transacao/3a-regiao/TermodeTransacaoIndividualFanavidFbricaNacionaldeVidrosdeSeguranaLTDAtarjado.pdf;False
1ad3f1814688;MASIPACK INDÚSTRIA E COMÉRCIO DE MÁQUINAS AUTOMÁTICAS S/A (CNPJ 58.071.614/0001-44) E FABRIMA MÁQUINAS AUTOMÁTICAS LTDA (CNPJ 43.222.439/0001-71);Region 3;Not identified;320972792.68;Transação individual;47.79;48;0.0;True;Not identified;Manutenção de eventuais garantias eventualmente existentes nos processos em curso;https://www.gov.br/pgfn/pt-br/assuntos/divida-ativa-da-uniao/transparencia-fiscal-1/painel-dos-parcelamentos/termos-de-transacao/3a-regiao/SumrioFabrimaMquinasAutomticas.pdf;False
1aed21db90d6;INFINITI TECNOLOGIA EM FUNDIÇÃO LTDA;Region 3;2023-02-02;234192210.07;Transação Individual;65.0;36;0.334;;Metalurgia/Fundição;;https://www.gov.br/pgfn/pt-br/assuntos/divida-ativa-da-uniao/transparencia-fiscal-1/painel-dos-parcelamentos/termos-de-transacao/3a-regiao/TermodeTransaoIndividualInfinitiTecnologiaemFundioLTDA.pdf;False
1afc3da96964;DAROM MÓVEIS LTDA em recuperação judicial;Region 4;2023-02-24;340611881.98;Transação Individual;;;;True;Moveleiro;Imóvel registrado na matrícula 36.465 perante o 2º CRI de Arapongas/PR, Imóvel registrado na matrícula 36.466 perante o 2º CRI de Arapongas/PR;https://www.gov.br/pgfn/pt-br/assuntos/divida-ativa-da-uniao/transparencia-fiscal-1/painel-dos-parcelamentos/termos-de-transacao/4a-regiao/TermodeTransaoIndividualDaromMveisLTDATarjado4regio.pdf;False
1afd727f25db;COMPANHIA NACIONAL DE BEBIDAS NOBRES EM RECUPERAÇÃO JUDICIAL;Region 3;2024-06-10;;Transação Individual (Primeiro Aditivo);;13;;True;Bebidas;Penhora de imóveis (Anexo IV), Cessão de créditos de precatórios (Anexo VI), Averbação de garantia da marca 'Belco' no INPI;https://www.gov.br/pgfn/pt-br/assuntos/divida-ativa-da-uniao/transparencia-fiscal-1/painel-dos-parcelamentos/termos-de-transacao/3a-regiao/PrimeiroTermoAditivoCompanhiaNacionaldeBebidasNobresemrecuperaojudicialtarjado.pdf;False
1b1a84235139;SET PORT LOGISTICA LTDA;Region 3;2025-04-03;22639442.27;Transação Individual;38.56;120;;;Logística/Transporte;Manutenção automática dos gravames decorrentes de arrolamento de bens, medida cautelar fiscal e garantias prestadas administrativamente ou em execução fiscal;https://www.gov.br/pgfn/pt-br/assuntos/divida-ativa-da-uniao/transparencia-fiscal-1/painel-dos-parcelamentos/termos-de-transacao/3a-regiao/TermodeTransaoIndividualSetPortLogsticaLTDATarjado.pdf;False
1b1c86d64ef3;FLANTECH METALÚRGICA LTDA. - EM RECUPERAÇÃO JUDICIAL;Region 4;2025-01-28;11296543.76;Transação Individual;;;;True;Metalúrgico/Industrial;;https://www.gov.br/pgfn/pt-br/assuntos/divida-ativa-da-uniao/transparencia-fiscal-1/painel-dos-parcelamentos/termos-de-transacao/4a-regiao/TermodeTransaoIndividualFlantechMetalrgicaLTDA.pdf;False
1b4970c741b4;HIPALA HIDROGENAÇÃO E INGREDIENTES LTDA;Region 3;2024-06-06;6610516.08;Transação Individual;50.06;36;;;Not identified;;https://www.gov.br/pgfn/pt-br/assuntos/divida-ativa-da-uniao/transparencia-fiscal-1/painel-dos-parcelamentos/termos-de-transacao/3a-regiao/TermodeTransaoIndividualHipalaHidrogenaoeIngredientesLTDAtarjado.pdf;False
1b4f1fb56c2f;Cruzeiro Esporte Clube;Region 1;2020-10-23;327976841.66;Transação Individual;;145;;;futebol/entretenimento;Imóveis (Sede Administrativa, Sede Social, com possibilidade de substituição por 'Campestre I' e 'Toca I') - Garantias Imobiliárias no montante de R$ 213.804.750,00, Garantia pignoratícia de 20% dos recebíveis presentes e futuros do Clube (direitos de TV, patrocínios, sócio torcedor, bilheteria, premiações CBF, negociação de jogadores, etc.);https://www.gov.br/pgfn/pt-br/assuntos/divida-ativa-da-uniao/transparencia-fiscal-1/painel-dos-parcelamentos/termos-de-transacao/1a-regiao/termo-de-transacao-individual-cruzeiro-esporte-clube;False
1b56816e6146;HOSPITAL DA XV e Instituto de Medicina e Cirurgia do Paraná Ltda (ambos em recuperação judicial);Region 4;2023-03-20;134369154.37;Transação Individual;;120;;True;Saúde/Hospitalar;Imóveis de propriedade do HOSPITAL DA XV, conforme laudo juntado ao processo SEI, sobre os quais constam penhoras nas execuções fiscais promovidas em face dos DEVEDORES (Cláusula 9ª), Imóveis oferecidos pelos DEVEDORES com anuência de terceiros, objeto de penhora nas Execuções fiscais (Cláusula 10ª);https://www.gov.br/pgfn/pt-br/assuntos/divida-ativa-da-uniao/transparencia-fiscal-1/painel-dos-parcelamentos/termos-de-transacao/4a-regiao/TermodeTransacaoIndividualHospitaldaXVemrecuperacaojudicial.pdf;False
1b6db2423f8e;TOMOVALE CENTRO DE DIAGNOSTICO POR IMAGEM LTDA.;Region 3;2025-01-07;11893175.25;Transação Individual (modalidades DEMAIS e PREV);41.23;50;0.0;;Saúde (diagnóstico por imagem);;https://www.gov.br/pgfn/pt-br/assuntos/divida-ativa-da-uniao/transparencia-fiscal-1/painel-dos-parcelamentos/termos-de-transacao/3a-regiao/TermodeTransaoIndividualTomovaleCentrodeDiagnosticoporImagemLTDATarjado.pdf;False
1b888c2691ae;GRUPO MAITY (MAITY BIOENERGIA LTDA, MAITY AGRÍCOLA LTDA, AIMAR AGROINDUSTRIAL DO MARANHÃO S/A, AGRÍCOLA NOSSA SENHORA DAS GRAÇAS S/A);Region 1;2024-12-02;375715506.75;Transação Individual;65.0;1;;;Agronegócio;Bens móveis agrícola, Bens móveis indústria, Fazenda Lageado - penhora - mat. 427, Fazenda Boa Esperança - penhora - Mat. 1573, Fazenda Santa Maria - Mat. 1.567, Fazenda Santa Izabel - Mat. 1.711, Fazenda Canto da Onça - Mat. 1534;https://www.gov.br/pgfn/pt-br/assuntos/divida-ativa-da-uniao/transparencia-fiscal-1/painel-dos-parcelamentos/termos-de-transacao/1a-regiao/TermodeTransaoIndividualMaityBioenergiaLTDATarjado.pdf;False
1c42867ff7be;GASCOM EQUIPAMENTOS INDUSTRIAIS LTDA e TBA - TECNOLOGIA EM EQUIPAMENTOS LTDA;Region 3;2023-08-14;;Transação Individual;;120;;;Equipamentos industriais;Direitos pessoais ou reais sobre o imóvel Matrícula nº 6.275 do RGI de Sertãozinho – SP, avaliado em R$20.000.000,00 nos autos da Execução Fiscal 5001493-65.2019.4.03.6102 em 08/03/2021, Manutenção automática dos gravames decorrentes de arrolamento de bens, medida cautelar fiscal e garantias prestadas administrativamente ou em execuções fiscais/outras ações judiciais;https://www.gov.br/pgfn/pt-br/assuntos/divida-ativa-da-uniao/transparencia-fiscal-1/painel-dos-parcelamentos/termos-de-transacao/3a-regiao/TermodeTransaoIndividualGascomEquipamentosIndustriaisLTDATBATecnologiaemEquipamentosLTDA.pdf;False
1c49ea4bde76;CONTAX S/A, AXIA MANUTENÇÃO S/A, ATMA PARTICIPAÇÕES S/A e SOLVIANTECH DESENVOLVIMENTO DE SISTEMAS LTDA - todas EM RECUPERAÇÃO JUDICIAL;Region 2;2024-01-22;6413196.3;Transação Individual;;120;;True;Serviços/Telecomunicações e Tecnologia (grupo econômico com atuação em call center/telecomunicações, manutenção industrial e desenvolvimento de sistemas);Bens e direitos penhorados nos autos das execuções fiscais propostas pela Fazenda Nacional em face das DEVEDORAS, Depósitos judiciais transformados em pagamento definitivo, Possibilidade de garantia por depósito judicial em dinheiro, carta de fiança bancária, seguro garantia ou outra garantia suficiente e idônea para novos débitos;https://www.gov.br/pgfn/pt-br/assuntos/divida-ativa-da-uniao/transparencia-fiscal-1/painel-dos-parcelamentos/termos-de-transacao/2a-regiao/TermodeTransacaoIndividualContaxSAemrecuperaojudicialtarjado.pdf;False
1c5d2748f0be;CEAM CENTRO DE ASSISTENCIA MEDICA MORATO S/S LTDA e PLENA SAUDE S/A;Region 3;Not identified;83012184.48;Transação individual (modalidades DEMAIS e PREV);55.84;120;;;Saúde;Manutenção automática dos gravames decorrentes de arrolamento de bens, de medida cautelar fiscal e das garantias prestadas administrativamente ou nas ações de execução fiscal ou em qualquer outra ação judicial;https://www.gov.br/pgfn/pt-br/assuntos/divida-ativa-da-uniao/transparencia-fiscal-1/painel-dos-parcelamentos/termos-de-transacao/3a-regiao/TermodeTransaoIndividualCEAMCentrodeAssistnciaMdicaMoratoSSLTDATarjado.pdf;False
1cbe639b2508;REDE METODISTA DE ENSINO (Centro de Ensino Superior de Porto Alegre Ltda, Instituto Porto Alegre da Igreja Metodista, Instituto Metodista de Educação e Cultura, Instituto Metodista Centenário, Instituto Educacional Metodista de Passo Fundo, Instituto União de Uruguaiana da Igreja Metodista, Instituto Metodista de Ensino Superior, Instituto Educacional Piracicabano da Igreja Metodista, Instituto Metodista Izabela Hendrix, Instituto Metodista Granbery, Instituto Metodista de Educação - IMED, Instituto Metodista Bennett, Educa - Produtos e Serviços, COGEIME, Centro Wesleyano do Sul Paulista, Instituto Metodista Educacional de Altamira);Region 3;2023-10-06;96155344.08;Transação individual com o FGTS - Modalidade 1;5.0;145;;True;Educação;Imóvel de matrícula 5388 do 1º Cartório de Registro de Imóveis de São Bernardo do Campo, avaliado em R$ 240.000.000,00, de propriedade do Instituto Metodista de Ensino Superior, integrante do Campus da Universidade Metodista de São Bernardo do Campo/SP;https://www.gov.br/pgfn/pt-br/assuntos/divida-ativa-da-uniao/transparencia-fiscal-1/painel-dos-parcelamentos/termos-de-transacao/3a-regiao/TermodeTransaoIndividualRedeMetodistadeEnsinoInformaesSigilosasSuprimidas.pdf;False
1d1da16bf65e;CASP INDUSTRIA E COMÉRCIO LTDA;Region 3;2023-09-25;;Transação individual (recuperação judicial);70.0;48;;True;Not identified;Bens móveis (maquinários pertencentes ao ativo imobilizado da empresa requerente, avaliados em R$ 6.276.270,00 pelo valor de mercado), já indicados à penhora nas Execuções Fiscais nº 5000238-72.2020.4.03.6123 e 5000352-40.2022.4.03.6123, Manutenção automática dos gravames decorrentes de arrolamento de bens, medida cautelar fiscal e garantias prestadas administrativamente ou em ações de execução fiscal ou qualquer outra ação judicial;https://www.gov.br/pgfn/pt-br/assuntos/divida-ativa-da-uniao/transparencia-fiscal-1/painel-dos-parcelamentos/termos-de-transacao/3a-regiao/TermodeTransaoIndividualCaspIndustriaeComercioLTDA.pdf;False
1d327d73392d;Not identified;Region 3;2025-02-10;;Transação individual (modalidades DEMAIS e PREV);65.0;36;;;Transporte e Logística/Assessoria Aduaneira;Manutenção automática dos gravames decorrentes de arrolamento de bens, de medida cautelar fiscal e das garantias prestadas administrativamente ou nas ações de execução fiscal ou em qualquer outra ação judicial;https://www.gov.br/pgfn/pt-br/assuntos/divida-ativa-da-uniao/transparencia-fiscal-1/painel-dos-parcelamentos/termos-de-transacao/3a-regiao/TermodeTransaoIndividualGuauAssessoriaAduaneiraLTDATarjado.pdf;False
1d973a2f4892;AUGUSTA OFFSHORE BRASILEIRA LTDA;Region 2;Not identified;49371861.77;Transação Individual;65.0;36;;False;Not identified;;https://www.gov.br/pgfn/pt-br/assuntos/divida-ativa-da-uniao/transparencia-fiscal-1/painel-dos-parcelamentos/termos-de-transacao/2a-regiao/SumrioAugustaOffshoreBrasileiraLTDA.pdf;False
1dc6160c4f4f;JORCAL ENGENHARIA E CONSTRUÇÕES SA – EM RECUPERAÇÃO JUDICIAL;Region 3;2024-09-17;27941669.54;Transação Individual;52.3;60;;True;Construção civil/Engenharia;;https://www.gov.br/pgfn/pt-br/assuntos/divida-ativa-da-uniao/transparencia-fiscal-1/painel-dos-parcelamentos/termos-de-transacao/3a-regiao/TermodeTransaoIndividualJorcalEngenhariaeConstruesSATarajado.pdf;False
1dcfad5614a8;RIBEIRO S.A COMÉRCIO DE PNEU EM RECUPERAÇÃO JUDICIAL (PNEUMAR), solidariamente com RIBEMAR EMPREENDIMENTOS AGROPECUÁRIOS E IMOBILIÁRIOS S.A EM RECUPERAÇÃO JUDICIAL (RIBEMAR);Region 4;2024-06-11;2309586.83;Transação Individual - Plano de Pagamento Parcelado do Débito Fiscal;39.94;120;;True;Comércio de pneus / agropecuário-imobiliário;Permanecem todas as garantias existentes atualmente vinculadas aos processos judiciais que envolvem os créditos negociados;https://www.gov.br/pgfn/pt-br/assuntos/divida-ativa-da-uniao/transparencia-fiscal-1/painel-dos-parcelamentos/termos-de-transacao/4a-regiao/TermodeTransaoIndividualRibeiroSAComrciodePneuTarjado.pdf;False
1debad59872e;TRANSFER TRANSPORTADORA FERROVIÁRIA DE VEÍCULOS AUTOMOTORES LTDA;Region 3;2024-11-13;19848607.66;Transação individual;65.0;36;;;Transporte/logística de veículos automotores;Manutenção automática dos gravames decorrentes de arrolamento de bens, de medida cautelar fiscal e das garantias prestadas administrativamente ou nas ações de execução fiscal ou em qualquer outra ação judicial;https://www.gov.br/pgfn/pt-br/assuntos/divida-ativa-da-uniao/transparencia-fiscal-1/painel-dos-parcelamentos/termos-de-transacao/3a-regiao/copy_of_TermodeTransaoIndividualTransferTransportadoraFerroviriadeVeculosAutomotoresLTDAtarjado.pdf;False
1e4edfe3b3c5;AUTOFRANCE COMERCIO E SERVIÇOS LTDA e outras empresas do grupo (JAC BRASIL AUTOMÓVEIS LTDA como devedora principal do passivo tributário);Region 2;2024-11-07;681830436.94;Transação individual;65.0;84;;True;Comércio de veículos (concessionárias automotivas);40% dos recebíveis oriundos dos pagamentos a crédito e/ou débito relativos à prestação de serviços por parte das DEVEDORAS, vinculados aos contratos celebrados com o BANCO SEGURO S/A, 7,5% do faturamento obtido pelas DEVEDORAS com a venda de automóveis e acessórios, Garantia fidejussória dos sócios-administradores;https://www.gov.br/pgfn/pt-br/assuntos/divida-ativa-da-uniao/transparencia-fiscal-1/painel-dos-parcelamentos/termos-de-transacao/2a-regiao/TermodeTransaoIndividualBRGDistribuidoradeVeculosLTDATarjado.pdf;False
1e5d16a39e71;MOFERKO INDUSTRIA E COMERCIO DE FERROS E IMPLEMENTOS AGRICOLAS LTDA;Region 4;2025-05-09;18977901.26;Transação Individual;37.44;120;;False;Indústria e comércio de ferros e implementos agrícolas (metalurgia/agropecuário);Manutenção de todas as garantias existentes (indisponibilidades/penhoras/bloqueios) nos processos relacionados aos créditos negociados;https://www.gov.br/pgfn/pt-br/assuntos/divida-ativa-da-uniao/transparencia-fiscal-1/painel-dos-parcelamentos/termos-de-transacao/4a-regiao/TermodeTransaoIndividualMoferkoIndstriaeComrciodeFerroseImplementosAgrcolasLTDA.pdf;False
1eaa200c9c1c;Grupo Habib (AUTOFRANCE COMERCIO E SERVIÇOS LTDA e demais empresas do grupo - BRN, CAMBRAIA E ROSA, CARFRANCE, EPC, ETOILE, FRANCECAR, GB CARS, NHN, RNG, SAINT GERMAIN, SAINT MORITZ, SNG C. OESTE, SNG SUL, SPN, SNG SP DISTRIBUIDORA DE VEÍCULOS);Region 2;2024-02-12;;Transação Individual FGTS;;85;;True;Comércio de veículos (concessionárias);;https://www.gov.br/pgfn/pt-br/assuntos/divida-ativa-da-uniao/transparencia-fiscal-1/painel-dos-parcelamentos/termos-de-transacao/2a-regiao/TermodeTransaoIndividualBRNDistribuidoradeVeculosLTDATarjado.pdf;False
1ee12ef0b5ae;DOK CALCADOS DO SERGIPE LTDA e outros (grupo econômico DOK/Esposende/Birigui) - EM RECUPERACAO JUDICIAL;Region 5;Not identified;;Transação Individual (Portaria PGFN nº 6.757/2022, com aplicação da Portaria PGFN nº 2.382/2020 aos devedores em recuperação judicial);70.0;60;;True;Calçados;Manutenção de todas as garantias já associadas aos débitos, inclusive penhoras em execuções fiscais, Hipoteca do próprio bem em caso de parcelamento de compra na hipótese de alienação (Cláusula 8ª, IV);https://www.gov.br/pgfn/pt-br/assuntos/divida-ativa-da-uniao/transparencia-fiscal-1/painel-dos-parcelamentos/termos-de-transacao/5a-regiao/TermodeTransaoIndividualDokCaladosdoSergipeLTDAEsposendeLTDAEsposendeLTDADokParticipacoesSocietariasLTDAIndustriaDeCalcadosBiriguiLTDAGDCDLTDA.pdf;False
1ef094bacd96;TRANSPORTE COLETIVO GLÓRIA LTDA;Region 4;2025-02-10;;Transação Individual;;;4.0;;Transporte coletivo;Imóvel 'Garagem Teffé' - GUVEL PARTICIPAÇÕES - R$ 31.000.000,00, Imóvel 'Garagem Boa Vista' - GUVEL PARTICIPAÇÕES/TRANSPORTE COLETIVO GLÓRIA - R$ 51.700.000,00, Bens já penhorados nas execuções fiscais (mantidos);https://www.gov.br/pgfn/pt-br/assuntos/divida-ativa-da-uniao/transparencia-fiscal-1/painel-dos-parcelamentos/termos-de-transacao/4a-regiao/TermodeTransaoIndividualTransporteColetivoGlriaLTDA.pdf;False
1f8673dff553;FLORESTA JATOBÁ BRASIL LTDA;Region 1;2023-08-21;33417625.78;Transação Individual;65.0;;5.0;;Agronegócio;Manutenção dos gravames decorrentes de arrolamento de bens, de medida cautelar fiscal e de garantias prestadas administrativamente ou nas ações de execução fiscal ou em qualquer outra ação judicial;https://www.gov.br/pgfn/pt-br/assuntos/divida-ativa-da-uniao/transparencia-fiscal-1/painel-dos-parcelamentos/termos-de-transacao/1a-regiao/TermodeTransaoIndividualFlorestaJatobBrasilLTDAInformaesSigilosasSuprimidas.pdf;False
20219ad5da8e;INDÚSTRIA E COMÉRCIO DE CONFECÇÕES SÃO FRANCISCO LTDA.;Region 5;2023-11-01;;Transação Individual;;102;6.0;;Indústria e comércio de confecções (vestuário/têxtil);Manutenção automática dos gravames decorrentes de arrolamento de bens, medida cautelar fiscal e garantias prestadas administrativamente ou em execução fiscal;https://www.gov.br/pgfn/pt-br/assuntos/divida-ativa-da-uniao/transparencia-fiscal-1/painel-dos-parcelamentos/termos-de-transacao/5a-regiao/TermodeTransaoIndividualIndstriaeComrciodeConfecesSoFranciscoLTDAtarjado.pdf;False
2071f8b8f79e;ORTOPLAN COMÉRCIO DE IMPLANTES ORTOPÉDICOS LTDA;Region 5;2023-09-15;;Transação Individual;65.0;120;;;Comércio de produtos ortopédicos/saúde;Manutenção de arrolamento de bens, Medida cautelar fiscal, Penhoras existentes nos executivos fiscais em trâmite na Justiça Federal de Pernambuco;https://www.gov.br/pgfn/pt-br/assuntos/divida-ativa-da-uniao/transparencia-fiscal-1/painel-dos-parcelamentos/termos-de-transacao/5a-regiao/TermodeTransaoIndividualOrtoplanComrciodeImplantesOrtopedicosLTDA.pdf;False
2076527c2103;ADLIM TERCEIRIZAÇÃO EM SERVIÇOS ESPECIALIZADOS;Region 5;2023-07-03;;Transação Individual;65.0;78;6.0;;Terceirização de serviços;Manutenção de garantias já associadas aos débitos incluídos na transação, inclusive penhoras em execuções fiscais;https://www.gov.br/pgfn/pt-br/assuntos/divida-ativa-da-uniao/transparencia-fiscal-1/painel-dos-parcelamentos/termos-de-transacao/5a-regiao/TermodeTransaoIndividualAdlimTerceirizaoemserviosEspecializados.pdf;False
2084369a25eb;INDÚSTRIA DE PAPÉIS SUDESTE LTDA EM RECUPERAÇÃO JUDICIAL;Region 2;2025-06-12;;Transação individual (Primeiro Termo Aditivo);70.0;43;;True;Papel e celulose;Ativos da empresa avaliados em R$ 373.335.613,65 (máquinas, equipamentos e instalações, móveis e utensílios, hardware, software, veículos), Penhora de 5% da receita bruta mensal, Fiança do Diretor Heitor Luiz Villela (garantia fidejussória);https://www.gov.br/pgfn/pt-br/assuntos/divida-ativa-da-uniao/transparencia-fiscal-1/painel-dos-parcelamentos/termos-de-transacao/2a-regiao/TermodeTransaoIndividualIndstriadePapisSudesteLTDA.pdf;False
2086c5a82e03;Grupo Habitacional (Grupo Econômico de Fato composto por: Habitacional Empreendimentos Ltda, Habitacional Construções S/A, Portal Construções SPE Ltda, Habitar Construções SPE Ltda, Indústria Gráfica Tribuna de Aracaju Ltda, Moradas da Torre Construções SPE Ltda, Rádio Jornal de Sergipe Ltda, Costa Sul Construções SPE Ltda, HG Construções SPE Ltda, Costa Alta Construções SPE Ltda, MC Incorporações SPE Ltda, Jundiahy Agropecuária S/A, AJN Agência Jornal de Notícias Ltda);Region 5;2023-12-13;;Transação Individual;53.43;120;;;Construção civil/imobiliário (habitacional), com atividades correlatas em mídia (rádio, jornal, agência de notícias, gráfica) e agropecuária;Imóvel sede da Habitacional, em Aracaju-SE (Matrícula R-3-6.254) - Avaliação R$ 9.500.000,00, Restaurante Centro Médico/Odontológico-Aracaju (Matrícula R-1-13.208) - Avaliação R$ 600.000,00, Área de Cinema I – Maceió-AL (Matrícula R-1-73.321) - Avaliação R$ 4.000.000,00, Área de Cinema II – Maceió-AL (Matrícula R-1-73.322) - Avaliação R$ 4.000.000,00, Prédio comercial (sede II Habitacional) – Maceió-AL (Matrícula R-13-14.390 e 14613) - Avaliação R$ 4.000.000,00, Apartamento 401-Ed. Juvêncio Leite – Maceió-AL (Matrícula R-3-71.238) - Avaliação R$ 1.000.000,00, Manutenção de penhoras existentes nos executivos fiscais em trâmite, Manutenção de gravames de arrolamento de bens e medida cautelar fiscal;https://www.gov.br/pgfn/pt-br/assuntos/divida-ativa-da-uniao/transparencia-fiscal-1/painel-dos-parcelamentos/termos-de-transacao/5a-regiao/TermodeTransaoIndividualHabitacionalEmpreendimentos.pdf;False
2099f993ffa1;DROGARIAS PACHECO S/A;Region 2;2021-12-15;;Transação Individual;;;;;Farmacêutico/Varejo de medicamentos (drogarias);Seguro Garantia Integral - modalidade Seguro Garantia Parcelamento Administrativo Fiscal, observados os requisitos da Portaria nº 164, de 27 de fevereiro de 2014;https://www.gov.br/pgfn/pt-br/assuntos/divida-ativa-da-uniao/transparencia-fiscal-1/painel-dos-parcelamentos/termos-de-transacao/2a-regiao/TermodeTransacaoIndividualDrogariasPachecoSA.pdf;False
20e77785ce1d;COPPI INDUSTRIAL LTDA. EM RECUPERAÇÃO JUDICIAL;Region 4;2023-04-14;20874474.0;Transação Individual;;;;True;Industrial;Imóvel matrícula 12.315 (CRI de Joaçaba/SC), Imóvel matrícula 14.520 (CRI de Joaçaba/SC) - já penhorado (R.14 – EF 5003914-30.2018.4.04.7203);https://www.gov.br/pgfn/pt-br/assuntos/divida-ativa-da-uniao/transparencia-fiscal-1/painel-dos-parcelamentos/termos-de-transacao/4a-regiao/TermodeTransaoIndividualCoppiIndustrialLTDATarjado.pdf;False
20f9fc237e97;MASSA FALIDA DE TELOS S.A. EQUIPAMENTOS E SISTEMAS;Region 4;2020-05-18;;Transação individual tributária - Pagamento à vista;;1;;;Equipamentos e Sistemas / Massa Falida;;https://www.gov.br/pgfn/pt-br/assuntos/divida-ativa-da-uniao/transparencia-fiscal-1/painel-dos-parcelamentos/termos-de-transacao/4a-regiao/copy2_of_TermodeTransaoInvididualTelosS.AEquipamentoseSistemastarjado.pdf;False
216a5dec0083;MASSA FALIDA DO BANCO BVA;Region 3;2023-05-19;;Transação individual;65.0;;30.0;False;Financeiro/Bancário;;https://www.gov.br/pgfn/pt-br/assuntos/divida-ativa-da-uniao/transparencia-fiscal-1/painel-dos-parcelamentos/termos-de-transacao/3a-regiao/TermodeTransaoIndividualMassaFalidadoBancoBVATarjado.pdf;False
21906ecd02e1;NICCHIO CAFÉ S/A EXPORTAÇÃO E IMPORTAÇÃO;Region 2;2022-02-21;79111694.82;Transação individual;50.0;36;;;Agronegócio (café);Imóvel denominado Fazenda Tangará (Cartório de Ofício Único de Santana do Araguaia/PA), Galpão (junto ao Cartório do 1º Ofício de Colatina - ES), Imóvel (junto ao Cartório do 1º Ofício de Colatina - ES);https://www.gov.br/pgfn/pt-br/assuntos/divida-ativa-da-uniao/transparencia-fiscal-1/painel-dos-parcelamentos/termos-de-transacao/2a-regiao/TermodeTransacaoIndividualNicchio.pdf;False
219443162528;ASSOCIACAO DAS FAMILIAS PARA A UNIFICACAO E PAZ MUNDIAL;Region 3;2022-04-18;;Transação individual;;;;;Organização da sociedade civil (religiosa/social);;https://www.gov.br/pgfn/pt-br/assuntos/divida-ativa-da-uniao/transparencia-fiscal-1/painel-dos-parcelamentos/termos-de-transacao/3a-regiao/termo-de-transacao-individual-afupm.pdf;False
21d242501ad7;A.V.M. INCORPORACAO DE EMPREENDIMENTOS IMOBILIARIOS LTDA - EM RECUPERACAO JUDICIAL (grupo econômico com ATRIUM EMPREENDIMENTOS, INCORPORACAO E CONSTRUCAO SPE LTDA e ENGECON CONSTRUCOES E COMERCIO LTDA);Region 2;2025-05-06;15746589.53;Transação Individual;70.0;108;;True;Construção civil/incorporação imobiliária;Imóvel situado à Rua Voluntários da Pátria, 500, Loja 03, Pelinca, Campos dos Goytacazes, matrícula nº 034694 do 7º Ofício de Campos/RJ, Imóvel situado à Rua Voluntários da Pátria, 500, Loja 01, Pelinca, Campos dos Goytacazes, matrícula nº 035295 do 7º Ofício de Campos/RJ, Imóvel situado à Rua Voluntários da Pátria, 487, Loja 01, Pelinca, Campos dos Goytacazes, matrícula nº 030945 do 7º Ofício de Campos/RJ;https://www.gov.br/pgfn/pt-br/assuntos/divida-ativa-da-uniao/transparencia-fiscal-1/painel-dos-parcelamentos/termos-de-transacao/2a-regiao/TermodeTransaoIndividualA.V.M.IncorporaodeEmpreendimentosImobiliariosLTDAAtriumEmpreendimentosIncorporacaoeConstrucaoSPELTDAEngeconConstrueseComrcioLTDAcompactado.pdf;False
21d4978a9d23;SUSTENTARE SANEAMENTO S/A, MODERNNA AMBIENTAL S/A e QUALIX SERVIÇOS AMBIENTAIS S.A. (grupo econômico);Region 3;2020-04-23;176089567.52;Transação Individual;49.62;84;;True;Saneamento/Serviços Ambientais;Recebíveis oriundos do contrato nº 19/2019 celebrado entre o Serviço de Limpeza Urbana do Distrito Federal (SLU/DF) e a SUSTENTARE SANEAMENTO, vigente até julho de 2024, com parcelas vincendas somadas de aproximadamente R$ 386.749.914,66, Imóvel objeto da matrícula nº 43.086 junto ao 1º Registro de Imóveis de Feira de Santana, de propriedade da QUALIX, Seguro garantia oferecido para o débito CSSP201602990, Apólices de seguro garantia oferecidas para os débitos FGSP201602989 e FGSP201701051;https://www.gov.br/pgfn/pt-br/assuntos/divida-ativa-da-uniao/transparencia-fiscal-1/painel-dos-parcelamentos/termos-de-transacao/3a-regiao/termo-de-transacao-individual-sustentare-saneamento.pdf;False
21d9fe89927d;MARCHESAN IMPLEMENTO E MÁQUINAS TATU S/A;Region 3;2024-10-04;;Transação Individual;56.26;108;6.0;;Agronegócio (máquinas e implementos agrícolas);Bens listados no Anexo IV (não detalhados no corpo do documento);https://www.gov.br/pgfn/pt-br/assuntos/divida-ativa-da-uniao/transparencia-fiscal-1/painel-dos-parcelamentos/termos-de-transacao/3a-regiao/TermodeTransaoIndividualMarchesanImplementoeMquinasTatuSATarjado.pdf;False
220da278ed19;INDÚSTRIA TEXTIL TSUZUKI LTDA – EM RECUPERAÇÃO JUDICIAL;Region 3;2025-01-14;;Transação Individual;;108;16.07;True;Têxtil;;https://www.gov.br/pgfn/pt-br/assuntos/divida-ativa-da-uniao/transparencia-fiscal-1/painel-dos-parcelamentos/termos-de-transacao/3a-regiao/TermoTransacaoIndividualIndustriaTextilTsuzukiLTDATarjado.pdf;False
225f2d09eab1;ENTIDADE AUTÁRQUICA DE ASSISTÊNCIA TÉCNICA E EXTENSÃO RURAL DO ESTADO DE RONDÔNIA – EMATER-RO;Region 1;2024-08-16;63397050.26;Transação Individual;65.0;60;6.0;;Agronegócio (assistência técnica e extensão rural);"Hipoteca/penhora sobre bens (ANEXO II - descrito como 'Outros' no valor de R$ 63.397.050,26; bens imóveis e móveis avaliados em R$ 0,00), Responsabilidade subsidiária do ESTADO DE RONDÔNIA como GARANTIDOR, com retenção de valores no Fundo de Participação dos Estados (FPE)";https://www.gov.br/pgfn/pt-br/assuntos/divida-ativa-da-uniao/transparencia-fiscal-1/painel-dos-parcelamentos/termos-de-transacao/1a-regiao/TermodeTransaoIndividualEmaterROTarjado.pdf;False
227cd62d1ab2;UNIMED PETRÓPOLIS COOPERATIVA DE TRABALHO MÉDICO;Region 2;2020-08-04;;Transação Individual (dívida ativa da União);47.5;145;;;Saúde/Cooperativa médica;Bens oferecidos em garantia parcial no Negócio Jurídico Processual firmado entre a Requerente e a União Federal, ofertados também em garantia parcial das dívidas da presente Transação (Cláusula 15ª);https://www.gov.br/pgfn/pt-br/assuntos/divida-ativa-da-uniao/transparencia-fiscal-1/painel-dos-parcelamentos/termos-de-transacao/2a-regiao/TermodeTransacaoIndividualUnimedPetropolis.pdf;False
22b025c355f1;DISBRASIL DISTRIBUIDORA BRASIL IMPORTAÇÃO E EXPORTAÇÃO LTDA;Region 1;Not identified;27724122.89;Transação Individual;65.0;120;;;Distribuição/Importação e Exportação;Veículos, Participações sociais, Direitos creditórios;https://www.gov.br/pgfn/pt-br/assuntos/divida-ativa-da-uniao/transparencia-fiscal-1/painel-dos-parcelamentos/termos-de-transacao/1a-regiao/copy2_of_TermodeTransaoDisbrasilDistribuidoraBrasilImportaoeExporataoLTDATarjado.pdf;False
22b4e0b4ef59;NALF ARTES EM CONFECCOES LTDA (e grupo: NRB FASHION COMPANY LTDA, REP JEANS DO BRASIL LTDA, CANAL PARTICIPAÇÕES S.A.) - EM RECUPERAÇÃO JUDICIAL;Region 3;2024-10-07;;Transação Individual (no âmbito de Recuperação Judicial) - modalidades DEMAIS e PREV;70.0;120;;True;Confecções/vestuário (moda);"Alienação fiduciária registrada no INPI, incidente sobre a marca de produto e serviço ""CANAL CONCEPT"", avaliada em R$ 38.988.802,00, Fiança pessoal do sócio Januário Luiz Vaiano";https://www.gov.br/pgfn/pt-br/assuntos/divida-ativa-da-uniao/transparencia-fiscal-1/painel-dos-parcelamentos/termos-de-transacao/3a-regiao/TermodeTransaoIndividualNalfArtesemConfecesLTDATarjado.pdf;False
22e3c5a796f7;Not identified;Region 3;2024-08-12;;Transação individual (no contexto de recuperação judicial);;84;;True;Metalurgia/Alumínio;;https://www.gov.br/pgfn/pt-br/assuntos/divida-ativa-da-uniao/transparencia-fiscal-1/painel-dos-parcelamentos/termos-de-transacao/3a-regiao/TermodeTransaoIndividualCDAComrcioIndstriadeMetaisLTDAemrecuperaojudicialtarjado.pdf;False
235ea0407b85;GRUPO EDUCACIONAL MOPI LTDA.;Region 2;2021-12-03;;Transação individual;;145;;;Educação;Hipoteca do imóvel de matrícula 387.912, registrado perante o Cartório do 9º Ofício de Registro de Imóveis do Rio de Janeiro, situado na Rua Dom Rosalvo Costa Rego, nº 542, Itanhangá, avaliado em R$41.640.000,00;https://www.gov.br/pgfn/pt-br/assuntos/divida-ativa-da-uniao/transparencia-fiscal-1/painel-dos-parcelamentos/termos-de-transacao/2a-regiao/copy_of_TermodeTransacaoIndividualGrupoEducacionalMOPI.pdf;False
237699116034;SUPERMERCADO DA FAMILIA LTDA;Region 5;2023-06-29;;Transação Individual;30.0;120;;;Supermercado/Varejo alimentício;;https://www.gov.br/pgfn/pt-br/assuntos/divida-ativa-da-uniao/transparencia-fiscal-1/painel-dos-parcelamentos/termos-de-transacao/5a-regiao/TermoDeTransaoIndividualSupermercadodaFamliaLTDA.pdf;False
23d8fb8e64ce;GRUPO DIFUSORA (RÁDIO E TV DIFUSORA DO MARANHÃO LTDA, RÁDIO CURIMA LTDA, RÁDIO CAXIAS, JOTA COMUNICAÇÃO S/A, DIFUSORA COMUNICAÇÃO S/A);Region 1;2025-05-20;21239056.2;Transação Individual;59.22;120;;;Radiodifusão/Comunicação;Imóvel situado à Avenida Caneca da Mata, nº 120, Camboa, São Luís/MA, matrícula nº 6.041 do Cartório da 1ª Circunscrição Raimundo N. C. de Oliveira da Comarca de São Luís/MA, avaliado em R$ 12.000.000,00, Manutenção de garantias, penhoras e gravames já formalizados administrativa ou judicialmente;https://www.gov.br/pgfn/pt-br/assuntos/divida-ativa-da-uniao/transparencia-fiscal-1/painel-dos-parcelamentos/termos-de-transacao/1a-regiao/TermodeTransaoIndividualRdioeTVDifusoradoMaranhoLTDARdioCurimLTDARdioCaxiasJotaComunicaoDifusoraComunicaesSA.pdf;False
23d9baedb156;Autotravi Borrachas e Plásticos Ltda;Region 4;2023-06-20;29010087.41;Transação Individual;40.0;120;;;Indústria de borrachas e plásticos (autopeças);Imóvel de matrícula nº 14.665 do Registro de Imóveis da 1ª Zona de Caxias do Sul/RS (penhorado na EF nº 5013194-90.2016.4.04.7107) - R$ 480.000,00, Imóvel de matrícula nº 41.555 do Registro de Imóveis da 1ª Zona de Caxias do Sul/RS (penhorado na EF nº 5013194-90.2016.4.04.7107) - R$ 200.000,00, Imóvel de matrícula nº 38.743 do Registro de Imóveis da 1ª Zona de Caxias do Sul/RS (penhorado na EF nº 5013194-90.2016.4.04.7107) - R$ 3.200.000,00;https://www.gov.br/pgfn/pt-br/assuntos/divida-ativa-da-uniao/transparencia-fiscal-1/painel-dos-parcelamentos/termos-de-transacao/4a-regiao/TermodeTransacaoIndividualAutotraviBorrachasePlasticosLTDA.pdf;False
23f66bbd14f2;LE SAC COMERCIAL CENTER COUROS LTDA.;Region 3;2025-03-07;;Transação individual (Termo Aditivo);;;;True;Comércio de couros;;https://www.gov.br/pgfn/pt-br/assuntos/divida-ativa-da-uniao/transparencia-fiscal-1/painel-dos-parcelamentos/termos-de-transacao/3a-regiao/TermodeTransaoIndividualLeSacComercialCenterCourosLTDATarjado.pdf;False
240187a6ad34;GULLIVER MANUFATURA DE BRINQUEDOS - EM RECUPERAÇÃO JUDICIAL LTDA;Region 3;2024-10-09;103395112.49;Transação individual;62.12;24;;True;Fabricação de brinquedos;Fiança do sócio Andres Luis Lavin Cebada, Imóvel de matrícula n. 57.358 do 2º CRI de São Caetano do Sul/SP (hipoteca), Imóvel de matrícula n. 57.357 do 2º CRI de São Caetano do Sul/SP (penhora);https://www.gov.br/pgfn/pt-br/assuntos/divida-ativa-da-uniao/transparencia-fiscal-1/painel-dos-parcelamentos/termos-de-transacao/3a-regiao/TermodeTransaoIndividualGulliverManufaturadeBrinquedosLTDATarjado.pdf;False
240e0434e3b0;ADELBRAS INDÚSTRIA E COMÉRCIO DE ADESIVOS LTDA;Region 3;2023-04-28;91364593.62;Transação Individual;50.0;1;;;Indústria e comércio de adesivos (químico/industrial);;https://www.gov.br/pgfn/pt-br/assuntos/divida-ativa-da-uniao/transparencia-fiscal-1/painel-dos-parcelamentos/termos-de-transacao/3a-regiao/TermodeTransaoIndividualAdelbrasIndstriaeComrciodeAdesivosLTDA.pdf;False
242492415dd5;MEGATRANZ TRANSPORTES LTDA;Region 3;2025-05-06;2410886.46;Transação Individual;52.63;114;6.0;;Transportes;Manutenção dos gravames decorrentes de arrolamento de bens, medida cautelar fiscal e garantias prestadas administrativamente ou em ações de execução fiscal ou qualquer outra ação judicial;https://www.gov.br/pgfn/pt-br/assuntos/divida-ativa-da-uniao/transparencia-fiscal-1/painel-dos-parcelamentos/termos-de-transacao/3a-regiao/TermodeTransaoIndividualMegatranzTransportesLTDATarjado.pdf;False
242c06581156;COVOLAN INDÚSTRIA TÊXTIL LTDA - EM RECUPERAÇÃO JUDICIAL;Region 3;2024-10-31;118066009.45;Transação Individual;48.64;84;;True;Indústria têxtil;Manutenção automática dos gravames decorrentes de arrolamento de bens, de medida cautelar fiscal e das garantias prestadas administrativamente ou nas ações de execução fiscal ou em qualquer outra ação judicial;https://www.gov.br/pgfn/pt-br/assuntos/divida-ativa-da-uniao/transparencia-fiscal-1/painel-dos-parcelamentos/termos-de-transacao/3a-regiao/TermodeTransaoIndividualCovolanIndstriaTxtil.pdf;False
2456055b9374;NATURASUC INDUSTRIA E COMERCIO LTDA EM RECUPERAÇÃO JUDICIAL;Region 3;2025-04-22;27380348.42;Transação Individual;47.79;120;3.0;True;Indústria e comércio (alimentício/bebidas - agroindústria);Manutenção automática dos gravames decorrentes de arrolamento de bens, medida cautelar fiscal e garantias já prestadas administrativamente ou em ações de execução fiscal ou outra ação judicial;https://www.gov.br/pgfn/pt-br/assuntos/divida-ativa-da-uniao/transparencia-fiscal-1/painel-dos-parcelamentos/termos-de-transacao/3a-regiao/TermodeTransaoIndividualNaturasucIndstriaeComrcioLTDA.pdf;False
2457bd430cdc;MIRA OTM TRANSPORTES LTDA e MIRA SERVIÇOS DE TRANSPORTES LTDA;Region 3;2023-07-24;;Transação Individual;;62;37.0;;Transporte;Imóvel de Matrícula nº 61.921, registrado no 5º Ofício de Registro de Imóveis da Capital do Estado de Mato Grosso, localizado na Avenida Beira Rio, 600 - Caxipó da Ponte - Cuiabá/MT, Imóvel de Matrícula nº 53.190, registrado no Ofício de Registro de Imóveis de Atibaia, situado no Bairro do Rio Acima, em Atibaia, Imóvel de Matrícula nº 8.262, registrado no 1º Ofício de Registro de Imóveis da Comarca de Barra do Garça/MT;https://www.gov.br/pgfn/pt-br/assuntos/divida-ativa-da-uniao/transparencia-fiscal-1/painel-dos-parcelamentos/termos-de-transacao/3a-regiao/TermodeTransaoIndividualMiraOTMTransportesLTDAMiraServiosdeTransportesLTDA.pdf;False
24abcaed98e7;COMESUL BEEF AGRO INDUSTRIAL EIRELI;Region 4;2023-12-13;36037365.35;Transação Individual;47.06;120;;True;Agronegócio;Bens constritos na Execução Fiscal nº 5000620-65.2021.4.04.7105 (Auto de Penhora/Avaliação, evento 68) no valor de R$ 11.478.680,31, Liberação do bem imóvel penhorado (evento 42, avaliado em R$ 160.000,00) e de dois veículos, mantendo garantia integral pelos demais bens;https://www.gov.br/pgfn/pt-br/assuntos/divida-ativa-da-uniao/transparencia-fiscal-1/painel-dos-parcelamentos/termos-de-transacao/4a-regiao/TermodeTransaoIndividualComesulBeefAgroIndustrialEireliTarjado.pdf;False
2591e986e127;AÇO POTIGUAR LTDA – EM RECUPERAÇÃO JUDICIAL;Region 5;2023-05-27;;Transação Individual - Plano de Regularização Fiscal (débitos não previdenciários);70.0;1;;True;Metalurgia/Siderurgia (aço);;https://www.gov.br/pgfn/pt-br/assuntos/divida-ativa-da-uniao/transparencia-fiscal-1/painel-dos-parcelamentos/termos-de-transacao/5a-regiao/TermodeTransaoIndividualAoPotiguarLTDAInformaesSigilosasSuprimidas.pdf;False
25ac343742c2;EMPRESA JORNALISTICA OPOVO S/A;Region 5;2023-06-06;;Transação Individual - Plano de Regularização Fiscal (Portaria PGFN nº 6.757/2022);65.0;120;;;Jornalismo/Comunicação;Manutenção de todas as garantias já associadas aos débitos incluídos na transação, inclusive penhoras em execuções fiscais, até efetiva quitação das inscrições em Dívida Ativa, Alienação ressalvada do bem imóvel de matrícula nº 20070, do Cartório de Registro de Imóveis da 2ª Zona de Fortaleza/CE, destinada à liquidação da parcela balão;https://www.gov.br/pgfn/pt-br/assuntos/divida-ativa-da-uniao/transparencia-fiscal-1/painel-dos-parcelamentos/termos-de-transacao/5a-regiao/termo-de-transacao-individual-empresa-jornalistica-opovo-s-a.pdf;False
2605a0dddb17;CONSTRUTORA VARCA SCATENA LTDA – EM RECUPERAÇÃO JUDICIAL;Region 3;2024-11-06;45709589.41;Transação Individual;64.99;60;;True;Construção civil;;https://www.gov.br/pgfn/pt-br/assuntos/divida-ativa-da-uniao/transparencia-fiscal-1/painel-dos-parcelamentos/termos-de-transacao/3a-regiao/TermodeTransaoIndividualConstrutoraVarcaScatenaLTDATarajado.pdf;False
26529d999630;Not identified;Region 2;2023-10-02;444060845.1;Transação individual;65.0;120;6.271;True;Construção civil/Engenharia e Agronegócio;Imóvel localizado à Avenida W02, lotes nº 07 e 08, Macaé – RJ, Imóvel localizado à Rua São Francisco Xavier, 603, Rio de Janeiro – RJ, Imóvel localizado à Estrada dos Palmares, 671, Lotes 82, 83 e 84, Rio de Janeiro – RJ, Imóvel denominado 'Fazenda Salinas', localizado em Margarida – BA, Imóvel denominado 'Fazenda Bahia', localizado em Valença – BA, Imóvel denominado 'Fazenda VBM', localizado em Valença – BA, Imóvel denominado 'Fazenda São Francisco', localizado em Glória-BA, 5% do faturamento bruto mensal da FIADORA MPE ENGENHARIA E SERVIÇOS S/A (penhora de faturamento em caso de rescisão), Fiança das FIADORAS (garantia fidejussória solidária);https://www.gov.br/pgfn/pt-br/assuntos/divida-ativa-da-uniao/transparencia-fiscal-1/painel-dos-parcelamentos/termos-de-transacao/2a-regiao/TermodeTransaoIndividualMPEMontagenseProjetosEspeciaisSATarjado.pdf;False
267a456d0459;VIAÇÃO METRÓPOLE PAULISTA S/A. e outras (grupo econômico: VIP TRANSPORTE URBANO LTDA., ETU TRANSPORTES URBANO LTDA., VIP - TRANSPORTES ITAIM PAULISTA LTDA., AUTO VIAÇÃO JUREMA LTDA., VIAÇÃO MONTE ALEGRE LTDA., EXPRESSO TALGO - TRANSPORTES E TURISMO LTDA., EMPRESA DE ÔNIBUS VIAÇÃO SÃO JOSÉ LTDA., EMPRESA AUTO ÔNIBUS PENHA SÃO MIGUEL LTDA., GPCON CONSTRUÇÕES EMPREENDIMENTOS E PARTICIPAÇÕES LTDA);Region 3;2025-06-25;632854255.62;Transação Individual;51.0;60;;;Transporte coletivo urbano de passageiros (com participação imobiliária via GPCON);Imóvel matrícula nº 180.095 (11º Cartório RI São Paulo/SP), Estrada do M'Boi Mirim nº 10.100, avaliado em R$ 90.046.349,74, Imóvel matrícula nº 155.593, Estrada Guarapiranga nº 318, avaliado em R$ 2.855.038,04, Imóvel matrícula nº 340.476, Estrada do Tuparoquera, avaliado em R$ 1.772.125,23, Imóvel matrícula nº 405.039, Rua João de Abreu nº 1.105, avaliado em R$ 15.292.087,52, Imóvel matrícula nº 119.316 (12º Cartório RI São Paulo/SP), Avenida Águia de Haia nº 2.344, avaliado em R$ 96.467.596,99, Imóvel matrícula nº 2.195 (2º Cartório RI Jundiaí/SP), Rodovia Anhanguera Km 48, avaliado em R$ 106.380.000,00, Contrato nº 032/19 de concessão de transporte coletivo (Lote AR3), valor R$ 2.495.543.602,00, Contrato nº 026/19 de concessão de transporte coletivo (Lote E7), valor R$ 2.741.131.528,00, Contrato nº 022/19 de concessão de transporte coletivo (Lote E3), valor R$ 4.584.851.048,00, Manutenção de gravames decorrentes de arrolamento de bens, medida cautelar fiscal e garantias já prestadas;https://www.gov.br/pgfn/pt-br/assuntos/divida-ativa-da-uniao/transparencia-fiscal-1/painel-dos-parcelamentos/termos-de-transacao/3a-regiao/TermodeTransaoIndividualViaoMetrpolePaulistaVIPTransporteUrbanoLTDAETUTransportesUrbanoLTDAVIPTransportesItaimPaulistaLTDAAutoViaoJuremaLTDAViaoMonteAlegreLTDAExpressoTalgo.pdf;False
2692de496342;VYTTRA DIAGNOSTICOS S.A.;Region 3;2023-06-15;64118229.98;Transação individual;65.0;24;;;Saúde/diagnósticos médicos;;https://www.gov.br/pgfn/pt-br/assuntos/divida-ativa-da-uniao/transparencia-fiscal-1/painel-dos-parcelamentos/termos-de-transacao/3a-regiao/TermodeTransaoIndividualVyttraDiagnosticosS.Atarjado.pdf;False
26d26be1d853;POLYUTIL S/A INDÚSTRIA E COMÉRCIO DE MATERIAS PLÁSTICAS;Region 5;2024-04-03;20047953.08;Transação Individual (Plano de Regularização Fiscal - Portaria PGFN nº 6.757/2022, com aplicação da Portaria PGFN nº 2.382/2020 para devedores em recuperação judicial);89.16;120;;;Indústria de plásticos;Imóvel industrial com 35.200m², localizado na margem da BR 101, km 02 - Bairro Distrito Industrial - João Pessoa/PB, avaliado em R$ 33.740.708,45, matrícula 64967 (Cartório Carlos Ulisses - Serviço Notarial e Registral Imobiliário da Zona Sul);https://www.gov.br/pgfn/pt-br/assuntos/divida-ativa-da-uniao/transparencia-fiscal-1/painel-dos-parcelamentos/termos-de-transacao/5a-regiao/TermodeTransaoIndividualPolyutilSAIndstriaeComrciodeMatriasPlsticastarjado.pdf;False
271be5428a75;Transporte Rodoviário Eireli (RODOSENI);Region 4;2022-09-19;19281910.2;Transação individual;64.87;145;;False;Transporte rodoviário;Penhora sobre imóveis (matrículas do Anexo II) titularizados pela devedora Rodoviário Seni Ltda, no Registro de Imóveis de Jaguaruna/SC, Penhora sobre imóveis titularizados pelo sócio Jones Nicaretta e sua esposa Angelica Liliane Lisboa, no Registro de Imóveis de Jaguaruna/SC e de Santana do Livramento/RS;https://www.gov.br/pgfn/pt-br/assuntos/divida-ativa-da-uniao/transparencia-fiscal-1/painel-dos-parcelamentos/termos-de-transacao/4a-regiao/TermodeTransacaoIndividualRodoviarioSeniLTDA.pdf;False
272b57f1664c;PESQUEIRA PIONEIRA DA COSTA S.A. EM RECUPERAÇÃO JUDICIAL;Region 4;2023-09-21;2141955.3;Transação Individual;64.89;120;;True;Pesca/Agronegócio;Imóvel matriculado sob o n° do Registro de Imóveis de Florianópolis/SC, titularizado pela empresa Biterra Empreendimentos Imobiliários Ltda;https://www.gov.br/pgfn/pt-br/assuntos/divida-ativa-da-uniao/transparencia-fiscal-1/painel-dos-parcelamentos/termos-de-transacao/4a-regiao/TermodeTransaoIndividualPesqueiraPioneiradaCostaSAemrecuperaojudicialtarjado.pdf;False
2739f3602d0b;JKM TRANSPORTES LOGÍSTICA E ARMAZENAGEM LTDA.;Region 4;2024-05-06;25329096.0;Transação Individual;;120;;False;Transporte e logística;Estruturas Metálicas de Armazenagem – Porta Pallets, avaliadas em R$ 3.185.000,00;https://www.gov.br/pgfn/pt-br/assuntos/divida-ativa-da-uniao/transparencia-fiscal-1/painel-dos-parcelamentos/termos-de-transacao/4a-regiao/TermodeTransaoIndividualJKMTransportesLogsticaeArmazenagemLTDATarjado.pdf;False
274ff3485a12;ROGE DISTRIBUIDORA E TECNOLOGIA S/A;Region 3;2024-09-24;;Transação Individual - modalidade DEMAIS;62.71;24;;False;Distribuição/Comércio e Tecnologia;Mantém-se as garantias dos débitos eventualmente existentes até a quitação integral do saldo devedor do Acordo de Transação;https://www.gov.br/pgfn/pt-br/assuntos/divida-ativa-da-uniao/transparencia-fiscal-1/painel-dos-parcelamentos/termos-de-transacao/3a-regiao/TermodeTransaoIndividualRogeDistribuidoraeTecnologiaSATarjado.pdf;False
277bf51b824b;CERMAG COMERCIAL IMPORTADORA E EXPORTADORA LTDA (CNPJ: 55.893.069/0001-83);Region 3;Not identified;99872716.77;Transação Individual;61.63;120;;False;Comércio importador/exportador;Precatório;https://www.gov.br/pgfn/pt-br/assuntos/divida-ativa-da-uniao/transparencia-fiscal-1/painel-dos-parcelamentos/termos-de-transacao/3a-regiao/copy_of_SumrioCermagComercialImportadoraeExportadora.pdf;False
27823076b291;JOONGBO QUÍMICA DO BRASIL LTDA. - EM RECUPERACAO JUDICIAL (CNPJ 01.025.316/0001-09);Region 5;2024-08-16;;Transação Individual (Portaria PGFN nº 6.757/2022, considerando Portaria PGFN nº 2.382/2021 - recuperação judicial);65.0;99;;True;Química;Bem imóvel (descrição tarjada/ilegível no documento);https://www.gov.br/pgfn/pt-br/assuntos/divida-ativa-da-uniao/transparencia-fiscal-1/painel-dos-parcelamentos/termos-de-transacao/5a-regiao/TermodeTransaoIndividualJoongboQuimicadoBrasilLTDA.pdf;False
278d552403fa;TRANSPORTE SÃO LUIZ LTDA.;Region 2;2023-06-19;20201344.89;Transação Individual;65.0;120;;;Transporte;Imóvel localizado em Petrópolis/RJ (dados tarjados), Créditos a receber pela REQUERENTE em processos judiciais nº 0003006-20.2019.8.19.00042, 00016501-97.2020.8.19.0042, 0027101-66.2009.8.19.0042 (4ª Vara Cível da Comarca de Petrópolis) e 0027459-28.1988.4.02.4101 (30ª Vara Federal do Rio de Janeiro);https://www.gov.br/pgfn/pt-br/assuntos/divida-ativa-da-uniao/transparencia-fiscal-1/painel-dos-parcelamentos/termos-de-transacao/2a-regiao/TermodeTransaoIndividualTransporteSoLuizLTDATarjado.pdf;False
27ad802aa029;SOLVENTEX INDÚSTRIA QUÍMICA LTDA;Region 3;2023-08-31;;Transação Individual;54.0;120;;;Químico/Industrial;Bens do ativo fixo e estoque rotativo da Proponente, avaliados em 05.09.2022 nos autos da Execução Fiscal nº 0055134-71.2000.4.03.6182, Imóvel objeto da matrícula nº 173.476, Aval ou fiança do sócio detentor de 100% das quotas da empresa;https://www.gov.br/pgfn/pt-br/assuntos/divida-ativa-da-uniao/transparencia-fiscal-1/painel-dos-parcelamentos/termos-de-transacao/3a-regiao/TermodeTransacaoIndividualSolventexIndstriaQumicaLTDAtarjado.pdf;False
2826d52608d6;DRESS TO CLOTHING BOUTIQUE LTDA;Region 2;2025-01-17;75593205.27;Transação Individual;65.0;78;4.0;;Comércio de vestuário (moda/boutique);Apartamento objeto da matrícula (nº tarjado), Cartório do 16º Ofício de Niterói, avaliado em outubro de 2024 (valor tarjado), Apartamento nº (tarjado), objeto da matrícula (nº tarjado), Cartório do 1º Ofício de Angra dos Reis, avaliado em outubro de 2024 (valor tarjado), Apartamento nº (tarjado), objeto da matrícula (nº tarjado), Cartório do 1º Ofício de Angra dos Reis, avaliado em outubro de 2024 (valor tarjado), Fiança/garantia fidejussória prestada pelos FIADORES Rodrigo Braga de Andrade e Thatiana Rocha Amorim;https://www.gov.br/pgfn/pt-br/assuntos/divida-ativa-da-uniao/transparencia-fiscal-1/painel-dos-parcelamentos/termos-de-transacao/2a-regiao/TermodeTransaoIndividualDresstoClothigBoutiqueLTDATarjado.pdf;False
282f70b13b65;LAGINHA AGRO INDUSTRIAL S/A, SAPEL - SOCIEDADE DE AGRICULTURA E PECUARIA LTDA, MAPEL – MACEIÓ VEÍCULOS E PEÇAS LTDA, J L COMERCIAL AGROQUIMICA LTDA (Massa Falida);Region 5;2024-12-19;;Transação Individual - Plano de Regularização Fiscal (Portaria PGFN nº 6.757/2022);62.1;;;True;Agronegócio;;https://www.gov.br/pgfn/pt-br/assuntos/divida-ativa-da-uniao/transparencia-fiscal-1/painel-dos-parcelamentos/termos-de-transacao/5a-regiao/TermodeTransaoIndividualLaginhaAgroIndstrialSATarjado.pdf;False
284be988102b;MAGGION INDUSTRIAS DE PNEUS E MAQUINAS LTDA;Region 3;2024-06-10;126544665.65;Transação Individual;49.07;100;;;Indústria de pneus e máquinas;;https://www.gov.br/pgfn/pt-br/assuntos/divida-ativa-da-uniao/transparencia-fiscal-1/painel-dos-parcelamentos/termos-de-transacao/3a-regiao/TermodeTransaoIndividualMaggionIndstriasdePneuseMquinasLTDATarjado.pdf;False
28575a5d4508;ELLO CORRENTES COMÉRCIO E INDÚSTRIA LTDA.;Region 3;2020-12-30;60898109.44;Transação individual;;84;;;Comércio e indústria (correntes);Imóveis particulares integrantes de 11 (onze) matrículas discriminadas no Anexo II, nomeados à penhora;https://www.gov.br/pgfn/pt-br/assuntos/divida-ativa-da-uniao/transparencia-fiscal-1/painel-dos-parcelamentos/termos-de-transacao/3a-regiao/termo-transacao-individual_-ello.pdf;False
288ccd380122;USINA CANSANÇÃO DE SINIMBÚ S/A;Region 5;2023-11-03;;Transação Individual;65.0;;6.0;True;Agronegócio (usina de açúcar/etanol);Imóveis oferecidos em garantia, avaliados em R$ 137.013.104,00 (1º Serviço Notarial e Registral de São Miguel dos Campos/Alagoas), Manutenção de arrolamento de bens, medida cautelar fiscal e garantias prestadas administrativamente, Manutenção de penhoras existentes nos executivos fiscais em trâmite na Justiça Federal de Alagoas;https://www.gov.br/pgfn/pt-br/assuntos/divida-ativa-da-uniao/transparencia-fiscal-1/painel-dos-parcelamentos/termos-de-transacao/5a-regiao/TermodeTransaoIndividualUsinaCansanoSinimbSAInformaesSigilosasSuprimidas.pdf;False
28a90201192f;PACER LOGISTICA S.A. EM RECUPERACAO JUDICIAL;Region 3;2024-02-15;;Transação individual (em recuperação judicial);;84;;True;Logística;;https://www.gov.br/pgfn/pt-br/assuntos/divida-ativa-da-uniao/transparencia-fiscal-1/painel-dos-parcelamentos/termos-de-transacao/3a-regiao/TermodeTransaoIndividualPacerLogisticaSAemrecuperaojudicialtarjado.pdf;False
28acdc3dbcb0;PAULO AFONSO COSTA (grupo econômico com MAFRINORTE MATADOURO FRIGORÍFICO DO NORTE LTDA, ATIVO ALIMENTOS EXP. E IMP. EIRELI, CONSTRU LAR CONSTRUÇÃO E EMPREENDIMENTOS IMOBILIÁRIOS LTDA, FRIGORÍFICO UNIÃO LTDA, SOBERANO ALIMENTOS LTDA e BOI BOM LTDA);Region 1;2020-07-24;;Transação individual;;;;;Agronegócio (frigorífico/matadouro e alimentos);Hipoteca de imóveis listados no ANEXO II, Manutenção de bloqueio judicial de bens dos intervenientes até garantia integral da dívida sem descontos, Alienação fiduciária sobre bens móveis ou imóveis e cessão fiduciária de direitos sobre coisas móveis, títulos de crédito, direitos creditórios ou recebíveis futuros;https://www.gov.br/pgfn/pt-br/assuntos/divida-ativa-da-uniao/transparencia-fiscal-1/painel-dos-parcelamentos/termos-de-transacao/1a-regiao/termo-de-transacao-individual-boi-bom;False
28caec134924;LUNA ALG – AMÉRICA LATINA GUINDASTES LTDA EM RECUPERAÇÃO JUDICIAL;Region 4;2024-03-15;9794606.57;Transação Individual;;;;True;Not identified;Garantia parcialmente identificada, mas com dados tarjados no documento (Cláusula 10);https://www.gov.br/pgfn/pt-br/assuntos/divida-ativa-da-uniao/transparencia-fiscal-1/painel-dos-parcelamentos/termos-de-transacao/4a-regiao/TermodeTransaoIndividualLunaALGAmricaLartinaGuindastesLTDATarajado.pdf;False
28dab8e17fa3;Not identified;Region 5;Not identified;7707164.97;"0077 - TRANSACAO INDIVIDUAL (DEPENDE DE PREVIA APROVACAO DO PDA DA REGIAO); Modalidades: 0189 - DEMAIS DEBITOS - PORTE DEMAIS - RJ - ENTR - ATE 120 MESES - REDUCAO DE ATE 70% - F; 0190 - DEBITOS PREVIDENCIARIOS - PORTE DEMAIS - RJ - ENTRADA - ATE 60 MESES - REDUCAO DE 70% - F";44.85;120;;True;Not identified;;https://www.gov.br/pgfn/pt-br/assuntos/divida-ativa-da-uniao/transparencia-fiscal-1/painel-dos-parcelamentos/termos-de-transacao/5a-regiao/AnexoIChefFoodsIndstriaeComrciodeProdutosAlimentciosLTDAV.H.D.IndstriaComrciodeProdutosAlimentciosLTDA.pdf;False
28dc58b4d1c4;RR SHOES COMÉRCIO E FABRICAÇÃO DE CALÇADOS EIRELLI EM RECUPERAÇÃO JUDICIAL;Region 4;2023-05-11;42153473.97;Transação Individual;;120;;True;Calçados;Marca VIA UNO, avaliada em R$ 36.816.000,00;https://www.gov.br/pgfn/pt-br/assuntos/divida-ativa-da-uniao/transparencia-fiscal-1/painel-dos-parcelamentos/termos-de-transacao/4a-regiao/TermodeTransacaoIndividualRRShoesComercioeFabricacaodeCalcados.pdf;False
28e19d8edb64;MOTRICE SOLUÇÕES EM ENERGIA LTDA;Region 3;2023-12-18;26130056.72;Transação Individual;41.39;36;;;Energia;Mantidas as garantias já existentes até a assinatura do acordo (nenhuma garantia adicional);https://www.gov.br/pgfn/pt-br/assuntos/divida-ativa-da-uniao/transparencia-fiscal-1/painel-dos-parcelamentos/termos-de-transacao/3a-regiao/TermodeTransaoIndividualMotriceSoluesemEnergiaLTDA.pdf;False
292fd7ee6219;Bonet Madeiras Ltda / Indústrias Bonet S.A. / AMBC Holdings;Region 4;2023-07-07;790629957.27;Transação Individual;;;;;Madeireiro/Industrial;Imóveis livres e desembaraçados descritos no Anexo IV, avaliados em R$ 233.688.891,13;https://www.gov.br/pgfn/pt-br/assuntos/divida-ativa-da-uniao/transparencia-fiscal-1/painel-dos-parcelamentos/termos-de-transacao/4a-regiao/TermodeTransaoIndividualBonetMadeirasLTDATarjado.pdf;False
295b50e70227;D'PRADO DECORACOES LIMITADA - EPP / CARPETÃO DECORAÇÕES LTDA / MON LINE COMERCIO DE TAPETES;Region 3;2025-03-17;14163377.02;Transação Individual;32.35;145;;;Decoração/comércio de tapetes e carpetes;Manutenção automática dos gravames decorrentes de arrolamento de bens, de medida cautelar fiscal e das garantias prestadas administrativamente ou nas ações de execução fiscal ou em qualquer outra ação judicial;https://www.gov.br/pgfn/pt-br/assuntos/divida-ativa-da-uniao/transparencia-fiscal-1/painel-dos-parcelamentos/termos-de-transacao/3a-regiao/TermodeTransaoIndividualDPradoDecoraesLimitadaTarjado.pdf;False
2968eee6f884;CANINHA ONCINHA LTDA.;Region 3;2025-01-22;;Transação Individual;63.65;120;;;Bebidas/Aguardente;Imóveis matriculados sob os nºs: 2.589, 6.163, 7.786, 2.588, 28.785, 27.977, 27.972, 28.415, 1.483, 6.839, 522, 523, 5.577, 5.576, 26423, 4897, 1106, 6085 (5/10 avos), 9240, 5.578, 1.444, 1.449, 1.448 e 1.447 todos do CRI de Ourinhos/SP, avaliados em aproximadamente R$ 15.000.000,00, Crédito líquido e certo decorrente de penhora no rosto dos autos do Processo de Cumprimento de Sentença contra a Fazenda Pública nº 0004061-78.2001.4.03.6100, no valor de R$ 27.166.588,50, atualizado para 08/2022;https://www.gov.br/pgfn/pt-br/assuntos/divida-ativa-da-uniao/transparencia-fiscal-1/painel-dos-parcelamentos/termos-de-transacao/3a-regiao/TermodeTransaoIndividualCaninhaOncinhaLTDATarjado.pdf;False
29697b3a7417;FABRIMA MÁQUINAS AUTOMÁTICAS LTDA e MASIPACK INDÚSTRIA E COMÉRCIO DE MÁQUINAS AUTOMÁTICAS S/A;Region 3;2024-07-18;256492388.85;Transação Individual;46.98;48;;;Indústria de máquinas automáticas;;https://www.gov.br/pgfn/pt-br/assuntos/divida-ativa-da-uniao/transparencia-fiscal-1/painel-dos-parcelamentos/termos-de-transacao/3a-regiao/TermodeTransaoIndividualFabrimaMquinasAutomticas.pdf;False
2a41cd8bb0a7;TRANSPORTADORA TURÍSTICA BENFICA S.A. EM RECUPERACAO JUDICIAL / BENFICA CARGAS E LOGÍSTICA S.A. EM RECUPERACAO JUDICIAL;Region 3;2024-06-24;;Transação Individual (recuperação judicial);;84;;True;Transporte/Logística;;https://www.gov.br/pgfn/pt-br/assuntos/divida-ativa-da-uniao/transparencia-fiscal-1/painel-dos-parcelamentos/termos-de-transacao/3a-regiao/TermodeTransaoIndividualTransportadoraTursticaBenficaSA_comtarja.pdf;False
2a5994e6fb85;Not identified;Region 4;Not identified;;Not identified;;;;;Not identified;;https://www.gov.br/pgfn/pt-br/assuntos/divida-ativa-da-uniao/transparencia-fiscal-1/painel-dos-parcelamentos/termos-de-transacao/4a-regiao/AnexoIITecnotokIndstriadeMquinasLTDA.pdf;False
2adfe23a9565;FERRAGENS 3F DO BRASIL LTDA.;Region 2;2024-05-07;;Transação individual;56.05;90;;;Comércio/Indústria de ferragens;4% de recebíveis oriundos dos direitos de crédito do devedor junto aos clientes/credores, Imóveis e equipamentos constantes do ANEXO VIII, com ou sem penhora em favor da Fazenda Nacional, Penhora nas execuções fiscais listadas no ANEXO VII;https://www.gov.br/pgfn/pt-br/assuntos/divida-ativa-da-uniao/transparencia-fiscal-1/painel-dos-parcelamentos/termos-de-transacao/2a-regiao/TermodeTransaoIndividualFerragens3FdoBrasilLTDATarjado.pdf;False
2af3921400cf;DISTRIBUIDORA DE BEBIDAS F. ANTONIO CHIAMULERA LTDA;Region 4;Not identified;34905534.71;Transação individual;54.22;120;;False;Distribuição de bebidas;Imóveis;https://www.gov.br/pgfn/pt-br/assuntos/divida-ativa-da-uniao/transparencia-fiscal-1/painel-dos-parcelamentos/termos-de-transacao/4a-regiao/SumrioDistribuidoradeBebidasFAntonioChiamulera.pdf;False
2b3b70fdd8aa;RSFA COMÉRCIO ATACADISTA E VAREJISTA DE ROUPAS LTDA. – EM RECUPERAÇÃO JUDICIAL, SKS CONFECÇÕES LTDA. – EM RECUPERAÇÃO JUDICIAL, e BIG BRANDS LAUNCHER CONFECÇÕES LTDA. – EM RECUPERAÇÃO JUDICIAL;Region 3;2024-03-27;38361551.21;Transação Individual;51.49;84;;True;Comércio varejista/atacadista de vestuário (confecções);;https://www.gov.br/pgfn/pt-br/assuntos/divida-ativa-da-uniao/transparencia-fiscal-1/painel-dos-parcelamentos/termos-de-transacao/3a-regiao/TermodeTransaoIndividualRSFAComrcioAtacadistaeVarejistadeRoupasLTDATarjado.pdf;False
2ba9e4cc758e;ROSSI RESIDENCIAL SA EM RECUPERAÇÃO JUDICIAL e Outras;Region 3;2024-10-23;;Transação Individual;70.0;108;6.0;True;Construção civil/Incorporação imobiliária;Penhora de bens e direitos listados no Anexo V, Imóvel registrado sob matrículas no 9º Ofício de Registro de Imóveis do Rio de Janeiro;https://www.gov.br/pgfn/pt-br/assuntos/divida-ativa-da-uniao/transparencia-fiscal-1/painel-dos-parcelamentos/termos-de-transacao/3a-regiao/TermodeTransaoIndividualRossiResidencialLTDATarjado.pdf;False
2bbe0903ef9e;ROYAL FIC DISTRIBUIDORA DE DERIVADOS DE PETRÓLEO S.A;Region 3;2022-05-03;;Transação individual (Aditivo à Transação Individual);;84;;;Distribuição de derivados de petróleo;;https://www.gov.br/pgfn/pt-br/assuntos/divida-ativa-da-uniao/transparencia-fiscal-1/painel-dos-parcelamentos/termos-de-transacao/3a-regiao/ADITIVOtransaoindividualROYAL.pdf;False
2bc07fe3f850;NOMA DO BRASIL S/A EM RECUPERAÇÃO JUDICIAL;Region 4;Not identified;;Negócio Jurídico Processual (NJP);;;;True;Not identified;Cessão/utilização de crédito de precatório federal (autos n. 5005451-45.2019.404.7003) para pagamento e garantia das dívidas de FGTS, Penhora do crédito de precatório para formalização da garantia (dívida FGPR202101331);https://www.gov.br/pgfn/pt-br/assuntos/divida-ativa-da-uniao/transparencia-fiscal-1/painel-dos-parcelamentos/termos-de-transacao/4a-regiao/TermodeNegcioJurdicoProcessualNomadoBrasilSA.pdf;False
2c14020020fe;CASA DE SAUDE SANTA RITA SA;Region 3;2024-06-03;;Transação individual;45.63;1;;;Saúde;;https://www.gov.br/pgfn/pt-br/assuntos/divida-ativa-da-uniao/transparencia-fiscal-1/painel-dos-parcelamentos/termos-de-transacao/3a-regiao/TermodeTransaoIndividualCasadeSadeSantaRitaSAtarjado.pdf;False
2c1ba887422e;FUNDIFAR METALÚRGICA LTDA (CNPJ 07.498.804/0001-01) e EMOTORS DO BRASIL LTDA (CNPJ 20.964.371/0001-09), ambas em recuperação judicial;Region 4;2023-06-15;;Transação Individual;;120;;True;Metalúrgico/Indústria (fabricação de peças metálicas e motores);;https://www.gov.br/pgfn/pt-br/assuntos/divida-ativa-da-uniao/transparencia-fiscal-1/painel-dos-parcelamentos/termos-de-transacao/4a-regiao/TermodeTransaoIndividualFundifarMetalrgicaLTDAemrecuperaojudicialtarjado.pdf;False
2c32d7ecea70;COMPANHIA MINUANO DE ALIMENTOS;Region 4;2023-09-28;3950155.59;Transação Individual (débitos FGTS);;1;;;Agroindústria/Alimentos;;https://www.gov.br/pgfn/pt-br/assuntos/divida-ativa-da-uniao/transparencia-fiscal-1/painel-dos-parcelamentos/termos-de-transacao/4a-regiao/TermodeTransaoIndividualCompanhiaMinuanodeAlimentosTarjado.pdf;False
2c90d116963f;MASSIMA SOLUCOES EM ALIMENTACAO LTDA;Region 3;2024-03-04;27182485.55;Transação individual;65.0;60;;True;Alimentação;Manutenção automática dos gravames decorrentes de arrolamento de bens, medida cautelar fiscal e garantias prestadas administrativamente ou em ações de execução fiscal, Fiança pessoal dos sócios Patrício Pelúcio e Rogerio da Costa Vieira (Termo de Garantia Fidejussória - Anexo II);https://www.gov.br/pgfn/pt-br/assuntos/divida-ativa-da-uniao/transparencia-fiscal-1/painel-dos-parcelamentos/termos-de-transacao/3a-regiao/TermodeTransaoIndividualMassinaSolucoesemAlimentaoLTDAtarjado.pdf;False
2c9988b59ce0;ITAJARA COMERCIO DE CARNES LTDA - EM RECUPERAÇÃO JUDICIAL;Region 3;2025-02-21;88061471.84;Transação Individual (recuperação judicial);64.16;120;;True;Comércio de carnes / agronegócio;;https://www.gov.br/pgfn/pt-br/assuntos/divida-ativa-da-uniao/transparencia-fiscal-1/painel-dos-parcelamentos/termos-de-transacao/3a-regiao/TermodeTransaoIndividualItajaraComrciodeCarnesLTDATarjado.pdf;False
2d0d63ffbe29;CLUBE DE REGATAS DO FLAMENGO;Region 2;2024-07-01;;Negócio Jurídico Processual (art. 190 CPC) - Adesão ao parcelamento especial da Lei 13.155/2018 (PROFUT);;;;;Futebol/entretenimento;Bens imóveis matriculados junto ao 3º RGI do Rio de Janeiro sob os números 51469A,9143A, 9158A,9260A, 9786A, 9806A, 9285A, 51473A, 9168A, 51474A, 9846A, 53723A, 11059A, 9886A, 58009A, 51476-A, substituídos por bens imóveis matriculados junto ao 9º RGI do Rio de Janeiro sob os números 135.275 e 135.274;https://www.gov.br/pgfn/pt-br/assuntos/divida-ativa-da-uniao/transparencia-fiscal-1/painel-dos-parcelamentos/termos-de-transacao/2a-regiao/TermodeTransaoIndividualClubedeRegatasdoFlamengoTarjado.pdf;False
2d37412a9cd7;FABRIMA MÁQUINAS AUTOMÁTICAS LTDA e MASIPACK INDÚSTRIA E COMÉRCIO DE MÁQUINAS AUTOMÁTICAS S/A;Region 3;2024-07-18;256492388.85;Transação Individual;46.98;48;;;Máquinas automáticas/industrial;;https://www.gov.br/pgfn/pt-br/assuntos/divida-ativa-da-uniao/transparencia-fiscal-1/painel-dos-parcelamentos/termos-de-transacao/3a-regiao/TermodeTransaoIndividualFabrimaMquinasAutomotticasLTDATarjado.pdf;False
2d72f461b923;Usina Santa Clotilde;Region 5;2022-06-28;128433726.84;Transação Individual para empresas em Recuperação Judicial (Portaria PGFN nº 2382/2021);70.0;120;;True;Agronegócio (usina de açúcar/álcool);Imóvel Canoas de Cima (matrícula 5094, Registro Geral de Imóveis de Rio Largo) - garantia dos débitos não incluídos na transação (Anexo II), Imóvel Fazenda Milagres (matrícula 1512, Cartório Geral de Imóveis de Rio Largo/AL), avaliado em R$ 15.383.310,00, oferecido em hipoteca para os débitos do acordo de transação, Penhoras já existentes nas execuções fiscais mantidas (Cláusula 13);https://www.gov.br/pgfn/pt-br/assuntos/divida-ativa-da-uniao/transparencia-fiscal-1/painel-dos-parcelamentos/termos-de-transacao/5a-regiao/TermodeTransaoIndividualUsinaSantaClotildeTarjado.pdf;False
2dc374fdab44;C S SCHNEIDER CASAS DE TINTAS LTDA - EM RECUPERAÇÃO JUDICIAL;Region 4;2024-11-11;2023554.67;Transação Individual;50.99;120;;True;Comércio (casas de tintas);Manutenção das garantias existentes (indisponibilidades/penhoras/bloqueios) nos processos relacionados aos créditos negociados;https://www.gov.br/pgfn/pt-br/assuntos/divida-ativa-da-uniao/transparencia-fiscal-1/painel-dos-parcelamentos/termos-de-transacao/4a-regiao/TermodeTransaoIndividualCSSchneiderCasasdeTintasLTDATarajado.pdf;False
2dda52cc4d8c;SALVADOR LOGISTICA E TRANSPORTES LTDA;Region 3;2024-10-23;;Transação Individual;;48;;;Logística e Transportes;Bens imóveis avaliados em R$ 374.308.308,28, oferecidos à penhora nos autos da execução fiscal nº 5000979-77.2023.4.03.6133, Fiança pessoal dos sócios GILBERTO ALCIONE SALVADOR e FERNANDO HENRIQUE SALVADOR, Manutenção de gravames decorrentes de arrolamento de bens, medida cautelar fiscal e garantias prestadas administrativamente ou em execução fiscal;https://www.gov.br/pgfn/pt-br/assuntos/divida-ativa-da-uniao/transparencia-fiscal-1/painel-dos-parcelamentos/termos-de-transacao/3a-regiao/TermodeTransaoIndividualSalvadorLogsticaeTransporteLTDATarjado.pdf;False
2dda5949e72b;COMPESCAL COMÉRCIO DE PESCADO ARACATIENSE LTDA;Region 5;2023-11-29;;Transação Individual;65.0;60;0.0;;Comércio de pescado;Bens penhorados nos executivos fiscais (descrição tarjada), Manutenção de arrolamento de bens, medida cautelar fiscal e garantias prestadas administrativamente, Hipoteca do próprio bem (em caso de parcelamento de compra via COMPREI);https://www.gov.br/pgfn/pt-br/assuntos/divida-ativa-da-uniao/transparencia-fiscal-1/painel-dos-parcelamentos/termos-de-transacao/5a-regiao/TermodeTransaoCompescalComrciodePescadoAracatienseLTDAInformaesSigilosasSuprimidas.pdf;False
2e04765a0f69;CONSTRUTORA ANDRADE GUEDES LTDA;Region 5;2021-10-27;61135902.42;Transação Individual para empresas em Recuperação Judicial (Portaria PGFN nº 2382/2021);61.98;120;;True;Construção civil;O devedor mantém todas as garantias associadas ao débito já existentes nas respectivas execuções fiscais (Cláusula 13);https://www.gov.br/pgfn/pt-br/assuntos/divida-ativa-da-uniao/transparencia-fiscal-1/painel-dos-parcelamentos/termos-de-transacao/5a-regiao/termo-de-transacao-individual-construtora-andrade-guedes.pdf;False
2e0e9329c868;DISTRIBUIDORA DE BEBIDAS F. ANTONIO CHIAMULERA LTDA;Region 4;Not identified;34771877.42;Transação Individual;45.77;120;;;Distribuição de bebidas;Matrícula do Registro de Imóveis de Lajeado/RS (Imóvel 1), Matrícula do Registro de Imóveis de Lajeado/RS (Imóvel 2), Matrícula do Registro de Imóveis de Lajeado/RS (Imóvel 3), Matrícula do Registro de Imóveis de Lajeado/RS (Imóvel 4), Matrícula do Registro de Imóveis de Lajeado/RS (Imóvel 5);https://www.gov.br/pgfn/pt-br/assuntos/divida-ativa-da-uniao/transparencia-fiscal-1/painel-dos-parcelamentos/termos-de-transacao/4a-regiao/copy_of_ermodeTransaoIndividualDistribuidoradeBebidasF.AntonioChiamuleraLTDA.pdf;False
2e4c2cc906cf;Massa Falida da Companhia de Fiação e Tecidos Ernesto Deocleciano;Region 5;2020-03-18;;Transação individual;50.0;1;50.0;False;Têxtil;;https://www.gov.br/pgfn/pt-br/assuntos/divida-ativa-da-uniao/transparencia-fiscal-1/painel-dos-parcelamentos/termos-de-transacao/5a-regiao/termo-de-transacao-individual-massa-f-cidos-ernesto-deocleciano-inf-suprimidas.pdf;False
2ece789027c3;NAOMI COMÉRCIO DE ALIMENTOS LTDA.;Region 2;2023-01-16;41922945.77;Transação Individual;65.0;120;;;Comércio de alimentos;Imóvel rural (denominado, com aproximadamente 7 alqueires e 1.280m², ou 34,00,80 hectares), avaliado em R$40.000.000,00, localizado na Zona Rural do 3º Registro de Resende, inscrito no INCRA, registrado no 2º Ofício de Registro Geral de Imóveis de Resende;https://www.gov.br/pgfn/pt-br/assuntos/divida-ativa-da-uniao/transparencia-fiscal-1/painel-dos-parcelamentos/termos-de-transacao/2a-regiao/TermodeTransacaoIndividualNaomicomerciodeAlimentosLTDA.pdf;False
2ef75b30326d;GRUPO GOLF (Narosse Holdings S.A., Nampont Holdings S.A., Eral - Empresa Recuperadora de Ativos Ltda., Golf Participações Ltda., Ava Participações S.A., Sofis Administradora Ltda., Sierra Empreendimentos e Participações Ltda., Brulee Participações Ltda, Novo Campo Administradora e Incorporadora S/A, São Paulo Properties S.A., Scorpion Participações Ltda);Region 3;2024-11-08;106086314.13;Transação Individual;43.3;48;;;Not identified;;https://www.gov.br/pgfn/pt-br/assuntos/divida-ativa-da-uniao/transparencia-fiscal-1/painel-dos-parcelamentos/termos-de-transacao/3a-regiao/TermodeTransaoIndividualNarosseHoldingsSATarajado.pdf;False
2f3980cdde83;PESCATA DISTRIBUIDORA DE ALIMENTOS LTDA - EM RECUPERAÇÃO JUDICIAL;Region 4;2023-11-21;3999868.61;Transação Individual;;120;;True;Distribuição de alimentos;;https://www.gov.br/pgfn/pt-br/assuntos/divida-ativa-da-uniao/transparencia-fiscal-1/painel-dos-parcelamentos/termos-de-transacao/4a-regiao/TermodeTransaoIndividualPescataDistribuidoradeAlimentosLTDAemrecuperaojudicialtarjado.pdf;False
2f4661789a38;FLC HOLDING EMPREENDIMENTOS E PARTICIPAÇÕES S.A. - EM RECUPERAÇÃO JUDICIAL (e demais empresas do grupo: FLC INDÚSTRIA E COMÉRCIO DE PLÁSTICOS LTDA, LOCOMOTIVA INDÚSTRIA E COMÉRCIO DE TÊXTEIS INDUSTRIAIS LTDA, HAMAFLEX DA AMAZÔNIA INDÚSTRIA E COMÉRCIO DE TÊXTEIS INDUSTRIAIS LTDA, LUFLEX IMPORTADORA, EXPORTADORA E DISTRIBUIDORA LTDA - todas em Recuperação Judicial);Region 3;2024-09-03;;Transação Individual;65.0;120;;True;Têxtil/Plásticos (indústria e comércio);Bem imóvel (descrição tarjada), Marcas (descrição tarjada), avaliadas conjuntamente (valor tarjado);https://www.gov.br/pgfn/pt-br/assuntos/divida-ativa-da-uniao/transparencia-fiscal-1/painel-dos-parcelamentos/termos-de-transacao/3a-regiao/TermodeTransacaoIndividualFLCHoldingEmpreendimentoseParticipaesSAemrecuperaojudicialtarjado.pdf;False
2f82015d0dd5;DFC ADMINISTRADORA DE IMÓVEIS LTDA, BONANZA SUPERMERCADOS LTDA, ALIANÇA DISTRIBUIDORA DE GÊNEROS ALIMENTÍCIOS LTDA;Region 5;2022-04-07;;Transação Individual (3º Termo Aditivo);50.0;130;;;Supermercados/Varejo alimentício e administração de imóveis;;https://www.gov.br/pgfn/pt-br/assuntos/divida-ativa-da-uniao/transparencia-fiscal-1/painel-dos-parcelamentos/termos-de-transacao/5a-regiao/3TermoAditivoBONANZA.pdf;False
2fc16b7210a2;CONCRESERV CONCRETO S.A. - EM RECUPERAÇÃO JUDICIAL;Region 3;2024-02-27;196603002.93;Transação Individual;42.47;60;;True;Construção civil / materiais de construção (concreto);;https://www.gov.br/pgfn/pt-br/assuntos/divida-ativa-da-uniao/transparencia-fiscal-1/painel-dos-parcelamentos/termos-de-transacao/3a-regiao/TermodeTransaoIndividualConcreservConcretoSATarjado.pdf;False
2fda2e60bc81;SPORT CLUB DO RECIFE;Region 5;2023-07-05;;Transação Individual;53.7;145;;True;futebol/entretenimento;Imóvel matriculado sob o nº 4.262 – 7º CRI Recife/PE (garantia integral das inscrições excluídas, penhorado por R$ 400.000.000,00), Manutenção das penhoras existentes nos executivos fiscais em trâmite na Justiça Federal de Pernambuco, Manutenção automática dos gravames decorrentes de arrolamento de bens, medida cautelar fiscal e garantias prestadas administrativamente;https://www.gov.br/pgfn/pt-br/assuntos/divida-ativa-da-uniao/transparencia-fiscal-1/painel-dos-parcelamentos/termos-de-transacao/5a-regiao/TermodeTransaoIndividualSortClubdoRecifeTarjado.pdf;False
30081123aec1;GIDELSON MOREIRA DOS SANTOS, NAVE-BRAS REPAROS NAVAIS LTDA e SANTOS & SILVA NAVEBRAS TRANSPORTES LTDA;Region 3;2024-10-07;15794479.12;Transação Individual;46.93;120;;;Reparos e transporte naval;Manutenção automática dos gravames decorrentes de arrolamento de bens, de medida cautelar fiscal e das garantias prestadas administrativamente ou em ações de execução fiscal;https://www.gov.br/pgfn/pt-br/assuntos/divida-ativa-da-uniao/transparencia-fiscal-1/painel-dos-parcelamentos/termos-de-transacao/3a-regiao/TermodeTransaoIndividualNaveBrasReparosNavaisLTDATarajado.pdf;False
301f5b27002e;MAFRIAL MATADOURO E FRIGORÍFICO LTDA;Region 1;2021-09-10;37743741.77;Transação Individual - Transação Excepcional (Portaria PGFN nº 14.402/20, art. 8º §2º);43.03;84;;False;Agronegócio (frigorífico/matadouro);Bens imóveis relacionados no ANEXO III, com matrículas e laudo de avaliação;https://www.gov.br/pgfn/pt-br/assuntos/divida-ativa-da-uniao/transparencia-fiscal-1/painel-dos-parcelamentos/termos-de-transacao/1a-regiao/termo-de-transacao-individual-mafrial-parte-ii.pdf;False
303f6a3174f9;VALTELLINA DO BRASIL SERVIÇOS PARA INDÚSTRIA LTDA;Region 2;2024-10-21;44388838.32;Transação Individual;40.0;1;;;Serviços para indústria;Apólice de seguro garantia emitida pela BMG Seguros S.A.;https://www.gov.br/pgfn/pt-br/assuntos/divida-ativa-da-uniao/transparencia-fiscal-1/painel-dos-parcelamentos/termos-de-transacao/2a-regiao/TermodeTransaoIndividualValtellinadoBrasilServiosparaIndstriaLTDATarjado.pdf;False
305d45938c7b;ANC COMERCIO DE IMÓVEIS E SERVICOS LTDA;Region 4;2025-04-01;13867283.95;Transação Individual;37.12;120;;;Comércio de imóveis e serviços (imobiliário);Bens imóveis matriculados sob os nº 120.255, 120.256, 120.257, 120.258, 120.259, 120.260, 120.261, 175.500, 175.501 e 175.502 no Registro de Caxias do Sul/RS, Imóveis de matrícula 32.906 e 32.919 registrados na cidade de Farroupilha/SC (Anexo IV), Escritura pública de hipoteca (garantia extrajudicial subsidiária, em caso de indeferimento judicial da penhora);https://www.gov.br/pgfn/pt-br/assuntos/divida-ativa-da-uniao/transparencia-fiscal-1/painel-dos-parcelamentos/termos-de-transacao/4a-regiao/TermodeTransaoIndividualANCComrciodeImveiseServiosLTDA.pdf;False
3121bc7ff995;JAIME CORSO e JACQUELINE MIRANDA TORRES CORSO;Region 1;2024-10-30;24537344.27;Transação individual;62.17;145;;;Agronegócio;Bem imóvel (Matrícula n. 6.760 registrado no CRI de Cristalina/GO) - Fazenda Manga ou Estiva, avaliação R$ 17.000.000,00, com hipoteca proveniente de crédito rural;https://www.gov.br/pgfn/pt-br/assuntos/divida-ativa-da-uniao/transparencia-fiscal-1/painel-dos-parcelamentos/termos-de-transacao/1a-regiao/TermodeTransaoIndividualJaimeCorsotarjado1r.pdf;False
3169a43f2eea;VIAÇÃO SANTA ROSA LTDA – EM RECUPERAÇÃO JUDICIAL;Region 5;2024-08-14;;Transação Individual Simplificada;70.0;36;;True;Transporte (rodoviário/viação);Manutenção das garantias já existentes (judiciais ou administrativas), Bens penhorados ou descritos como garantia sujeitos a alienação em caso de rescisão;https://www.gov.br/pgfn/pt-br/assuntos/divida-ativa-da-uniao/transparencia-fiscal-1/painel-dos-parcelamentos/termos-de-transacao/5a-regiao/TermodeTransaoIndividualViaoSantaRosaLTDAemrecuperaojudicialtarjado.pdf;False
31801ccac6f0;COMITÊ OLÍMPICO BRASILEIRO;Region 2;2022-09-16;;Transação Individual (Termo Aditivo);;;;;Esporte/entretenimento;Apólice de seguro garantia nº 04669201610010775000540 (execução fiscal nº 0162396-90.2016.4.02.5101), não renovada;https://www.gov.br/pgfn/pt-br/assuntos/divida-ativa-da-uniao/transparencia-fiscal-1/painel-dos-parcelamentos/termos-de-transacao/2a-regiao/ITermoAditivodeTransaoIndividualComitOlmpicoBrasileirotarjado.pdf;False
31894bd7be8f;INDÚSTRIA DE PLÁSTICO E VIDRO BRAÇO LTDA;Region 2;2025-02-24;18554211.14;Transação individual;51.0;37;0.4;;Indústria (plástico e vidro);Manutenção das garantias associadas aos débitos transacionados (art. 7º, II, Portaria PGFN nº 6.757/2022), incluídos bens objeto de constrição nas Execuções Fiscais;https://www.gov.br/pgfn/pt-br/assuntos/divida-ativa-da-uniao/transparencia-fiscal-1/painel-dos-parcelamentos/termos-de-transacao/2a-regiao/TermodeTransaoIndividualIndstriadePlsticoeVidroBraoLTDATarjado.pdf;False
318d8e93e91b;ESPÓLIO DE JOSÉ PERCI RIBEIRO DA COSTA;Region 3;2021-11-25;153692729.18;Transação individual;70.0;145;5.0;;Not identified;Imóveis descritos no Anexo IV (alienação vinculada ao pagamento das parcelas);https://www.gov.br/pgfn/pt-br/assuntos/divida-ativa-da-uniao/transparencia-fiscal-1/painel-dos-parcelamentos/termos-de-transacao/3a-regiao/termo-de-transacao-individual-espolio-de-jose-perci-ribeiro-da-costa.pdf;False
323efab3c8c5;CHEF FOODS INDÚSTRIA E COMÉRCIO DE PRODUTOS ALIMENTÍCIOS LTDA e V.H.D. INDUSTRIA E COMERCIO DE PRODUTOS ALIMENTICIOS LTDA;Region 4;Not identified;;Transação individual - Empresas em processo de recuperação judicial;;108;;True;Indústria alimentícia;Manutenção automática dos gravames decorrentes de arrolamento de bens, medida cautelar fiscal, penhoras ou garantias prestadas administrativamente;https://www.gov.br/pgfn/pt-br/assuntos/divida-ativa-da-uniao/transparencia-fiscal-1/painel-dos-parcelamentos/termos-de-transacao/4a-regiao/TermodeTransaoIndividualChefFoodsIndstriaeComrciodeProdutosAlimentciosLTDAV.H.D.IndustriaComerciodeProdutosAlimenticiosLTDA.pdf;False
32405ae397df;IMETAL INDÚSTRIA E COMÉRCIO DE METAIS LTDA – MASSA FALIDA;Region 4;2022-11-09;1044014.81;Transação Individual;40.6;1;;False;Metalurgia/Indústria de metais;;https://www.gov.br/pgfn/pt-br/assuntos/divida-ativa-da-uniao/transparencia-fiscal-1/painel-dos-parcelamentos/termos-de-transacao/4a-regiao/TermodeTransaoIndividualImetal.pdf;False
324890c3b03f;HOSPITAL INDEPENDÊNCIA ZONA LESTE LTDA;Region 3;2024-04-10;11437540.41;Transação individual (modalidades DEMAIS e PREV);;60;;;Saúde/Hospitalar;Fiança pessoal (Anexo II - Termo de Garantia Fidejussória) prestada por Mariluci Jung, sócia administradora, Manutenção automática dos gravames decorrentes de arrolamento de bens, medida cautelar fiscal e garantias já prestadas administrativamente ou em ações judiciais/execuções fiscais;https://www.gov.br/pgfn/pt-br/assuntos/divida-ativa-da-uniao/transparencia-fiscal-1/painel-dos-parcelamentos/termos-de-transacao/3a-regiao/TermodeTransacaoIndividualHospitalindependnciatermocomtarja.pdf;False
32b802a912a3;FUNDIÇÃO ALUMETAF LTDA;Region 4;2024-05-28;59683716.37;Transação Individual - Plano de Pagamento Parcelado do Débito Fiscal (0075 - DEMAIS DEBITOS -PJ- DEMAIS-ATE 120 MESES - REDUCAO DE ATE 65% - 3/3-F);37.97;120;;;Metalurgia/Fundição;Imóvel situado na Rua Francisco Merlo, descrito no Livro 02 do Cartório de Registro de Imóveis de Gaspar, com área de 20.020 m², avaliado em R$ 11.670.000,00, Demais garantias existentes permanecerão;https://www.gov.br/pgfn/pt-br/assuntos/divida-ativa-da-uniao/transparencia-fiscal-1/painel-dos-parcelamentos/termos-de-transacao/4a-regiao/TermodeTransaoIndividualFundaoAlumetafLTDAtarjado.pdf;False
32ed4d419d31;ITAIQUARA ALIMENTOS S.A., CIA AGRO PASTORIL DO RIO GRANDE, USINA AÇUCAREIRA PASSOS S.A., AGRO PECUÁRIA VALE DO RIO GRANDE S.A. e CIA AÇUCAREIRA RIO GRANDE (grupo econômico);Region 3;2023-12-19;;Transação Individual (modalidades DEMAIS e PREV, em Recuperação Judicial);;108;3.0;True;Agronegócio (alimentos, açúcar e agropecuária);Imóveis listados nos Anexos IV e V, Penhora de imóveis a ser formalizada em até 90 dias;https://www.gov.br/pgfn/pt-br/assuntos/divida-ativa-da-uniao/transparencia-fiscal-1/painel-dos-parcelamentos/termos-de-transacao/3a-regiao/TermodeTransaoIndividualItaiquaraAlimentosS.ATarjado.pdf;False
3303c07b0694;Grupo IRFASA (IRFATUR TURISMO E HOTELARIA S.A, IRFASA S.A CONSTRUCOES INDUSTRIA E COMERCIO, URBRAS URBANIZACAO E PREMOLDADOS LTDA, BETONMIX SERVICOS DE CONCRETAGEM EIRELI, SABEP SAO BENTO EMPREENDIMENTOS E PARTICIPACOES S.A, FAZENDAS DA PRATA S.A, Espólio de WAYNE DO CARMO FARIA);Region 1;2023-06-26;71331623.01;Transação Individual;62.48;60;;;Construção civil/imobiliário;"Imóvel de matrícula nº 16.800 (""Imóvel SIA""), 4º Registro de Imóveis do DF, Imóvel de matrícula nº 3.951 (""Hotel Aracoara""), 2º Registro de Imóveis do DF, Imóvel de matrícula nº 1.060 (""Fazenda da Prata""), Cartório de Registro de Imóveis de Pirapora/MG (garantia condicional, sujeita a regras próprias), Hipoteca sobre os imóveis oferecidos em garantia";https://www.gov.br/pgfn/pt-br/assuntos/divida-ativa-da-uniao/transparencia-fiscal-1/painel-dos-parcelamentos/termos-de-transacao/1a-regiao/TermodeTransaoIndividualIfarturTurismoeHotelariaSAtarjado.pdf;False
339025da80f4;CURTUME SULINO LTDA;Region 4;2023-04-05;;Transação Individual;;145;;;Curtume/Couro;Dispensa de garantias reais ou fidejussórias (modalidade PERSE, art. 3º, §7º, inciso II, da Lei 14.148/21);https://www.gov.br/pgfn/pt-br/assuntos/divida-ativa-da-uniao/transparencia-fiscal-1/painel-dos-parcelamentos/termos-de-transacao/4a-regiao/TermodeTransacaoIndividualCurtumeSulinoLTDA.pdf;False
34670a98439d;R. C. DA S. JUNIOR LTDA;Region 1;2023-09-27;2123474.86;Transação Individual - Modalidade 9;42.28;80;;;Not identified;;https://www.gov.br/pgfn/pt-br/assuntos/divida-ativa-da-uniao/transparencia-fiscal-1/painel-dos-parcelamentos/termos-de-transacao/1a-regiao/TermodeTransaoIndividualR.C.daS.JuniorLTDAFGTStarjado.pdf;False
346b9b81674a;GRUPO AFINIDADE (AFINIDADE CONSULTORIA E BENEFÍCIOS LTDA. e demais empresas do grupo);Region 1;2023-11-21;144010665.29;Transação individual (Plano de Regularização Fiscal - substituição a termo anterior);42.0;101;;;Consultoria/corretagem de seguros e benefícios;Bens imóveis relacionados no ANEXO II-A e B (garantias já formalizadas/mantidas), Bens imóveis relacionados no ANEXO II-C (loteamento Parque Três Poderes), Nomeação à penhora na execução fiscal nº1005543-78.2023.4.01.3400 dos bens descritos no ANEXO II-B e C, Constituição de hipoteca sobre imóveis em caso de extinção da execução fiscal referida antes da quitação integral;https://www.gov.br/pgfn/pt-br/assuntos/divida-ativa-da-uniao/transparencia-fiscal-1/painel-dos-parcelamentos/termos-de-transacao/1a-regiao/TermodetransaoIndividualAfinidadeConsultoriaeBenefciosLTDAtarjado.pdf;False
34726f11c154;BORAQUÍMICA LTDA (e outros requerentes solidários: Luiz Antônio Bueno Costa, Marcos Antônio Bueno Costa, Rogério José Bonato, Rodolfo Cavinato Gonçalvez Chaves, Fábio Gonçalves Chaves, Rodrigo Gonçalves Chaves, TJ-Log Armazéns Gerais Ltda, Bueno Prestação de Serviços Eireli-ME, Comercial Auto House Ltda);Region 3;2024-12-09;;Termo Aditivo de Transação Individual (repactuação);36.0;;;;Químico;;https://www.gov.br/pgfn/pt-br/assuntos/divida-ativa-da-uniao/transparencia-fiscal-1/painel-dos-parcelamentos/termos-de-transacao/3a-regiao/TermodeTransaoIndividualBoraqumicaLTDATarjado.pdf;False
348d33e949ff;FLORESTA COMÉRCIO E INDÚSTRIA S/A – EM RECUPERAÇÃO JUDICIAL;Region 2;2024-06-18;105656309.38;Transação individual;70.0;90;;True;Not identified;4% do faturamento da DEVEDORA (cláusula 3.1.1), Imóveis constantes do ANEXO VI (cláusula 3.1.3), Veículos constantes do ANEXO VII (cláusula 3.1.3);https://www.gov.br/pgfn/pt-br/assuntos/divida-ativa-da-uniao/transparencia-fiscal-1/painel-dos-parcelamentos/termos-de-transacao/2a-regiao/TermodeTransaoIndividualFlorestaComrcioeIndstriaSATarjado.pdf;False
34a3c3f9a72d;METALSHOP INDÚSTRIA E COMÉRCIO LTDA EM RECUPERAÇÃO JUDICIAL;Region 5;2024-09-30;;Transação Individual;;;;True;Indústria/metalurgia;Manutenção das garantias já existentes (judiciais/administrativas), Bens penhorados ou descritos como garantia, sujeitos a alienação via sistema COMPREI em caso de rescisão;https://www.gov.br/pgfn/pt-br/assuntos/divida-ativa-da-uniao/transparencia-fiscal-1/painel-dos-parcelamentos/termos-de-transacao/5a-regiao/TermodeTransaoIndividualMetalshopIndstriaeComrcioTarjado.pdf;False
34bfc092dc06;Not identified;Region 1;2022-03-06;20076123.55;Transação individual;70.0;145;;;Agronegócio;Imóvel rural denominado (nome tarjado), com área de 1.047,304ha, localizado em Serranópolis, de propriedade de terceiro interveniente (Empresarial Agrícola Ribeirão Ltda), com edificações e benfeitorias, conforme laudo de avaliação anexo;https://www.gov.br/pgfn/pt-br/assuntos/divida-ativa-da-uniao/transparencia-fiscal-1/painel-dos-parcelamentos/termos-de-transacao/1a-regiao/TermodeTransaoIndividualEmpresarialAgrcolaRibeiroLTDATarjado.pdf;False
34f593fdabf4;SALES MATERIAL DE CONSTRUÇÃO LTDA. – EM RECUPERAÇÃO JUDICIAL (CNPJ 15.082.514/0001-00);Region 5;2023-03-21;;Transação Individual (Portaria PGFN nº 6.757/2022);;120;;True;Comércio de materiais de construção;Manutenção automática dos gravames decorrentes de arrolamento de bens, medida cautelar fiscal e garantias já prestadas administrativamente ou em execuções fiscais/ações judiciais;https://www.gov.br/pgfn/pt-br/assuntos/divida-ativa-da-uniao/transparencia-fiscal-1/painel-dos-parcelamentos/termos-de-transacao/5a-regiao/TERMODETRANSAOINDIVIDUALSALESMATERIALDECONSTRUOLTDA.pdf;False
352976cd6458;INTERNATIONAL CHRISTIAN SCHOOL OF RIO DE JANEIRO;Region 2;2024-01-22;17582473.9;Transação Individual;70.0;145;;;Educação;Bens integrantes do acervo indicados no ANEXO VI (valor tarjado), Veículo Ford Ranger XLT 4x4 Diesel, ano 2013, Veículo Volkswagen Fox G-II Flex Manual 1.0, ano 2010, 7% da receita bruta mensal da DEVEDORA (penhora de faturamento, condicional);https://www.gov.br/pgfn/pt-br/assuntos/divida-ativa-da-uniao/transparencia-fiscal-1/painel-dos-parcelamentos/termos-de-transacao/2a-regiao/TermodeTransaoIndividualInternationalChristianSchoolofRiodeJaneirotarjado.pdf;False
3548945d115a;RODOLIMA TRANSPORTES LTDA. ME. (e grupo econômico: JVA RJ TRANSPORTES LTDA., TRANSJIL CAXIAS TRANSPORTES EIRELI., MINERAJIL EXTRACAO DE AREIA LTDA. ME.);Region 2;2025-01-22;3186869.5;Transação Individual;70.0;145;;True;Transporte (e extração de areia);;https://www.gov.br/pgfn/pt-br/assuntos/divida-ativa-da-uniao/transparencia-fiscal-1/painel-dos-parcelamentos/termos-de-transacao/2a-regiao/TermodeTransaoIndividualRodolimaTransportesLTDATarjado.pdf;False
359222c69638;BRAZIL TRADING LTDA;Region 2;2023-08-10;1068725172.3;Transação individual;65.0;108;3.0;;Not identified;Imóvel (terreno com construção comercial) situado na Avenida Anhanguera, Bairro Rodoviário, Goiânia/GO, Imóvel lote nº 13, quadra K, loteamento Jardim Adalgisa II, Osasco/SP, 2% da receita bruta mensal da DEVEDORA (penhora de faturamento), Seguro-garantia no valor de R$ 300.000.000,00, apólice BMG Seguros;https://www.gov.br/pgfn/pt-br/assuntos/divida-ativa-da-uniao/transparencia-fiscal-1/painel-dos-parcelamentos/termos-de-transacao/2a-regiao/TermodeTransacaoIndividualBrazilTradingLTDAtarjado.pdf;False
35d1bb58b48a;Grupo NUTRI HOSPITALAR (NUTRI HOSPITALAR ALIMENTACAO E SERVICOS LTDA e outras empresas do grupo econômico);Region 3;2024-02-14;54284995.9;Transação Individual (modalidades DEMAIS e PREV);58.22;60;;;Fornecimento de alimentação coletiva/preparada para empresas (com uma empresa de obras de urbanização no grupo);Manutenção automática dos gravames decorrentes de arrolamento de bens, medida cautelar fiscal e garantias já prestadas administrativamente ou em execuções fiscais/ações judiciais, Garantia adicional: Contrato 3.2.1, vigência 60 meses, valor R$ 5.459.544,72 (dados do contrato tarjados), Garantia adicional: Contrato 3.2.2, vigência 20/08/2021 a 20/08/2026, valores R$ 8.691.204,12 por ano (dados do contrato tarjados), Garantia adicional: item 3.2.3, vigência 06/2020 a 06/2025 (60 meses), valor R$ 4.898.999,52 (dados tarjados), Oferecimento de bem à penhora nos autos da execução fiscal nº 5001681-98.2023.4.03.6108;https://www.gov.br/pgfn/pt-br/assuntos/divida-ativa-da-uniao/transparencia-fiscal-1/painel-dos-parcelamentos/termos-de-transacao/3a-regiao/copy_of_TermodetransaoindividualNutriHospitalaralimentacaoeservicosLTDA.pdf;False
35e2996f6455;NÚCLEO INDÚSTRIA TÊXTIL LTDA EM RECUPERAÇÃO JUDICIAL;Region 4;2025-05-29;1999943.92;Transação Individual - Empresa em recuperação judicial;70.0;96;3.0;True;Têxtil;Manutenção das garantias eventualmente existentes;https://www.gov.br/pgfn/pt-br/assuntos/divida-ativa-da-uniao/transparencia-fiscal-1/painel-dos-parcelamentos/termos-de-transacao/4a-regiao/TermodeTransaoIndividualNcleoIndstriaTxtilLTDA.pdf;False
361363cac85c;Not identified;Region 4;Not identified;;Not identified;;;;;Not identified;;https://www.gov.br/pgfn/pt-br/assuntos/divida-ativa-da-uniao/transparencia-fiscal-1/painel-dos-parcelamentos/termos-de-transacao/4a-regiao/AnexoIIChefFoodsIndstriaeComrciodeProdutosAlimentciosLTDAV.H.D.IndstriaComrciodeProdutosAlimentciosLTDA.pdf;False
363a0446426b;GAP - GUARARAPES ARTEFATOS DE PAPEL EIREL;Region 3;2021-07-16;;Transação individual;50.0;84;;;Papel e celulose/artefatos de papel;Créditos de terceiro (empresa Damapel Indústria Comércio e Distribuição de Papéis Ltda, CNPJ 02.969.683/0001-15), Valores bloqueados na Execução Fiscal nº [tarjado], Garantias associadas aos débitos mantidas;https://www.gov.br/pgfn/pt-br/assuntos/divida-ativa-da-uniao/transparencia-fiscal-1/painel-dos-parcelamentos/termos-de-transacao/3a-regiao/termo-de-transacao-individual-gap.pdf;False
363a7d080520;NUTRIAL AGROINDÚSTRIAS REUNIDAS S/A;Region 5;2023-02-15;;Transação Individual;;100;;;Agroindústria;Manutenção automática dos gravames decorrentes de arrolamento de bens, medida cautelar fiscal e garantias prestadas administrativamente ou em ações de execução fiscal ou qualquer outra ação judicial;https://www.gov.br/pgfn/pt-br/assuntos/divida-ativa-da-uniao/transparencia-fiscal-1/painel-dos-parcelamentos/termos-de-transacao/5a-regiao/TermoTransaoIndividualNutrialAgroindstriasSAInformaesSigilosasSuprimidas.pdf;False
367037cdfaf0;HOSPITAL E MATERNIDADE FREI GALVÃO;Region 3;2023-09-22;;Transação Individual;55.0;60;;;Saúde/hospitalar (associação civil sem fins lucrativos);;https://www.gov.br/pgfn/pt-br/assuntos/divida-ativa-da-uniao/transparencia-fiscal-1/painel-dos-parcelamentos/termos-de-transacao/3a-regiao/TermodeTransaoIndividualHospitaleMaternidadeFreiGalvo.pdf;False
367df32540dc;AG RESINAS LTDA.;Region 1;2020-06-01;16344740.5;Transação individual;35.48;1;;;Not identified;carta de fiança, seguro firmado com ente de porte e saúde financeira reconhecidos no mercado;https://www.gov.br/pgfn/pt-br/assuntos/divida-ativa-da-uniao/transparencia-fiscal-1/painel-dos-parcelamentos/termos-de-transacao/1a-regiao/termo-de-transacao-individual-ag-resinas-inf-suprimidas.pdf;False
36d44aadc0b2;BRAMINEX - BRASILEIRA DE MARMORE EXPORTADORA S.A (e grupo econômico: BRAMINEX MINERAÇÃO LTDA, GRANBRASIL - GRANITOS DO BRASIL S/A, TRIANON ADMINISTRAÇÃO E COMERCIO LTDA, ROMA ADMINISTRAÇÃO E COMÉRCIO LTDA, MINERAÇÃO SERRA AZUL LTDA, BRAMINEX MINERACAO DE CALCARIO SA);Region 2;2021-07-29;60187030.33;Transação Individual;;84;;;Mineração/Extração e comércio de mármore e granito;Área de terreno, medindo 2,4 hectares, situada no lugar 'Duas Barras', matriculada sob o nº 24.755, avaliada em R$4.800.000,00, Área de terreno de forma irregular, com 16.455 m2, situada no 'Trevo', matriculada sob o nº 1337, Área de terreno medindo 10.000 m2, situada no 'Trevo', matriculada sob o nº 3216, Área de terreno de forma trapezoidal, medindo 3.185 m2, situada no 'Trevo', matriculada sob o nº 2.809, Um terreno com 6.120 m2, situado no 'Trevo', matriculado sob o nº 2805, Duas áreas anexas de 7.293,54 m2, matriculadas sob o nº 3702, Uma área de posse de terras, sem registro, com 5.003 m2 (itens 4.1.2 a 4.1.6 e 4.1.7 avaliados em conjunto em R$58.867.200,00), Garantia fidejussória/fiança dos GARANTIDORES como devedores solidários;https://www.gov.br/pgfn/pt-br/assuntos/divida-ativa-da-uniao/transparencia-fiscal-1/painel-dos-parcelamentos/termos-de-transacao/2a-regiao/TermodeTransacaoIndividualBRAMINEX.pdf;False
36d64601e484;MECÂNICA E FUNDICAO IRMAOS GAZZOLA S A;Region 3;2024-05-16;27938299.96;Transação individual;65.0;36;;;Metalurgia/Fundição;;https://www.gov.br/pgfn/pt-br/assuntos/divida-ativa-da-uniao/transparencia-fiscal-1/painel-dos-parcelamentos/termos-de-transacao/3a-regiao/TermodeTransaoIndividualMecnicaeFundioIrmosGazzolaSA.pdf;False
3764cc6f6047;FUNDAÇÃO UNIVERSIDADE DE BRASÍLIA;Region 1;Not identified;38429405.24;Transação Individual - Plano de Regularização Fiscal;66.28;60;;;Educação;;https://www.gov.br/pgfn/pt-br/assuntos/divida-ativa-da-uniao/transparencia-fiscal-1/painel-dos-parcelamentos/termos-de-transacao/1a-regiao/TermodeTransacaoIndividualFUBUnBInformaesSigilosasSuprimidas.pdf;False
37cdf5bfad04;IBI INDUSTRIA DE BEBIDAS IMPERATRIZ LTDA;Region 1;2024-06-17;;Transação Individual - Débitos FGTS;;;;;Bebidas/Indústria;;https://www.gov.br/pgfn/pt-br/assuntos/divida-ativa-da-uniao/transparencia-fiscal-1/painel-dos-parcelamentos/termos-de-transacao/1a-regiao/TermodeTransaoIndividualIBIIndstriadeBebidasImperatrizLTDAFGTStarjado.pdf;False
37f16d897c84;CEREALISTA MARISOL LTDA;Region 3;2023-10-31;69441892.74;Transação Individual;65.0;48;;;Agronegócio (cerealista);;https://www.gov.br/pgfn/pt-br/assuntos/divida-ativa-da-uniao/transparencia-fiscal-1/painel-dos-parcelamentos/termos-de-transacao/3a-regiao/TermodetransaoindividualCerealistaMarisolLTDA.pdf;False
384d868d7a3b;RAMOS & SILVA SOLUCOES FINANCEIRAS LTDA (e pessoa física corresponsável, dados tarjados);Region 3;2024-11-04;;Transação Individual;64.43;60;;;Not identified;Imóvel matrícula 78.736 - 1º CRI São José do Rio Preto, avaliado em R$ 1.500.000, Imóvel matrícula 123.793 - 1º CRI São José do Rio Preto, avaliado em R$ 1.100.000;https://www.gov.br/pgfn/pt-br/assuntos/divida-ativa-da-uniao/transparencia-fiscal-1/painel-dos-parcelamentos/termos-de-transacao/3a-regiao/TermodeTransaoIndividualRamoseSilvaSoluesFinanceirasLTDATarjado.pdf;False
3868c21670e4;HOSPITAL JARDIM AMÁLIA LTDA;Region 2;2024-03-26;90556950.53;Transação Individual;65.0;108;0.334;;Saúde/Hospitalar;Imóvel na Rua Miguel Couto, n. 70, bairro Jardim Amália, Volta Redonda/RJ (Matrícula do 1º Ofício de Volta Redonda/RJ), Imóvel na Rua Miguel Couto, n. 74, bairro Jardim Amália, Volta Redonda/RJ (Matrícula do 1º Ofício de Volta Redonda/RJ), Penhora sobre 2,5% do faturamento mensal do REQUERENTE, em caso de rescisão do acordo;https://www.gov.br/pgfn/pt-br/assuntos/divida-ativa-da-uniao/transparencia-fiscal-1/painel-dos-parcelamentos/termos-de-transacao/2a-regiao/TermodeTransaoIndividualHospitalJardimAmliaLTDAPGFNtarjado.pdf;False
38bbc72cf8d4;CONEXPORT IMPORTAÇÃO E EXPORTAÇÃO LTDA;Region 4;2023-05-19;14346970.22;Transação Individual - Plano de Pagamento Parcelado;;120;;;Comércio (Importação e Exportação);Imóvel objeto de matrícula (dados tarjados), avaliado em R$ 3.500.000,00, penhorado no executivo fiscal nº 5007853-75.2019.4.04.7108/RS;https://www.gov.br/pgfn/pt-br/assuntos/divida-ativa-da-uniao/transparencia-fiscal-1/painel-dos-parcelamentos/termos-de-transacao/4a-regiao/TermodeTransaoIndividualConexportImportaoeExportaoLTDATarajado.pdf;False
38d616bc0e5c;Transmatic Transporte e Comércio Ltda;Region 4;Not identified;23048542.2;Modalidade nº 02 (Simples Nacional) - 30% e Modalidade nº 58 (FGTS) - 31,69%;60.1;120;;False;Transporte;Mantém eventuais garantias existentes, Imóveis;https://www.gov.br/pgfn/pt-br/assuntos/divida-ativa-da-uniao/transparencia-fiscal-1/painel-dos-parcelamentos/termos-de-transacao/4a-regiao/SumrioTransmaticTransporteeComrcioLTDA.pdf;False
38f324a196f4;MUNICÍPIO DE ARCOVERDE;Region 5;2021-12-23;;Transação Individual;45.0;60;;;Administração pública municipal;;https://www.gov.br/pgfn/pt-br/assuntos/divida-ativa-da-uniao/transparencia-fiscal-1/painel-dos-parcelamentos/termos-de-transacao/5a-regiao/TermodeTransaoIndividualArcoverde.pdf;False
3961ea78e597;SANCHES BLANES S/A INDUSTRIA DE MAQUINAS E FERRAMENTAS EM RECUPERACAO JUDICIAL;Region 3;2024-03-20;;Transação individual (recuperação judicial);;60;;True;Indústria de máquinas e ferramentas;;https://www.gov.br/pgfn/pt-br/assuntos/divida-ativa-da-uniao/transparencia-fiscal-1/painel-dos-parcelamentos/termos-de-transacao/3a-regiao/TransaodeTransaoIndividualSanchesBlanchesSAIndstriadeMquinaseFerramentasemrecuperaojudicialtarjado.pdf;False
398ad30cae72;NAGA INDÚSTRIA E COMÉRCIO DE ALIMENTOS LTDA e demais empresas do grupo econômico (SANTA GEMMA ALIMENTOS LTDA, AGROPECUÁRIA INVERNADA REDONDA LTDA, CAPELATI E CIA LTDA, AGROPECUÁRIA AGUA DO TIRO LTDA, TRANSMOYSES TRANSPORTES RODOVIÁRIOS LTDA);Region 4;2025-05-05;;Transação individual;60.0;108;2.0;True;Agroindústria/alimentos;Imóvel matriculado sob n. 25687, perante o CRI de Umuarama/PR, Imóvel matriculado sob n. 14.674 perante o CRI de Amabaí/MS, Imóveis matriculados sob n. 16.075, 16.076, 16.078, 16.079 e 16.080 perante o CRI de Santa Helena/PR;https://www.gov.br/pgfn/pt-br/assuntos/divida-ativa-da-uniao/transparencia-fiscal-1/painel-dos-parcelamentos/termos-de-transacao/4a-regiao/TermodeTransaoIndividualNaga....pdf;False
39a315f6cf0f;CONFEDERAÇÃO BRASILEIRA DE CANOAGEM;Region 4;2022-06-03;;Transação Individual - Plano de Pagamento Parcelado;70.0;145;;;esporte/entretenimento;Bens já penhorados nas Execuções Fiscais nº 5015440-02.2010.404-7000 e 5079672-81.2014.404.7000;https://www.gov.br/pgfn/pt-br/assuntos/divida-ativa-da-uniao/transparencia-fiscal-1/painel-dos-parcelamentos/termos-de-transacao/4a-regiao/TermodeTransaoIndividualConfederaoBrasileiradeCanoagem.pdf;False
39a593b36a3d;COMITÊ OLÍMPICO BRASILEIRO;Region 2;2021-05-12;240985113.39;Transação individual;70.0;145;;;Futebol/entretenimento (esporte olímpico);50% do valor auferido anualmente pelo REQUERENTE a título de patrocínios e licenciamentos (item 4.1), Depósitos judiciais convertidos em pagamento definitivo (item 3.6, ANEXO II), Seguro-garantia (Anexo I - algumas inscrições), Penhora (Anexo I - inscrição 70 3 03 000301-50);https://www.gov.br/pgfn/pt-br/assuntos/divida-ativa-da-uniao/transparencia-fiscal-1/painel-dos-parcelamentos/termos-de-transacao/2a-regiao/TermodeTransacaoIndividualCOBComiteOlimpicoBrasileiro.pdf;False
39d700693fe9;NORCON SOCIEDADE NORDESTINA DE CONSTRUÇÕES SA EM RECUPERAÇÃO JUDICIAL;Region 5;2024-12-12;;Transação Individual (Portaria PGFN nº 6.757/2022, com aplicação da Portaria PGFN nº 2.382/2020 por recuperação judicial);;36;;True;Construção civil;Matrícula nº 22.629, do 2º Registro de Imóveis de Salvador - BA, Fazenda Capelão, Estrada das Pedreiras, bairro Barragem do Ipitanga, Salvador - BA, com área de 1.045.440 m², avaliado em R$ 34.840.000,00, Matrícula nº 1.318, do Registro de Imóveis de Estância - SE, Fazenda Santa Cruz dos Abaís, com área de 5.065.413,40 m², ao lado da rodovia estadual SE-100, avaliado em R$ 28.485.000,00;https://www.gov.br/pgfn/pt-br/assuntos/divida-ativa-da-uniao/transparencia-fiscal-1/painel-dos-parcelamentos/termos-de-transacao/5a-regiao/TermodeTransaoIndividualNorconSocidadeNordestinadeConstruesSATarjado.pdf;False
3ae3511ffd02;Usina Santa Clotilde;Region 5;2022-06-28;;Transação Individual para empresas em Recuperação Judicial (Portaria PGFN nº 2382/2021);70.0;120;;True;Agronegócio (usina de açúcar/álcool);Penhoras já existentes nas execuções fiscais, Imóvel Canoas de Cima, matrícula 5094 do RGI de Rio Largo, Imóvel Fazenda Milagres, matrícula 1512 do Cartório Geral de Imóveis de Rio Largo/AL, avaliado em R$ 15.383.310,00, oferecido em hipoteca;https://www.gov.br/pgfn/pt-br/assuntos/divida-ativa-da-uniao/transparencia-fiscal-1/painel-dos-parcelamentos/termos-de-transacao/5a-regiao/SantaClotildeTermoassinadoCGR2tj.pdf;False
3af5660ceee1;INIPLA VEÍCULOS LTDA. – EM RECUPERAÇÃO JUDICIAL;Region 3;2023-05-30;27208814.14;Transação Individual;;120;;True;Comércio de veículos (concessionária/varejo de automóveis);Penhora de imóveis (Anexo IV e V), Penhora de marca 'Grupo Alpini Veículos' (Anexo VI), Penhora de cotas e outros ativos de terceiros garantidores;https://www.gov.br/pgfn/pt-br/assuntos/divida-ativa-da-uniao/transparencia-fiscal-1/painel-dos-parcelamentos/termos-de-transacao/3a-regiao/TermodeTransaoIndividualIniplaVeculosLTDATarjado.pdf;False
3b04d20e8291;COMPENSADOS TROMBETTAS LTDA EPP, CIS BENEFICIADOS DE MADEIRAS LTDA-EPP e COMPENSADOS ANGELA LTDA (grupo econômico Trombetta);Region 1;2020-12-11;;Transação Individual Tributária;;36;4.0;;Madeireiro/Compensados (industrial);Imóvel matriculado sob o nº 70.013 do Registro Imobiliário de Sinop-MT, oferecido à penhora pelos DEVEDORES e pelo INTERVENIENTE GARANTIDOR T.M. HOLDING LTDA, Valores depositados em juízo vinculados a ações de desapropriação (utilização de 37,5% do valor total atualizado dos depósitos, correspondente a R$ 3.122.411,91);https://www.gov.br/pgfn/pt-br/assuntos/divida-ativa-da-uniao/transparencia-fiscal-1/painel-dos-parcelamentos/termos-de-transacao/1a-regiao/termo-de-transacao-individual-grupo-trombettas;False
3b4f441ae78c;ASSOCIAÇÃO DOS FUNCIONÁRIOS PÚBLICOS DO ESPÍRITO SANTO – AFPES;Region 2;2022-03-19;39183759.73;Transação individual;;144;;;Associativismo/Servidores públicos;Penhora de 12,5% dos rendimentos pagos pela SECRETARIA DE ESTADO DA SAÚDE DO GOVERNO DO ESTADO DO ESPÍRITO SANTO à REQUERENTE em função do Contrato de prestação de serviços nº 058/2021;https://www.gov.br/pgfn/pt-br/assuntos/divida-ativa-da-uniao/transparencia-fiscal-1/painel-dos-parcelamentos/termos-de-transacao/2a-regiao/TermodeTransacaoIndividualAFPESAssociacaodosFuncionariosPublicosdoEspiritoSanto.pdf;False
3b8577fb8764;GEOSISTEMAS ENGENHARIA E PLANEJAMENTO LTDA;Region 5;2021-06-15;;Transação Individual (Termo Aditivo);;;;;Engenharia/Construção;;https://www.gov.br/pgfn/pt-br/assuntos/divida-ativa-da-uniao/transparencia-fiscal-1/painel-dos-parcelamentos/termos-de-transacao/5a-regiao/primeiro-termo-aditivo-geosistemas.pdf;False
3b8b5fe3b08f;F. MARINE INDÚSTRIA E COMÉRCIO DE PRODUTOS NÁUTICOS LTDA EM RECUPERAÇÃO JUDICIAL;Region 4;2023-10-26;141070522.89;Transação Individual - Parcelamento do débito fiscal;54.86;120;;True;Náutico/Indústria e Comércio de Produtos Náuticos;"Penhora das marcas registradas junto ao INPI: FIBRAFORT (NP. 901959006; 904995178; 840229828); PLASTIFIBRA BAJA BOATS (NP. 820800848); EXTREMME (NP. 822129299) e STYLE (NP. 826573967), Manutenção das garantias existentes nos executivos fiscais na data da assinatura do acordo";https://www.gov.br/pgfn/pt-br/assuntos/divida-ativa-da-uniao/transparencia-fiscal-1/painel-dos-parcelamentos/termos-de-transacao/4a-regiao/TermodeTransacaoIndividualF.MarineIndustriadeProdutosNauticosLTDA.pdf;False
3c17e4aced60;Not identified;Region 4;Not identified;;Not identified;;;;;Not identified;;https://www.gov.br/pgfn/pt-br/assuntos/divida-ativa-da-uniao/transparencia-fiscal-1/painel-dos-parcelamentos/termos-de-transacao/4a-regiao/AnexoIIITecnotokIndstriadeMquinasLTDA.pdf;False
3c2aba651088;PSN MONTAGENS E MANUTENÇÃO INDUSTRIAL LTDA;Region 4;2025-03-28;22762961.35;Transação Individual;;120;;;Montagens e manutenção industrial;Manutenção de todas as garantias existentes (indisponibilidades/penhoras/bloqueios) nos processos relacionados aos créditos negociados;https://www.gov.br/pgfn/pt-br/assuntos/divida-ativa-da-uniao/transparencia-fiscal-1/painel-dos-parcelamentos/termos-de-transacao/4a-regiao/TermodeTransaoIndividualPSNMontagenseManutenoIndustrialLTDA.pdf;False
3c66a10413bf;Synthesis Empreendimentos Imobiliários Ltda e outras (grupo econômico Confidere);Region 2;2024-05-31;67740624.89;Transação individual;65.0;36;;;Imobiliário;;https://www.gov.br/pgfn/pt-br/assuntos/divida-ativa-da-uniao/transparencia-fiscal-1/painel-dos-parcelamentos/termos-de-transacao/2a-regiao/TermodeTransacaoIndividualSyntesesEmpreendimentosImobiliariosLTDAtarjado.pdf;False
3c92840edd05;SALGADO EMPREENDIMENTOS IMOBILIÁRIOS S/A e SALGADO AGROPECUÁRIA SA;Region 5;2025-05-26;;Transação Individual;;;;;Agronegócio/Imobiliário;Imóvel rural ENGENHO MERCÊS, matrícula 7.414 - Ofício Único de Ipojuca/PE (Cláusula 5ª), Imóvel Engenho Macaco, matrícula 2.462, Ipojuca/PE (oferecido em substituição, Cláusula 4ª), Imóvel Engenho Cachoeira, matrícula 882, Ipojuca/PE (oferecido em substituição, Cláusula 4ª);https://www.gov.br/pgfn/pt-br/assuntos/divida-ativa-da-uniao/transparencia-fiscal-1/painel-dos-parcelamentos/termos-de-transacao/5a-regiao/TermodeTransaoIndividualSalgadoEmpreendimentosImobiliriosSATarjado.pdf;False
3d3aaf2a7298;LABORATÓRIOS BALDACCI LTDA EM RECUPERAÇÃO JUDICIAL (CNPJ 61.150.447/0001-31);Region 3;Not identified;12167173.45;Transação individual;31.91;1;;True;Farmacêutico;Manutenção de eventuais garantias eventualmente existentes nos processos em curso;https://www.gov.br/pgfn/pt-br/assuntos/divida-ativa-da-uniao/transparencia-fiscal-1/painel-dos-parcelamentos/termos-de-transacao/3a-regiao/SumrioLaboratriosBaldacci.pdf;False
3d3e1bfb4aba;GEOSISTEMAS ENGENHARIA E PLANEJAMENTO LTDA;Region 5;2021-05-11;;Transação Individual;50.0;84;;False;Engenharia/Construção;Arrolamento de bens e direitos mantido - imóveis de matrículas nº 27.967 e 27.968 do 4º Serviço de Registro de Imóveis de Recife/PE (processo administrativo 10480.732988/2014-81);https://www.gov.br/pgfn/pt-br/assuntos/divida-ativa-da-uniao/transparencia-fiscal-1/painel-dos-parcelamentos/termos-de-transacao/5a-regiao/termo-de-transacao-individual-geosistemas.pdf;False
3d6d537492e1;LOJAS GUIDO COMÉRCIO LTDA;Region 5;2023-04-12;;Transação Individual;;120;;;Comércio;Imóveis (penhoras mantidas nos executivos fiscais em trâmite na Justiça Federal de Alagoas);https://www.gov.br/pgfn/pt-br/assuntos/divida-ativa-da-uniao/transparencia-fiscal-1/painel-dos-parcelamentos/termos-de-transacao/5a-regiao/TermodeTransaoIndividualLojasGuidoComrcioLTDA.pdf;False
3ee14a1eab86;REM INDUSTRIA E COMERCIO LTDA - EM RECUPERAÇÃO JUDICIAL;Region 3;2023-10-18;13540564.82;Transação individual (Lei nº 13.988/2020, Portarias PGFN nº 2.382/2021 e 6.757/2022);;60;;True;Not identified;Mantidas as garantias já existentes até a assinatura deste acordo (nenhuma garantia adicional prestada);https://www.gov.br/pgfn/pt-br/assuntos/divida-ativa-da-uniao/transparencia-fiscal-1/painel-dos-parcelamentos/termos-de-transacao/3a-regiao/TermodeTransaoIndividualREMIndstriaeComrcioLTDAInformaesSigilosasSuprimidas.pdf;False
3f23836ffc25;FREITAS & LABEGALINI LTDA / PORTO LOGÍSTICA E TRANSPORTES LTDA;Region 3;2024-07-30;32928594.27;Transação Individual;65.0;60;;False;Logística e transportes;Manutenção automática dos gravames decorrentes de arrolamento de bens, medida cautelar fiscal e garantias prestadas administrativamente ou em ações de execução fiscal/judicial, Fiança pessoal do sócio Edivano Marcelino de Oliveira (Anexo II);https://www.gov.br/pgfn/pt-br/assuntos/divida-ativa-da-uniao/transparencia-fiscal-1/painel-dos-parcelamentos/termos-de-transacao/3a-regiao/TermodeTransaoIndividualFreitaseLabegaliniTDATarjado.pdf;False
3f6034c797aa;NASCIMENTO PREMOLDADOS LTDA;Region 2;2023-05-26;38117916.73;Transação Individual;70.0;120;;True;Construção civil/premoldados;Garantia fidejussória (fiança) - LEANDRO SILVA NASCIMENTO como devedor solidário;https://www.gov.br/pgfn/pt-br/assuntos/divida-ativa-da-uniao/transparencia-fiscal-1/painel-dos-parcelamentos/termos-de-transacao/2a-regiao/TermodeTransaoIndividualNascimentoPremoldadosLTDATarjado.pdf;False
3f73ab881083;NATAL HOSPITAL CENTER S.A.;Region 5;2021-06-01;;Transação Individual (Termo Aditivo);;;;;Saúde/Hospitalar;;https://www.gov.br/pgfn/pt-br/assuntos/divida-ativa-da-uniao/transparencia-fiscal-1/painel-dos-parcelamentos/termos-de-transacao/5a-regiao/termo-de-transacao-individual-natal-hospital-sa.pdf;False
3f9f4a144912;ARAÚJO DISTRIBUIDORA LTDA;Region 1;2020-11-26;27360632.94;Transação individual;50.0;84;2.5;;Distribuição/Comércio;Bens/veículos da frota da REQUERENTE (compromisso de aquisição em nome da devedora principal, sujeitos a garantia), Manutenção de constrições até liberação condicionada, Reserva de bens/rendas suficientes para garantia do crédito;https://www.gov.br/pgfn/pt-br/assuntos/divida-ativa-da-uniao/transparencia-fiscal-1/painel-dos-parcelamentos/termos-de-transacao/1a-regiao/termo-de-transacao-individual-do-grupo-araujo;False
4028e308b10c;VIP TRANSPORTE URBANO LTDA. (grupo econômico com corresponsáveis: VIAÇÃO METRÓPOLE PAULISTA S.A., VIP - TRANSPORTES ITAIM PAULISTA LTDA., ETU TRANSPORTES URBANO LTDA., AUTO VIAÇÃO JUREMA LTDA., VIAÇÃO MONTE ALEGRE LTDA., EXPRESSO TALGO - TRANSPORTES E TURISMO LTDA., EMPRESA DE ÔNIBUS VIAÇÃO SÃO JOSÉ LTDA., EMPRESA AUTO ÔNIBUS PENHA SÃO MIGUEL LTDA., GPCON CONSTRUÇÕES EMPREENDIMENTOS E PARTICIPAÇÕES LTDA);Region 3;Not identified;632854255.62;Transação individual;51.0;60;;False;Transporte urbano/rodoviário de passageiros;Imóveis, Contratos e recebíveis;https://www.gov.br/pgfn/pt-br/assuntos/divida-ativa-da-uniao/transparencia-fiscal-1/painel-dos-parcelamentos/termos-de-transacao/3a-regiao/SumrioViaoMetrpolePaulistaVIPTransporteUrbanoLTDAETUTransportesUrbanoLTDAVIPTransportesItaimPaulistaLTDAAutoViaoJuremaLTDAViaoMonteAlegreLTDAExpressoTalgo.pdf;False
404166791f21;Grupo Comunicação Três (Editora Três Ltda, Grupo Comunicação Três S.A, Três Editorial Ltda, Três Comércio de Publicações Ltda, Editora Brasil 21, Art & Editora JM Ltda, Três Participações S/A);Region 3;2022-03-04;;Transação Individual;;120;;True;Editorial/Comunicação (mídia e publicações);;https://www.gov.br/pgfn/pt-br/assuntos/divida-ativa-da-uniao/transparencia-fiscal-1/painel-dos-parcelamentos/termos-de-transacao/3a-regiao/TermodeTransaoIndividualEditoraTrsLTDA.pdf;False
405aa9bd52cb;FUNDACAO DE ASSISTENCIA SOCIAL DE ANAPOLIS (FASA);Region 1;2023-09-20;47858257.59;Transação individual (Plano de Regularização Fiscal);70.0;145;;;Assistência social;Manutenção dos gravames decorrentes de arrolamento de bens, de medida cautelar fiscal e das garantias prestadas administrativamente ou nas ações de execução fiscal ou em qualquer outra ação judicial;https://www.gov.br/pgfn/pt-br/assuntos/divida-ativa-da-uniao/transparencia-fiscal-1/painel-dos-parcelamentos/termos-de-transacao/1a-regiao/TermodeTransaoIndividualFundaodeAssistnciaSocialdeAnpolisInformaesSigilosasSuprimidas.pdf;False
408105f57fe7;URBANA COMPANHIA DE SERVICOS URBANOS DE NATAL;Region 5;2024-06-26;99752743.55;Transação Individual;65.0;120;;False;Serviços urbanos/limpeza pública;Bens penhorados ou porventura descritos no termo (alienação via sistema Comprei em caso de rescisão);https://www.gov.br/pgfn/pt-br/assuntos/divida-ativa-da-uniao/transparencia-fiscal-1/painel-dos-parcelamentos/termos-de-transacao/5a-regiao/TermodeTransaoIndividualUrbanaCompanhiadeServiosUrbanosdeNatalTarjado.pdf;False
4096e7f9a42e;FARMACIA LOPES & FREITAS LTDA EM RECUPERACAO JUDICIAL;Region 5;2022-01-28;;Transação Individual;70.0;84;;True;Farmácia/Varejo farmacêutico;;https://www.gov.br/pgfn/pt-br/assuntos/divida-ativa-da-uniao/transparencia-fiscal-1/painel-dos-parcelamentos/termos-de-transacao/5a-regiao/termo-de-transacao-individual-farmacia-lopes-e-freitas-ltda-em-recuperacao-judicial.pdf;False
40eb00c32a82;WITTE-COMERCIO E SERVICOS GRAFICOS LTDA - EM RECUPERACAO JUDICIAL;Region 3;2024-09-11;;Transação individual (em recuperação judicial);;84;;True;Comércio e serviços gráficos;Fiança pessoal do sócio Arno Witte, Manutenção de gravames de arrolamento de bens, medida cautelar fiscal e garantias já prestadas administrativamente ou em ações de execução fiscal;https://www.gov.br/pgfn/pt-br/assuntos/divida-ativa-da-uniao/transparencia-fiscal-1/painel-dos-parcelamentos/termos-de-transacao/3a-regiao/TermodeTransaoIndividualWitteComercioeServicosGrficosLTDATarjado.pdf;False
4111d7fd6f6f;MILTON E RAIMUNDO BEZERRA TRANSPORTE DE CARGAS E SERVIÇOS LTDA;Region 5;2025-02-04;10588078.66;Transação Individual;65.0;1;;False;Transporte de cargas;Bens já penhorados descritos no termo (garantia mantida em caso de rescisão);https://www.gov.br/pgfn/pt-br/assuntos/divida-ativa-da-uniao/transparencia-fiscal-1/painel-dos-parcelamentos/termos-de-transacao/5a-regiao/TermodeTransaoIndividualMiltoneRaimundoBezerraTransportedeCargaseServiosLTDATarjado.pdf;False
416f577c1437;ESCOLA NOVA LOURENÇO CASTANHO LTDA e outras (grupo econômico: LUMEN EDUCAÇÃO LTDA, ATMO EDUCAÇÃO LTDA, OBCAMP EDUCAÇÃO LTDA, PROGRESSO EDUCAÇÃO LTDA);Region 3;2025-01-14;84912810.32;Transação Individual;68.68;36;;False;Educação;Mantém-se as garantias dos débitos eventualmente existentes até a quitação integral do saldo devedor do Acordo de Transação (cláusula 2.3);https://www.gov.br/pgfn/pt-br/assuntos/divida-ativa-da-uniao/transparencia-fiscal-1/painel-dos-parcelamentos/termos-de-transacao/3a-regiao/TermodeTransaoIndividualEscolaNovaLourenoCastanhoLTDATarjado.pdf;False
417c196cbfd6;CLUB DE REGATAS VASCO DA GAMA / SOCIEDADE VASCO DA GAMA SOCIEDADE ANÔNIMA DE FUTEBOL;Region 2;2023-07-11;38540493.35;Transação Individual;;;;;futebol/entretenimento;Rua São Januário, 891 - matrícula 26.906, Rua São Januário, 907 - matrículas 59.870/59.871/59.872/59.873, Rua São Januário, 977 - matrículas 26.796/0050960/0050961/0053464/0044502/50980, Avenida Roberto Dinamite, 10 (antiga Rua Gal. Américo Moura, 131) - matrícula 52.064, Rua São Januário, 953 - matrícula 0051845, Rua São Januário, 927 - matrícula 20.448, Rua São Januário, 943 - matrículas 22323/0044209/0050593/41.787, Rua Dom Carlos, 6 - matrícula 9.732, Rua Dom Carlos, 8 - matrícula 9.732, Rua São Januário, 1003 - matrícula 0051847, Rua São Januário, 1009 - matrícula 15427, Rua São Januário, 1015 - matrícula 53605, Rua São Januário, 1021 - matrícula 23.802, Rua São Januário, 1027 - matrículas 0051240/0051241/51.846, Rua São Januário, 1033 - matrícula 26.444, Rua São Januário, 877 - matrícula 31.088, Rua São Januário, 913 - matrícula 0044119, Rua São Januário, 961 - matrícula 0051846, Rua São Januário, 997 - matrícula 15.952, Sede Calabouço - matrícula 20.999;https://www.gov.br/pgfn/pt-br/assuntos/divida-ativa-da-uniao/transparencia-fiscal-1/painel-dos-parcelamentos/termos-de-transacao/2a-regiao/TermodeTransacaoIndividualClubdeRegatasVascodaGama.pdf;False
41c9b24017cf;REDE RECAPEX PNEUS LTDA - EM RECUPERACAO JUDICIAL;Region 3;2024-08-30;;Transação individual (débitos em recuperação judicial);65.0;120;;True;Not identified;Imóvel matriculado sob o nº 22.037, no Cartório de Registro de Imóveis de Taquaritinga/SP, avaliado em R$ 7.420.000,00, Fiança pessoal de George Galuban (sócio da Requerente), Manutenção automática dos gravames decorrentes de arrolamento de bens, medida cautelar fiscal e garantias já prestadas;https://www.gov.br/pgfn/pt-br/assuntos/divida-ativa-da-uniao/transparencia-fiscal-1/painel-dos-parcelamentos/termos-de-transacao/3a-regiao/TermodeTransaoIndividualRedeRecapexPneusLTDATarjado.pdf;False
41ee0d3b3600;CENTRO HOSPITALAR VALINHOS E VINHEDO – SERVIÇOS MÉDICOS S/S LTDA (HOSPITAL E MATERNIDADE GALILEO);Region 3;2023-12-04;190615824.06;Transação Individual;;120;;;Saúde/Hospitalar;Bens móveis, Bem imóvel de matrícula nº 99.619 do Cartório de Registro de Imóveis de Valinhos – SP, Recebíveis periódicos do contrato junto à UNIMED;https://www.gov.br/pgfn/pt-br/assuntos/divida-ativa-da-uniao/transparencia-fiscal-1/painel-dos-parcelamentos/termos-de-transacao/3a-regiao/TermodeTransaoIndividualCentroHospitalarValinhoseVinhedoServiosMdicosSSLTDATarjado.pdf;False
4224e9ea320c;"CATÃO CONFECÇÕES LTDA - EM RECUPERAÇÃO JUDICIAL; ALFANI CONFECCOES E COMERCIO LTDA - EM RECUPERACAO JUDICIAL; DANTAS CONFECCOES E COMERCIO LTDA - EM RECUPERACAO JUDICIAL; NELBLU CONFECCOES LTDA - EM RECUPERACAO JUDICIAL";Region 5;2024-06-24;;Transação Individual - Plano de Regularização Fiscal (Portaria PGFN nº 6.757/2022, considerando Portaria PGFN nº 2.382/2020 para devedores em recuperação judicial);60.0;;;True;Vestuário/Confecções;Bens móveis indicados no Laudo de Avaliação anexo (Cláusula 4ª);https://www.gov.br/pgfn/pt-br/assuntos/divida-ativa-da-uniao/transparencia-fiscal-1/painel-dos-parcelamentos/termos-de-transacao/5a-regiao/TermodeTransaoIndividualCatoConfecesLTDATarjadocompactado.pdf;False
42542201d46a;NAPE ADMINISTRACAO E PARTICIPACOES S/A (grupo econômico - 45 devedoras);Region 4;Not identified;;Transação Individual;70.0;145;;;Agronegócio/Transporte e Logística/Alimentos;Imóveis relacionados no Anexo V (penhoras na execução fiscal n. 5003740-66.2019.404.7112), Imóveis de matrículas 48.746 (Osório), 7960 e 27261 (Bagé), 20132 (Alegrete), 11908 (Cruz Alta) e 102.294 (Canoas) garantindo integralmente a inscrição 00 6 20 050 254-86, Bloqueios/depósitos judiciais vinculados ao IDPJ 5002327-17.2021.4.04.7122;https://www.gov.br/pgfn/pt-br/assuntos/divida-ativa-da-uniao/transparencia-fiscal-1/painel-dos-parcelamentos/termos-de-transacao/4a-regiao/TermodeTransaoIndividualNapeAdministraoeParticipaesSAtarjdo.pdf;False
42910c50c68f;CONSTRUTORA COESA S/A, COESA CONSTRUÇÃO E MONTAGENS S/A, COESA LOGÍSTICA E COMÉRCIO EXTERIOR S/A., COESA ENGENHARIA LTDA. (Grupo Coesa) - EM RECUPERAÇÃO JUDICIAL;Region 3;2023-05-12;;Transação individual (recuperação judicial);57.0;84;;True;Engenharia e construção civil;6% (seis por cento) dos recursos líquidos e disponíveis pleiteados pela Construtora Coesa S/A em três procedimentos arbitrais, Bem imóvel dado em garantia (identificação tarjada), Porcentagem equivalente a 25% (vinte e cinco por cento) dos contratos de prestação de serviços de engenharia listados;https://www.gov.br/pgfn/pt-br/assuntos/divida-ativa-da-uniao/transparencia-fiscal-1/painel-dos-parcelamentos/termos-de-transacao/3a-regiao/TermodeTransaoIndividualConstrutoraCoesaSA.pdf;False
42ad915b7a22;TUX COMERCIO DE ROUPAS LTDA;Region 3;2025-06-12;;Transação Individual;;48;;;Comércio de roupas/varejo de vestuário;;https://www.gov.br/pgfn/pt-br/assuntos/divida-ativa-da-uniao/transparencia-fiscal-1/painel-dos-parcelamentos/termos-de-transacao/3a-regiao/TermodeTransaoIndividualTUXComrciodeRoupasLTDA.pdf;False
42e17e3fc7c6;HOSPITAL JARDIM AMÁLIA LTDA;Region 2;2024-03-29;409992.04;Transação Individual;65.0;40;;;Saúde/Hospitalar;Imóvel na Rua Miguel Couto, n. 70, bairro Jardim Amália, Volta Redonda/RJ (Matrícula tarjada), Imóvel na Rua Miguel Couto, n. 74, bairro Jardim Amália, Volta Redonda/RJ (Matrícula tarjada), Penhora sobre 2,5% do faturamento mensal do REQUERENTE, a ser implementada em caso de rescisão do acordo;https://www.gov.br/pgfn/pt-br/assuntos/divida-ativa-da-uniao/transparencia-fiscal-1/painel-dos-parcelamentos/termos-de-transacao/2a-regiao/TermodeTransaoIndividualHospitalJardimAmliaLTDAFGTStarjado.pdf;False
42e6ac7495a6;EDITORA IMPRENSA LTDA., EM RECUPERAÇÃO JUDICIAL;Region 3;2024-05-13;;Transação Individual (recuperação judicial);65.0;48;;True;Editorial/gráfico (editora);;https://www.gov.br/pgfn/pt-br/assuntos/divida-ativa-da-uniao/transparencia-fiscal-1/painel-dos-parcelamentos/termos-de-transacao/3a-regiao/TermodeTransaoIndividualEditoraImprensaLTDAemrecuperaojudicialtarjado.pdf;False
430ff42154bf;CGM - TRANSPORTES E LOCACOES DE EQUIPAMENTOS LTDA e CGM LOGISTICA LTDA;Region 3;Not identified;32745885.43;Transação Individual (DEMAIS e PREV);43.25;120;;;Transporte e Logística;Manutenção automática dos gravames decorrentes de arrolamento de bens, de medida cautelar fiscal e das garantias prestadas administrativamente ou em ações de execução fiscal ou qualquer outra ação judicial;https://www.gov.br/pgfn/pt-br/assuntos/divida-ativa-da-uniao/transparencia-fiscal-1/painel-dos-parcelamentos/termos-de-transacao/3a-regiao/TermodeTransaoIndividualCGMTransportesELocacoesDeEquipamentosLTDAeCGMLogisticaLTDA.pdf;False
4310e067fd56;COTRAMOL COOPERATIVA DOS TRANSPORTADORES DE CARGA DO MEIO OESTE CATARINENSE;Region 4;Not identified;51506438.21;Transação Individual;42.81;145;;;Transporte de cargas;Imóvel matrícula nº 11.172 - CRI 1º Ofício de Imóveis de Joaçaba/SC, Imóvel matrícula nº 22.497 - CRI 1º Ofício de Imóveis de Joaçaba/SC, Imóvel matrícula nº 24.491 - CRI 1º Ofício de Imóveis de Joaçaba/SC;https://www.gov.br/pgfn/pt-br/assuntos/divida-ativa-da-uniao/transparencia-fiscal-1/painel-dos-parcelamentos/termos-de-transacao/4a-regiao/TermodeTransaoIndividualCotramolCooperativadosTransportadoresdeCargadoMeioOesteCatarinense.pdf;False
433ec1b954c8;MUNICIPIO DE BOA VISTA DO RAMOS/AM;Region 1;2024-03-18;23682956.66;Transação Individual;65.0;120;;;Administração pública municipal;Autorização para dedução dos valores devidos dos montantes a serem repassados relacionados às respectivas cotas nos Fundos de Participação ou aos precatórios federais, nos termos do art. 160, §2º, da Constituição Federal, Manutenção automática dos gravames decorrentes de arrolamento de bens, de medida cautelar fiscal e das garantias prestadas administrativamente ou nas ações de execução fiscal ou em qualquer outra ação judicial;https://www.gov.br/pgfn/pt-br/assuntos/divida-ativa-da-uniao/transparencia-fiscal-1/painel-dos-parcelamentos/termos-de-transacao/1a-regiao/TermodeTransaoIndividualMunicpiodeBoaVistadoRamosAMtarjado.pdf;False
43bb6f96c63e;DEPARTAMENTO MUNICIPAL DE ENERGIA DE IJUI;Region 4;Not identified;;Transação Individual Tributária;50.0;84;;;Energia (autarquia municipal de energia elétrica);;https://www.gov.br/pgfn/pt-br/assuntos/divida-ativa-da-uniao/transparencia-fiscal-1/painel-dos-parcelamentos/termos-de-transacao/4a-regiao/TermodeTransaoIndividualDepartamentoMunicipaldeEnergiaIJUITarjado.pdf;False
43ca90d4ee0b;LEITE & PARANHOS LTDA;Region 5;2024-02-28;12017621.9;Transação Individual;65.0;120;;;Not identified;Ficam mantidas todas as garantias eventualmente já associadas aos débitos incluídos nesta transação individual, até a sua plena quitação, inclusive penhoras prévias em execuções fiscais.;https://www.gov.br/pgfn/pt-br/assuntos/divida-ativa-da-uniao/transparencia-fiscal-1/painel-dos-parcelamentos/termos-de-transacao/5a-regiao/TermodeTransaoIndividualLeiteeParanhosLTDATarjado.pdf;False
43f758f2ddcf;COMERCIAL OESTE LTDA;Region 5;2022-11-09;;Transação Individual;65.0;6;;;Comércio;;https://www.gov.br/pgfn/pt-br/assuntos/divida-ativa-da-uniao/transparencia-fiscal-1/painel-dos-parcelamentos/termos-de-transacao/5a-regiao/TermodeTransaoIndividualComercialOesteLTDA.pdf;False
43f78159fdc9;CENTRO METROPOLITANO DE COSMÉTICOS LTDA.;Region 3;2024-04-29;25474258.63;Transação Individual;64.99;72;;;Cosméticos;;https://www.gov.br/pgfn/pt-br/assuntos/divida-ativa-da-uniao/transparencia-fiscal-1/painel-dos-parcelamentos/termos-de-transacao/3a-regiao/TermodeTransaoIndividualCentroMetropolitanodeCosmticosLTDATarjado.pdf;False
43f84ac2c8d6;POLIBRAS MINAS PLASTICOS LTDA;Region 3;2022-11-04;;Transação Individual;;120;;;Indústria de plásticos;Manutenção de gravames decorrentes de arrolamento de bens, medida cautelar fiscal e garantias já prestadas, Imóvel objeto da matrícula nº [tarjado] junto ao Registro de Imóveis da Comarca de Cambuí - MG;https://www.gov.br/pgfn/pt-br/assuntos/divida-ativa-da-uniao/transparencia-fiscal-1/painel-dos-parcelamentos/termos-de-transacao/3a-regiao/TermoTransaoIndividualPolibrasMinasPlsticoLTDA2022PRFN3InformaesSigilosasSuprimidas.pdf;False
44aaa81c16b1;"REDE METODISTA DE ENSINO (Centro de Ensino Superior de Porto Alegre Ltda, Instituto Porto Alegre da Igreja Metodista, Instituto Metodista de Educação e Cultura, Instituto Metodista Centenário, Instituto Educacional Metodista de Passo Fundo, Instituto União de Uruguaiana da Igreja Metodista, Instituto Metodista de Ensino Superior, Instituto Educacional Piracicabano da Igreja Metodista, Instituto Metodista Izabela Hendrix, Instituto Metodista Granbery, Instituto Metodista de Educação, Instituto Metodista Bennett, Educa - Produtos e Serviços, COGEIME, Centro Wesleyano do Sul Paulista, Instituto Metodista Educacional de Altamira; Interveniente/anuente: Associação da Igreja Metodista)";Region 3;2023-10-06;733735344.35;"Transação Individual (art. 156, III, CTN; Lei 13.988/2020; Portaria PGFN 6757/2022, art. 15, §1º, VI - instituição de ensino)";58.0;145;;True;educação;Imóvel Matrícula 50.038 - Cartório de Registro de Imóveis de Birigui-SP - R$4.000.000,00, Imóveis Matrícula 15.135, 45.935, 84.224 e 84.225 - 1º Cartório do Registro de Imóveis de São Bernardo do Campo - R$27.000.000,00, Imóvel Matrícula 7.345 - Oficial de Registro de Imóveis de Lins-SP - R$55.000.000,00, Imóvel Matrícula 74.898 - 1º Cartório do Registro de Imóveis Piracicaba/SP - R$6.600.000,00, Imóvel Matrícula 91.851 - 2º Oficial de Registro de Imóveis de Piracicaba/SP - R$6.700.000,00, Imóvel Matrícula 92.180 (parcial) - 2º Oficial de Registros de Imóveis Piracicaba/SP - R$27.000.000,00, Imóvel de matrícula 5388 do 1º Cartório de Registro de Imóveis de São Bernardo do Campo/SP, de propriedade do Instituto Metodista de Ensino Superior - valor de avaliação R$240.000.000,00 (substituição de garantias dos créditos não negociados), Seguro-Garantia - Processos 0071111-37.2014.4.01.3800 e 0084635-04.2014.4.01.3800;https://www.gov.br/pgfn/pt-br/assuntos/divida-ativa-da-uniao/transparencia-fiscal-1/painel-dos-parcelamentos/termos-de-transacao/3a-regiao/TermodeTransaoIndividualRedeMetodistadeEnsinoDemaisInformaesSigilosasSuprimidas.pdf;False
44cbcfd2a9d0;CLINICA DE REPOUSO EGO LTDA - ME;Region 2;2024-06-06;1360079.91;Transação Individual (FGTS) - Modalidade 14;31.39;1;;;Saúde/Clínica de repouso;;https://www.gov.br/pgfn/pt-br/assuntos/divida-ativa-da-uniao/transparencia-fiscal-1/painel-dos-parcelamentos/termos-de-transacao/2a-regiao/TermodeTransacaoIndividualClnicadeRepousoEgoLTDAMEtarjado.pdf;False
4512b73efbe7;RIMA INSTALAÇÕES LTDA;Region 5;2023-08-29;6224942.76;Transação Individual;60.0;59;;;Not identified;APARTAMENTO NÚMERO 1001, EDIFÍCIO MIRANTE, Rua General Abreu e Lima, bairro do Rosarinho, Recife, APARTAMENTO 701, EDIFÍCIO CAIS DA AURORA, Rua da Aurora, bairro de Santo Amaro, Recife, IMÓVEL - lote de terreno de marinha nº 15 e parte do lote 16, Rua Madre Rosa Gatorno, bairro do Arruda, Recife;https://www.gov.br/pgfn/pt-br/assuntos/divida-ativa-da-uniao/transparencia-fiscal-1/painel-dos-parcelamentos/termos-de-transacao/5a-regiao/TermodeTransaoIndividualRimaInstalaesLTDA.pdf;False
457c0c287895;GRUPO EDUCACIONAL CEV LTDA, GRUPO EDUCACIONAL SUPERIOR CEV LTDA, TF3 PARTICIPAÇÕES S.A e VORTEX EDUCAÇÃO LTDA;Region 1;2025-05-21;133538589.47;Transação Individual;70.0;145;;;Educação;Um imóvel avaliado em R$50.381.713,14, consistente em uma gleba de terras no lugar denominado Aroeiras, Teresina, Piauí, registrado no livro de Registro Geral no 02, à ficha 01, sob o no 38.208 do 2º Ofício de Notas e Registros de Imóveis – 3º Circunscrição da cidade de Teresina, Piauí.;https://www.gov.br/pgfn/pt-br/assuntos/divida-ativa-da-uniao/transparencia-fiscal-1/painel-dos-parcelamentos/termos-de-transacao/1a-regiao/TermodeTransaoIndividualGrupoEducacionalCevLTDAGrupoEducacionalSuperiorCevLTDATF3Participaess.AeVortexEducacaoLTDA.pdf;False
45a1ef394e42;HOSPITAL GERAL EL KADRI LTDA.;Region 3;2024-06-26;45512545.89;Transação Individual;;60;;;Saúde/Hospitalar;Manutenção de gravames decorrentes de arrolamento de bens, medida cautelar fiscal e garantias já prestadas, Fiança pessoal do sócio MAFUCI KADRI (Anexo II - Termo de Garantia Fidejussória);https://www.gov.br/pgfn/pt-br/assuntos/divida-ativa-da-uniao/transparencia-fiscal-1/painel-dos-parcelamentos/termos-de-transacao/3a-regiao/TermodeTransaoIndividualHospitalGeralElKadriLTDATarjado.pdf;False
45ada3a66620;CATÁLISE INDÚSTRIA E COMÉRCIO DE METAIS LTDA. EM RECUPERAÇÃO JUDICIAL;Region 3;2023-06-26;31267558.54;Transação individual;58.4;36;;True;Indústria de metais;;https://www.gov.br/pgfn/pt-br/assuntos/divida-ativa-da-uniao/transparencia-fiscal-1/painel-dos-parcelamentos/termos-de-transacao/3a-regiao/TermodeTransaoIndividualCatliseIndstriaeComrcioDeMetaisLTDA.pdf;False
45c35481a366;CENTRO DE EDUCACAO RELIGIOSA JUDAICA;Region 3;2024-06-21;36041997.63;Transação Individual;69.43;120;;;Educação/Religioso;;https://www.gov.br/pgfn/pt-br/assuntos/divida-ativa-da-uniao/transparencia-fiscal-1/painel-dos-parcelamentos/termos-de-transacao/3a-regiao/TermodeTransaoIndividualCentrodeEducaoReligiosaJudaicaTarjado.pdf;False
45d461f9f9c9;MUNDIAL S/A PRODUTOS DE CONSUMO (grupo econômico Mundial/Hercules/Zivi/Avamiller/DIMI/Zhepar/Eberle/Monte Magre/Elece);Region 3;2023-02-23;;Transação Individual;64.17;120;;;Fabricação de talheres, cutelaria e produtos de consumo;"Marca ""Hercules"" (INPI processo 840701993, concessão até 23/08/2026), avaliada em R$ 276.816.379, Demais marcas registradas nos processos n.º 840701861, 811826384, 816890994, 825428300, 827754191, 827754205, 828021090, 840701683, 840701799, Penhoras já formalizadas indicadas no Anexo V";https://www.gov.br/pgfn/pt-br/assuntos/divida-ativa-da-uniao/transparencia-fiscal-1/painel-dos-parcelamentos/termos-de-transacao/3a-regiao/TermodeTransaoIndividualMundialSAProdutosdeConsumoInformaesSigilosasSuprimidas.pdf;False
45fc323e55ab;GRUPO ISOLEV (ISOLEV INSTALAÇÕES LTDA e ISOLEV SOLUÇÕES EM CLIMATIZAÇÃO LTDA);Region 3;2024-04-04;12005392.44;Transação Individual (modalidades DEMAIS e PREV);65.0;84;;;Instalações e climatização (engenharia/instalação de sistemas);Manutenção automática dos gravames decorrentes de arrolamento de bens, medida cautelar fiscal e garantias já prestadas administrativamente ou em ações de execução fiscal/judicial, Fiança pessoal de JEFFERSON DAHER DAUD (Anexo II - Termo de Garantia Fidejussória), com renúncia ao benefício de ordem, garantindo o valor previsto nos itens 2.1.5 e 2.1.6, no montante atual de R$ 12.005.392,44;https://www.gov.br/pgfn/pt-br/assuntos/divida-ativa-da-uniao/transparencia-fiscal-1/painel-dos-parcelamentos/termos-de-transacao/3a-regiao/TermodeTransaoIndividualIsolevInstalaesLTDAIsolevSoluesemClimatizaoLTDA.pdf;False
4623ec777680;HOSPITAL JARDIM AMÁLIA LTDA;Region 2;2024-06-20;90556950.53;Transação Individual (Primeiro Termo Aditivo - Plano de Recuperação Fiscal);;108;4.0;;Saúde/Hospitalar;Imóvel (certidões das matrículas imobiliárias - Anexo IV);https://www.gov.br/pgfn/pt-br/assuntos/divida-ativa-da-uniao/transparencia-fiscal-1/painel-dos-parcelamentos/termos-de-transacao/2a-regiao/ITermoAditivodeTransaoIndividualHospitalJardimAmliaLTDAPGFNtarjado.pdf;False
462cdea0ab7c;TEXIAN MANUTENÇÃO E MONTAGENS INDUSTRIAIS LTDA.;Region 4;2023-11-24;46663865.15;Transação Individual;;;;;Manutenção e montagens industriais;Bens imóveis de propriedade da devedora matriculados no Registro de Imóveis da 4ª Zona de Porto Alegre, RS (conforme matrículas anexadas nos docs. SEI n. 27549992 e 27550081);https://www.gov.br/pgfn/pt-br/assuntos/divida-ativa-da-uniao/transparencia-fiscal-1/painel-dos-parcelamentos/termos-de-transacao/4a-regiao/TermodeTransacaoIndividualTexianManutencaoeMontagensIndustriaisLTDA.pdf;False
467459727bb1;IT MARKETING LTDA e outras (grupo econômico: IT MARKETING LTDA, IT SERVIÇOS LTDA, ENGWORKS TECNOLOGIA LTDA, ITMK SERVIÇOS DE PROMOÇÃO DE VENDAS LTDA, IT PROMOTORA DE MARCAS LTDA, ITPAR PARTICIPAÇÃO E NEGÓCIOS LTDA);Region 3;2024-08-16;28545311.69;Transação Individual;51.32;60;;;Tecnologia/Marketing e Promoção de Vendas;Fiança de Pietro Biselli (pessoa física, sócio), Fiança de ITPAR PARTICIPAÇÃO E NEGÓCIOS LTDA (CNPJ 05.066.348/0001-03);https://www.gov.br/pgfn/pt-br/assuntos/divida-ativa-da-uniao/transparencia-fiscal-1/painel-dos-parcelamentos/termos-de-transacao/3a-regiao/TransaoIndividualITMarketingLTDATarjado.pdf;False
469dfac04e38;LABORATÓRIOS BALDACCI LTDA;Region 3;2025-02-04;10426235.05;Transação Individual;30.11;1;;;Farmacêutico;;https://www.gov.br/pgfn/pt-br/assuntos/divida-ativa-da-uniao/transparencia-fiscal-1/painel-dos-parcelamentos/termos-de-transacao/3a-regiao/TermodeTransaoIndividualLaboratriosBaldacci.pdf;False
469fd28f0238;SUKEST INDUSTRIA DE ALIMENTOS E FARMA LTDA;Region 3;2025-02-19;28472015.58;Transação Individual;47.87;60;;True;Alimentos;Manutenção automática dos gravames decorrentes de arrolamento de bens, de medida cautelar fiscal e das garantias prestadas administrativamente ou nas ações de execução fiscal ou em qualquer outra ação judicial;https://www.gov.br/pgfn/pt-br/assuntos/divida-ativa-da-uniao/transparencia-fiscal-1/painel-dos-parcelamentos/termos-de-transacao/3a-regiao/TermodeTransaoIndividualSukestIndustriadeAlimentoseFarmaLTDA.pdf;False
46a3dc608b12;CGM - TRANSPORTES E LOCACOES DE EQUIPAMENTOS LTDA;Region 3;Not identified;33313286.47;Transação individual;45.64;120;;False;Transporte e locação de equipamentos;;https://www.gov.br/pgfn/pt-br/assuntos/divida-ativa-da-uniao/transparencia-fiscal-1/painel-dos-parcelamentos/termos-de-transacao/3a-regiao/SumrioCGMTransportesELocacoesDeEquipamentosLTDAeCGMLogisticaLTDA.pdf;False
46a93e0c7ba0;Agroaraçá Indústria e Comércio de Alimentos;Region 4;2024-01-17;122127449.52;Transação Individual (empresa em Recuperação Judicial);;60;;True;Agroindústria/alimentos;Garantias associadas aos débitos, já penhoradas em executivos fiscais, mantidas nos respectivos processos judiciais;https://www.gov.br/pgfn/pt-br/assuntos/divida-ativa-da-uniao/transparencia-fiscal-1/painel-dos-parcelamentos/termos-de-transacao/4a-regiao/TermodeTransaoIndividualAgroaraIndstriaeComrciodeAlimentosLTDAtarjado.pdf;False
473389e2afbc;CIA USINA BULHÕES e outras (grupo econômico: Souza Beltrão Administração Participação Ltda, Camaçari Agroindustrial Ltda, Duas Unas Empreendimentos Imobiliários Ltda);Region 5;2023-10-02;6231251.86;Transação Individual (Primeiro Termo Aditivo) - Modalidades 7, 20 e 22 (créditos de FGTS e Contribuição Social);;;;;Agroindústria/Sucroalcooleiro;;https://www.gov.br/pgfn/pt-br/assuntos/divida-ativa-da-uniao/transparencia-fiscal-1/painel-dos-parcelamentos/termos-de-transacao/5a-regiao/TermodeTransaoIndividualAditivoCiaUsinaBulhesSouzaBeltroAdministraoParticipaoLTDACamaariAgroindustrialLTDAeDuasUnasEmpreendimentosImobiliriosLTDA.pdf;False
47a4025206b9;FARMACOTÉCNICA INST DE MANIPULACOES FARMACEUTICAS LTDA;Region 1;2023-08-23;52377696.58;Transação Individual;65.0;1;;;Farmacêutico/Farmacotécnica (manipulação);Manutenção dos gravames decorrentes de arrolamento de bens, medida cautelar fiscal e das garantias prestadas administrativamente ou nas ações de execução fiscal até a extinção dos créditos;https://www.gov.br/pgfn/pt-br/assuntos/divida-ativa-da-uniao/transparencia-fiscal-1/painel-dos-parcelamentos/termos-de-transacao/1a-regiao/TermodeTransaoIndividualFarmacotcnicaInstdeManipulaesFarmacuticasLTDAtarjado..pdf;False
4852e4e80ed6;HOME AGENT TELESERVIÇOS, PROCESSOS DE ATENDIMENTO E NEGÓCIOS S.A.;Region 3;2025-02-25;;Transação Individual;;50;;;Teleatendimento/Contact Center;Mantém-se as garantias dos débitos eventualmente existentes até a quitação integral do saldo devedor do Acordo de Transação;https://www.gov.br/pgfn/pt-br/assuntos/divida-ativa-da-uniao/transparencia-fiscal-1/painel-dos-parcelamentos/termos-de-transacao/3a-regiao/TermodeTransaoIndividualHomeAgentTeleserviosProcessosdeAtendimentoeNogciosSATarjado.pdf;False
4898f244174c;R2 ATIVIDADES DESPORTIVAS LTDA;Region 5;2023-01-20;;Transação Individual;65.0;84;;;futebol/entretenimento;;https://www.gov.br/pgfn/pt-br/assuntos/divida-ativa-da-uniao/transparencia-fiscal-1/painel-dos-parcelamentos/termos-de-transacao/5a-regiao/TermodeTransaoIndividualR2AtividadesDesportivasLTDA.pdf;False
489d27ce795c;INDÚSTRIA DE BEBIDAS REUNIDAS TATUZINHO 3 FAZENDAS LTDA (corresponsável: AGRICOLA ALMEIDA LTDA);Region 3;2024-06-28;;Transação Individual;;114;;;Bebidas/Agronegócio;Imóveis listados no Anexo IV, Manutenção automática das penhoras existentes;https://www.gov.br/pgfn/pt-br/assuntos/divida-ativa-da-uniao/transparencia-fiscal-1/painel-dos-parcelamentos/termos-de-transacao/3a-regiao/TermodeTransacaoIndividualIndstriadeBebidasReunidasTatuzinho3FazendasLTDAtarjado.pdf;False
49256978f7e7;CREDIMOVEIS NOVOLAR LTDA EM RECUPERAÇÃO JUDICIAL;Region 5;2024-09-11;30400481.74;Transação Individual;65.0;1;;True;Not identified;Bem imóvel penhorado (alienação via COMPREI em caso de rescisão);https://www.gov.br/pgfn/pt-br/assuntos/divida-ativa-da-uniao/transparencia-fiscal-1/painel-dos-parcelamentos/termos-de-transacao/5a-regiao/TermodeTransaoIndivididualCredimveisNovolarLTDAemrecuperaojudicialtarjado.pdf;False
4946cbb380d2;NUTRICHARQUE COMERCIAL LTDA e outros (grupo econômico - 23 Requerentes, incluindo pessoas físicas e jurídicas relacionadas);Region 3;2022-07-25;;Transação individual;;;;;Agronegócio/Comércio de carnes;Bens imóveis e móveis bloqueados judicialmente, indicados no Anexo IV, Imóveis rurais denominados 'Fazenda Bela Vista' (matrículas nº 4478, 7388, 8489, 8490, 16298, 16299, 16300 do CRI de Guaíra/SP);https://www.gov.br/pgfn/pt-br/assuntos/divida-ativa-da-uniao/transparencia-fiscal-1/painel-dos-parcelamentos/termos-de-transacao/3a-regiao/TermodeTransaoIndividualNutricharqueComercialLTDA2022PRFN3InformaesSigilosasSuprimidas.pdf;False
498b71aa2d9a;COR BRASIL INDUSTRIA E COMERCIO S/A e BN SERVIÇOS DE MEIOS DE PAGAMENTO LTDA (grupo econômico: BELEZA NATURAL CABELEIREIROS LTDA, BELEM ASSIS CABELEIREIROS LTDA, BN SERVIÇOS LTDA, AUTOESTIMA PARTICIPAÇÕES S.A);Region 2;2022-09-16;134971042.41;Transação individual;55.0;120;;;Beleza/estética (salões de beleza) e serviços de meios de pagamento;Recebíveis oriundos de vendas a crédito e/ou débito, conforme contrato de prestação de serviço celebrado por BN SERVIÇOS DE MEIOS DE PAGAMENTO LTDA com a PAGUESEGURO INTERNET S.A., 5% do faturamento mensal da devedora COR BRASIL INDUSTRIA E COMERCIO S/A, Bens móveis que compõe o ativo imobilizado dos DEVEDORES, Veículo modelo Corolla XEI, marca Toyota;https://www.gov.br/pgfn/pt-br/assuntos/divida-ativa-da-uniao/transparencia-fiscal-1/painel-dos-parcelamentos/termos-de-transacao/2a-regiao/TermodeTransacaoIndividualCorBrasilIndustriaeComercioSA.pdf;False
4a2b4a01b665;VIP - VIACAO ITAIM PAULISTA LTDA e outras empresas (grupo de empresas de transporte/viação - Anexo 3, múltiplos CNPJs);Region 3;2021-07-02;;Transação individual;;;;;Transporte coletivo urbano/rodoviário (viação/ônibus);;https://www.gov.br/pgfn/pt-br/assuntos/divida-ativa-da-uniao/transparencia-fiscal-1/painel-dos-parcelamentos/termos-de-transacao/3a-regiao/termo-de-transacao-individual-grupo-ruas_anexo-3.pdf;False
4a4780f473c7;FARMATTANA COMÉRCIO DE MEDICAMENTOS E COSMÉTICOS LTDA;Region 4;2022-12-15;12155825.18;Transação Individual;;;;;Comércio de medicamentos e cosméticos;Direitos possessórios sobre imóvel de terceiro (cessão), avaliado conforme laudo, objeto de penhora nas Execuções Fiscais - Anexo IV;https://www.gov.br/pgfn/pt-br/assuntos/divida-ativa-da-uniao/transparencia-fiscal-1/painel-dos-parcelamentos/termos-de-transacao/4a-regiao/TermodeTransaoIndividualFarmattanaComrciodeMedicamentoseCosmticosLTDATarjado.pdf;False
4a6f2ee529b3;TEBASA S/A;Region 5;2022-04-01;;Transação Individual;70.0;145;;;Not identified;;https://www.gov.br/pgfn/pt-br/assuntos/divida-ativa-da-uniao/transparencia-fiscal-1/painel-dos-parcelamentos/termos-de-transacao/5a-regiao/TermodeTransaoIndividualTEBASA.pdf;False
4b1282891108;VIAÇÃO GRACIOSA LTDA (e corresponsáveis: CHEF FOODS INDÚSTRIA E COMÉRCIO DE PRODUTOS ALIMENTÍCIOS LTDA, V.H.D. INDUSTRIA E COMERCIO DE PRODUTOS ALIMENTICIOS LTDA);Region 4;Not identified;7832709.79;Transação Individual - Modalidade nº. 37 e 7;45.88;120;;True;Transporte (viação/transporte rodoviário);Mantém eventuais garantias existentes;https://www.gov.br/pgfn/pt-br/assuntos/divida-ativa-da-uniao/transparencia-fiscal-1/painel-dos-parcelamentos/termos-de-transacao/4a-regiao/SumrioChefFoodsIndstriaeComrciodeProdutosAlimentciosLTDAV.H.D.IndstriaComrciodeProdutosAlimentciosLTDA.pdf;False
4b381168bd7b;SISTEMA OPOVO DE RÁDIO LTDA e outros (grupo econômico - Sistema O Povo);Region 5;2025-03-10;;Transação Individual (Plano de Regularização Fiscal);65.0;84;;;Comunicação/Mídia (rádio, jornal, gráfica, informática, comércio);Bens já penhorados ou porventura descritos como garantia (alienação em caso de rescisão), Imóvel (inserção na plataforma COMPREI em caso de rescisão);https://www.gov.br/pgfn/pt-br/assuntos/divida-ativa-da-uniao/transparencia-fiscal-1/painel-dos-parcelamentos/termos-de-transacao/5a-regiao/TermodeTransaoIndividualSistemaOpovodeRDIOLTDATarjado.pdf;False
4b59a7b4738a;CASA DE SAÚDE SANTA EFIGÊNIA;Region 5;2022-08-17;;Transação Individual;55.0;120;;;Saúde;;https://www.gov.br/pgfn/pt-br/assuntos/divida-ativa-da-uniao/transparencia-fiscal-1/painel-dos-parcelamentos/termos-de-transacao/5a-regiao/TermodeTransaoIndividualCasadeSadeSantaEfignia.pdf;False
4bd7e4f9d380;COLÉGIO SANTA MARIA;Region 5;2022-03-28;29996233.94;Transação individual (Primeiro Termo Aditivo);;;;;Educação;;https://www.gov.br/pgfn/pt-br/assuntos/divida-ativa-da-uniao/transparencia-fiscal-1/painel-dos-parcelamentos/termos-de-transacao/5a-regiao/primeiro-termo-aditivo-colegio-santa-maria.pdf;False
4cd775e0a14a;INTERBRASIL REPRESENTAÇÃO E SERVIÇOS DE MÃO DE OBRA LTDA (corresponsáveis: CLEAN - LOCACAO DE MAO DE OBRA LTDA e PRESERVICE RECURSOS HUMANOS LTDA);Region 5;2023-12-28;;Transação Individual;65.0;119;;;Prestação de serviços (mão de obra terceirizada/recursos humanos);Manutenção automática dos gravames decorrentes de arrolamento de bens, de medida cautelar fiscal e das garantias prestadas administrativamente ou nas ações de execução fiscal ou em qualquer outra ação judicial;https://www.gov.br/pgfn/pt-br/assuntos/divida-ativa-da-uniao/transparencia-fiscal-1/painel-dos-parcelamentos/termos-de-transacao/5a-regiao/TermodeTransacaoInterbrasilRepresentaoeServiosdeModeObraLTDAtarjado.pdf;False
4d0d1518d342;CONSTRUÇÕES MECÂNICAS COCAL LTDA;Region 4;2023-06-19;23484183.39;Transação Individual;;;;True;Construção mecânica/metalúrgica;;https://www.gov.br/pgfn/pt-br/assuntos/divida-ativa-da-uniao/transparencia-fiscal-1/painel-dos-parcelamentos/termos-de-transacao/4a-regiao/TermodeTransacaoIndividualConstrucoesMecanicasCocalLTDA.pdf;False
4d17b1f78fcf;Grupo econômico DISBRAVE (DISTRIBUIDORA BRASILIA DE VEICULOS S/A e outras empresas do grupo) e CARLOS ALBERTO GIANSELLA TAURISANO;Region 1;2021-10-04;263195366.16;Transação Tributária Individual (Primeiro Termo Aditivo);;84;;;Comércio de veículos e combustíveis (concessionárias/postos);;https://www.gov.br/pgfn/pt-br/assuntos/divida-ativa-da-uniao/transparencia-fiscal-1/painel-dos-parcelamentos/termos-de-transacao/1a-regiao/termo-aditivo-disbrave.pdf;False
4d1a7e82397f;MG MATERIAIS DE CONSTRUÇÃO LTDA;Region 4;2024-04-26;17663326.78;Transação Individual;;;;;Materiais de construção;Imóvel livre e desembaraçado, descrito no Anexo III, já objeto de penhora em execução fiscal, avaliado em R$ 37.635.720,00;https://www.gov.br/pgfn/pt-br/assuntos/divida-ativa-da-uniao/transparencia-fiscal-1/painel-dos-parcelamentos/termos-de-transacao/4a-regiao/TermodeTransaoIndividualMGMateriaisdeConstruoLTDATarjado.pdf;False
4d2b009ea8f3;PRT Prestação de Serviços Ltda;Region 4;2024-06-25;30067329.31;Transação Individual;;1;;;Not identified;;https://www.gov.br/pgfn/pt-br/assuntos/divida-ativa-da-uniao/transparencia-fiscal-1/painel-dos-parcelamentos/termos-de-transacao/4a-regiao/TermodeTransaoIndividualPRTPrestaodeServiosLTDATarajado.pdf;False
4d42e710adca;S CAMPOS DA SILVA (Simone Campos da Silva / Dorinaldo M. da Silva - grupo econômico);Region 1;2021-08-26;;Transação Individual;;145;4.0;False;Comércio de combustíveis (auto posto);Imóvel de matrícula nº 8.019 (1º Ofício de Itaituba) - penhora já concretizada em 2016, Imóvel de matrícula nº 4.984 (1º Ofício de Itaituba) - penhora já concretizada em 2016, Imóvel de matrícula nº 9.250 (1º Ofício de Itaituba) - hipoteca a ser registrada em 30 dias;https://www.gov.br/pgfn/pt-br/assuntos/divida-ativa-da-uniao/transparencia-fiscal-1/painel-dos-parcelamentos/termos-de-transacao/1a-regiao/copy_of_TermodeTransacaoSCAMPOSAUTOPOSTODADO.pdf;False
4d523e8addc3;Coopecardio - Cooperativa de Trabalho dos Médicos Cardiologistas de Pernambuco, CNPJ n. 00.599.741/0001-30;Region 5;Not identified;10846571.65;Transação Individual;58.7;50;0.0;False;Saúde (cooperativa médica - cardiologia);Manutenção de eventuais garantias eventualmente existentes nos processos em curso;https://www.gov.br/pgfn/pt-br/assuntos/divida-ativa-da-uniao/transparencia-fiscal-1/painel-dos-parcelamentos/termos-de-transacao/5a-regiao/SumrioCoopecardioCooperativadeTrabalhodosMdicosCardiologistasdePernambuco.pdf;False
4db580e90942;PORTO DO RECIFE S/A;Region 5;2020-12-14;;Transação Individual;50.0;84;;;Portuário;;https://www.gov.br/pgfn/pt-br/assuntos/divida-ativa-da-uniao/transparencia-fiscal-1/painel-dos-parcelamentos/termos-de-transacao/5a-regiao/termo-de-transacao-individual-porto-do-recife-s-a;False
4dc232a66951;RADIAL TRANSPORTE COLETIVO LTDA;Region 3;2024-11-29;;Transação Individual;35.65;120;;;Transporte coletivo;Recebíveis oriundos de contrato (dados tarjados) com vigência entre maio/2023 a maio/2033, penhorados na execução fiscal nº 5002600-88.2022.403.6119;https://www.gov.br/pgfn/pt-br/assuntos/divida-ativa-da-uniao/transparencia-fiscal-1/painel-dos-parcelamentos/termos-de-transacao/3a-regiao/TermodeTransaoIndividualRadialTransporteColetivoLTDATarjado.pdf;False
4dd3c2fc7748;"USINA CAROLO S/A AÇÚCAR E ÁLCOOL EM RECUPERAÇÃO JUDICIAL; AGROPECUÁRIA SANTA CATARINA EM RECUPERAÇÃO JUDICIAL; PLANALTO AGROINDUSTRIAL LTDA EM RECUPERAÇÃO JUDICIAL (Grupo Proponente)";Region 3;2023-07-13;;Transação Individual;65.0;120;;True;Agronegócio (açúcar e álcool);Manutenção automática dos gravames decorrentes de arrolamento de bens, medida cautelar fiscal e garantias prestadas administrativamente ou em ações de execução fiscal, Manutenção das penhoras formalizadas indicadas no Anexo VI, Anuência com utilização do Sistema COMPREI para eventual alienação de imóveis já penhorados;https://www.gov.br/pgfn/pt-br/assuntos/divida-ativa-da-uniao/transparencia-fiscal-1/painel-dos-parcelamentos/termos-de-transacao/3a-regiao/TermodeTransaoIndividualUsinaCaroloSAAcarelcoolInformaesSigilosasSuprimidas.pdf;False
4e00fc46f249;T-GRAO CARGO TERMINAL DE GRANEIS S/A;Region 3;2025-02-27;38926124.23;Transação Individual;38.92;84;;;Logística/Armazenagem portuária (terminal de granéis);Bens descritos no Anexo III (não detalhados no documento), a serem oferecidos à penhora no prazo de até 60 dias nos autos do processo 0005696-38.2008.4.03.6104 (7ª Vara Federal de Santos), Manutenção automática dos gravames decorrentes de arrolamento de bens, medida cautelar fiscal e garantias prestadas administrativamente ou em ações de execução fiscal;https://www.gov.br/pgfn/pt-br/assuntos/divida-ativa-da-uniao/transparencia-fiscal-1/painel-dos-parcelamentos/termos-de-transacao/3a-regiao/TermodeTransaoIndividualTGraoCargoTerminaldeGraneisSATarjado.pdf;False
4e0991142214;R.P.L ENGENHARIA E SERVICOS LTDA EM RECUPERACAO JUDICIAL;Region 5;2023-08-14;52925586.16;Transação Individual (Portaria PGFN nº 6.757/2022, com aplicação da Portaria PGFN nº 2.382/2020 por recuperação judicial);70.0;104;;True;Engenharia/Construção;;https://www.gov.br/pgfn/pt-br/assuntos/divida-ativa-da-uniao/transparencia-fiscal-1/painel-dos-parcelamentos/termos-de-transacao/5a-regiao/TermodeTransaoIndividualR.P.LEngenhariaeServiosLTDA.pdf;False
4e4bef58fff2;COUROS BOM RETIRO LTDA (grupo econômico Harth/Couros Bom Retiro);Region 4;2025-02-26;57888524.04;Transação Individual;;;;;Couros/Curtume;Imóvel - Matrícula nº 5.822, Livro nº 2, Registro de Imóveis de Patrocínio Paulista-SP, avaliado em R$ 27.886.906,00, de propriedade de PV Empreendimentos Imobiliários e Participações Ltda, Imóvel - Matrícula nº 991, Livro nº 2, Ofício de Registros Públicos de Roca Sales/RS, Comarca de Encantado-RS, avaliado em R$ 33.660.620,00, de propriedade de PV Empreendimentos Imobiliários e Participações Ltda, Hipoteca extrajudicial (se indeferida a penhora judicial);https://www.gov.br/pgfn/pt-br/assuntos/divida-ativa-da-uniao/transparencia-fiscal-1/painel-dos-parcelamentos/termos-de-transacao/4a-regiao/TermodeTransaoIndividualCourosBomRetiroLTDA.pdf;False
4e51d1b22b48;"RODOPA INDUSTRIA E COMERCIO DE ALIMENTOS LTDA (65.791.980/0001-33); FORTE EMPREENDIMENTOS E PARTICIPACOES LTDA (03.239.385/0001-32)";Region 3;Not identified;168728385.39;Transação individual;59.29;6;;False;Alimentos;Manutenção de eventuais garantias eventualmente existentes nos processos em curso;https://www.gov.br/pgfn/pt-br/assuntos/divida-ativa-da-uniao/transparencia-fiscal-1/painel-dos-parcelamentos/termos-de-transacao/3a-regiao/SumrioRodopaIndustriaeComrciodeAlimentosLTDAForteEmpreendimentoseParticipaesLTDA.pdf;False
4e651683debf;EMSA EMPRESA SUL AMERICANA DE MONTAGENS S.A;Region 1;2021-07-14;98286821.19;Transação individual (excepcional);42.57;84;2.5;;Montagens industriais/construção;Precatório no valor aproximado de 80 milhões, originário do processo judicial nº 0028874-20.1997.4.01.3400, utilizável para amortizar até 50% do saldo devedor, Aeronave descrita no Anexo III, penhorada nos autos do processo judicial nº 0005812-89.2018.4.01.3504, Bem móvel indisponibilizado por medida judicial na Execução Fiscal nº [tarjado], enumerado no Anexo III, Fiança do sócio/fiador (Cláusula 22ª);https://www.gov.br/pgfn/pt-br/assuntos/divida-ativa-da-uniao/transparencia-fiscal-1/painel-dos-parcelamentos/termos-de-transacao/1a-regiao/termo-de-transacao-individual-emsa.pdf;False
4f08f402ce93;TV CIDADE FORTALEZA LTDA;Region 5;2023-11-17;56945317.23;Transação Individual;65.0;120;;;Comunicação/TV (entretenimento);Imóvel de Matrícula nº 12.395, do Cartório de Registro de Imóveis da 4ª Zona da Comarca de Fortaleza - Ceará (Cartório Miranda Bezerra), prédio nº 2565, Avenida Desembargador Moreira, 04 pavimentos, avaliado em R$ 14.359.000,00, já penhorado nos autos da execução fiscal 0043333-15.1996.4.05.8100, Manutenção de garantias já associadas aos débitos, inclusive penhoras prévias em execuções fiscais;https://www.gov.br/pgfn/pt-br/assuntos/divida-ativa-da-uniao/transparencia-fiscal-1/painel-dos-parcelamentos/termos-de-transacao/5a-regiao/TermodeTransacaoIndividualTVCidadeFortalezatarjado.pdf;False
4f7db0f976d7;BOTAFOGO FUTEBOL E REGATAS;Region 3;2022-04-06;4786301.0;Transação individual (modalidade 6);29.1;110;;;Futebol/entretenimento;Contrato de cessão de direitos de captação, fixação, edição, exibição e transmissão, em Televisão por Assinatura e Internet, do Campeonato Brasileiro de Futebol – Série A - Temporadas de 2021, 2022, 2023 e 2024, Contrato de cessão de direitos de captação, fixação, edição, exibição e transmissão Via Sistema Pay-Per-View e Internet do Campeonato Brasileiro de Futebol – Série A - Temporadas de 2021, 2022, 2023 e 2024, Contrato de cessão de direitos de captação, fixação, edição, exibição e transmissão, em TV Aberta e Internet, dos Sons e Imagens do Campeonato Brasileiro de Clubes da Série A - Temporadas de 2021, 2022, 2023 e 2024;https://www.gov.br/pgfn/pt-br/assuntos/divida-ativa-da-uniao/transparencia-fiscal-1/painel-dos-parcelamentos/termos-de-transacao/3a-regiao/TermodeTransacaoIndividualBotafogoFuteboleRegatastarjado.pdf;False
4fcdb73b9c17;MIPAL INDÚSTRIA DE EVAPORADORES LTDA;Region 3;2025-03-28;;Transação Individual;65.0;79;;;Industrial (fabricação de evaporadores);Fiança pessoal (Antonio Cláudio Montiani Palma, em união estável com Ana Karina Delgado Fontes), Manutenção automática dos gravames decorrentes de arrolamento de bens, medida cautelar fiscal e garantias prestadas administrativamente ou em execução fiscal;https://www.gov.br/pgfn/pt-br/assuntos/divida-ativa-da-uniao/transparencia-fiscal-1/painel-dos-parcelamentos/termos-de-transacao/3a-regiao/TermodeTransaoIndividualMipalIndstriadeEvaporadoresLTDATarjado.pdf;False
4ff2ef4c27a9;PRODESAN PROGRESSO E DESENVOLVIMENTO DE SANTOS S.A;Region 3;2024-12-13;45373904.09;Transação Individual;65.0;60;;;Not identified;Matrículas 89.279, 12.271 e 12.272 do 1º RGI de Santos (Usina de Asfalto da Alemoa), Matrícula 89.058 do 1º RGI de Santos (Av. Rangel Pestana 439);https://www.gov.br/pgfn/pt-br/assuntos/divida-ativa-da-uniao/transparencia-fiscal-1/painel-dos-parcelamentos/termos-de-transacao/3a-regiao/TermodeTransaoIndividualProdesanProgressoeDesenvolvimentodeSantosSATarjado.pdf;False
50593aee1c2a;BERTOL S.A. IND. COM E EXP;Region 4;2023-06-12;;Transação Individual - Plano de Pagamento à Vista;;1;;;Not identified;;https://www.gov.br/pgfn/pt-br/assuntos/divida-ativa-da-uniao/transparencia-fiscal-1/painel-dos-parcelamentos/termos-de-transacao/4a-regiao/TermodeTransacaoIndividualBertolSA.pdf;False
505a354faba9;TT BURGER ALIMENTOS LTDA;Region 2;2024-04-10;28550947.51;Transação individual;42.09;1;;;Alimentação/Food service;Ficam mantidas as garantias associadas aos débitos transacionados, conforme determina o art. 7º, inciso II, da Portaria PGFN nº 6.757/2022.;https://www.gov.br/pgfn/pt-br/assuntos/divida-ativa-da-uniao/transparencia-fiscal-1/painel-dos-parcelamentos/termos-de-transacao/2a-regiao/TermodeTransaoIndividualTTBurgerAlimentosLTDAtarjado.pdf;False
50e39759c75e;ACF PARTICIPACOES LTDA. - EM RECUPERACAO JUDICIAL;Region 5;2024-03-29;;Transação Individual;;45;6.0;True;Not identified;Manutenção automática dos gravames decorrentes de arrolamento de bens, de medida cautelar fiscal e das garantias prestadas administrativamente ou nas ações de execução fiscal ou em qualquer outra ação judicial;https://www.gov.br/pgfn/pt-br/assuntos/divida-ativa-da-uniao/transparencia-fiscal-1/painel-dos-parcelamentos/termos-de-transacao/5a-regiao/TermodeTransaoIndividualACFParticipaesLTDA.pdf;False
50e47966e8c3;FAINOR - Faculdade Independente do Nordeste Ltda;Region 1;2021-07-26;23583887.65;Transação individual (recuperação judicial);70.0;145;;True;Educação;Mantidas todas as garantias associadas aos débitos com a finalidade de garantir a dívida contemplada na transação individual (Cláusula 10ª);https://www.gov.br/pgfn/pt-br/assuntos/divida-ativa-da-uniao/transparencia-fiscal-1/painel-dos-parcelamentos/termos-de-transacao/1a-regiao/termo-de-transacao-individual-fainor.pdf;False
510f832689b6;VIRGOLINO DE OLIVEIRA S/A – AÇÚCAR E ÁLCOOL - EM RECUPERAÇÃO JUDICIAL (grupo econômico Virgolino de Oliveira);Region 3;2023-02-01;;Transação individual (recuperação judicial);70.0;;;True;Agronegócio (açúcar e álcool);UPI Catanduva (imóvel/unidade produtiva isolada);https://www.gov.br/pgfn/pt-br/assuntos/divida-ativa-da-uniao/transparencia-fiscal-1/painel-dos-parcelamentos/termos-de-transacao/3a-regiao/TermodeTransacaoIndividualVirgolinodeOliveiraSAAcarelcoolemrecuperaojudicialtarjado.pdf;False
512c9278ee0f;PROGEN PROJETOS GERENCIAMENTO E ENGENHARIA S.A;Region 3;2021-06-09;;Transação individual;18.0;84;;;Engenharia/Gerenciamento de projetos;Recebíveis oriundos de contrato de prestação de serviços (dados tarjados), Recebíveis oriundos de contrato de prestação de serviços - 2º termo aditivo (dados tarjados), Possibilidade de substituição por depósito, fiança bancária ou seguro-garantia de igual valor;https://www.gov.br/pgfn/pt-br/assuntos/divida-ativa-da-uniao/transparencia-fiscal-1/painel-dos-parcelamentos/termos-de-transacao/3a-regiao/termo-de-transacao-individual-progen.pdf;False
51ee11d34b08;HENARES ADVOGADOS ASSOCIADOS;Region 3;2023-08-24;;Transação Individual;51.0;;;;Serviços jurídicos/advocacia;;https://www.gov.br/pgfn/pt-br/assuntos/divida-ativa-da-uniao/transparencia-fiscal-1/painel-dos-parcelamentos/termos-de-transacao/3a-regiao/TermodeTransaoIndividualHenaresAdvogadosAssociados.pdf;False
52d7e030e8c4;EDITORA O DIA LTDA. – EM RECUPERAÇÃO JUDICIAL, EMPRESA JORNALÍSTICA ECONÔMICO LTDA. e AGÊNCIA BRASILEIRA DE CONTEÚDO DIGITAL LTDA. (grupo econômico de fato);Region 2;2023-09-01;7639095.73;Transação Individual;;85;;True;Jornalismo/mídia (editora, empresa jornalística e agência de conteúdo digital);Imóvel situado na Avenida Dom Helder Câmara, nº 160, Manguinhos, Rio de Janeiro-RJ, matrícula 93509 do 1º RGI da Comarca da Capital do RJ, avaliado em R$50.000.000,00, Manutenção das penhoras realizadas nos autos da execução fiscal nº 0023581-79.2017.4.02.5101;https://www.gov.br/pgfn/pt-br/assuntos/divida-ativa-da-uniao/transparencia-fiscal-1/painel-dos-parcelamentos/termos-de-transacao/2a-regiao/TermodeTransaoIndividualEditoraODiaLTDATarjado2.pdf;False
53d9bd90b366;GRUPO BETICA-TECHNIC LTDA (BETICA COMÉRCIO IMPORTAÇÃO E EXPORTAÇÃO DE PNEUS LTDA e TECHNIC DO BRASIL LTDA);Region 3;2024-02-21;;Transação Individual (modalidades DEMAIS e PREV);;60;;True;Comércio de pneus / importação e exportação;Manutenção automática dos gravames decorrentes de arrolamento de bens, medida cautelar fiscal e garantias prestadas administrativamente ou em ações de execução fiscal ou judicial, Fiança pessoal de Manuel Quero Carrillo (sócio), constante do Anexo II (Termo de Garantia Fidejussória), no montante de R$ 12.250.663,80;https://www.gov.br/pgfn/pt-br/assuntos/divida-ativa-da-uniao/transparencia-fiscal-1/painel-dos-parcelamentos/termos-de-transacao/3a-regiao/TERMOCOMTRANSACAOCOMTARJACORRIGIDO.pdf;False
5463db1149ea;Grupo Casarin (CASARIN COMERCIO DE ALIMENTOS LTDA. e outros - grupo econômico de fato);Region 4;2022-11-21;;Transação Individual - Plano de Pagamento Parcelado;65.0;120;;;Agronegócio/Cerealista e Comércio (alimentos, veículos, cereais, construção);Integralidade dos bens móveis e imóveis do Grupo, já objeto de indisponibilidade e constrição no âmbito das Cautelares Fiscais e executivos movidos pela União (1ª Vara Federal de Pelotas/RS), Totalidade dos valores já bloqueados nos processos judiciais, Acervo garantidor que supera a cifra de R$ 180.000.000,00, conforme Laudos Avaliativos;https://www.gov.br/pgfn/pt-br/assuntos/divida-ativa-da-uniao/transparencia-fiscal-1/painel-dos-parcelamentos/termos-de-transacao/4a-regiao/TermodeTransacaoIndividualCasarinComerciodeAlimentosLTDA.pdf;False
54b88195a283;GEOSISTEMAS ENGENHARIA E PLANEJAMENTO LTDA.;Region 5;2025-06-19;;Transação Individual;;120;;;Engenharia/Construção;Lote de terreno próprio nº 15, Rua Ricardo Salazar, Bairro do Prado, Recife/PE, matrícula nº 27.968, avaliado em R$ 6.000.000,00, Casa nº 83, Rua Ricardo Salazar, Bairro do Prado, Recife/PE, matrícula nº 27.967, avaliada em R$ 3.595.197,13 (avaliado no termo como R$ 6.000.000,00);https://www.gov.br/pgfn/pt-br/assuntos/divida-ativa-da-uniao/transparencia-fiscal-1/painel-dos-parcelamentos/termos-de-transacao/5a-regiao/TermodeTransaoIndividualGeosistemasEngenhariaePlanejamentoLTDA.pdf;False
54f6c3d9a3ea;DFC ADMINISTRADORA DE IMÓVEIS LTDA / BONANZA SUPERMERCADOS LTDA / ALIANÇA DISTRIBUIDORA DE GÊNEROS ALIMENTÍCIOS LTDA;Region 5;2021-02-01;;Termo Aditivo à Transação Individual;;;;;Comércio (supermercados/distribuição de gêneros alimentícios) e administração de imóveis;;https://www.gov.br/pgfn/pt-br/assuntos/divida-ativa-da-uniao/transparencia-fiscal-1/painel-dos-parcelamentos/termos-de-transacao/5a-regiao/aditivo-bonanza-tarjado.pdf;False
5507981f85cc;"RP Produção e Edição Musical Ltda, Núcleo 55 Produções Artísticas Ltda, Granola Produções Ltda, BM Produções Artísticas Eireli, 7+7 Produção e Empreendimentos Ltda, Akator Eventos Ltda, Baía de Todos os Santos Compra e Venda de Imóveis Ltda, Patrimonial Xpto Ltda (grupo econômico ""Washington Bell Marques da Silva"")";Region 1;2022-10-05;50848136.51;Transação individual (proposta individual nas condições da modalidade por adesão PERSE, art. 53 da Portaria PGFN nº 6.757/2022);70.0;72;;;Eventos / entretenimento (produção artística e shows musicais);Hipoteca de bens imóveis relacionados no Anexo II, avaliados em 2022 segundo normas da ABNT, com total aproximado dado em garantia de R$ 31.500.000,00 (Cláusula 15ª), Manutenção de garantias, penhoras e gravames já formalizados em relação aos créditos do Anexo I (Cláusula 14ª);https://www.gov.br/pgfn/pt-br/assuntos/divida-ativa-da-uniao/transparencia-fiscal-1/painel-dos-parcelamentos/termos-de-transacao/1a-regiao/TermodeTransaoIndividualGrupoGranolaInformaesSigilosasSuprimidas.pdf;False
5510b7259ce4;B&Q ENERGIA LTDA;Region 5;2024-04-10;;Transação Individual;17.5;120;;;Energia;Penhoras já existentes em execuções fiscais (mantidas), Imóvel de Matrícula 5184/RI Beberibe/CE, avaliado em R$ 3.210.000,00;https://www.gov.br/pgfn/pt-br/assuntos/divida-ativa-da-uniao/transparencia-fiscal-1/painel-dos-parcelamentos/termos-de-transacao/5a-regiao/TermodeTransaoIndividualBQEnergiaLTDAtarjado.pdf;False
5523c0556aa6;ELETROFORJA INDÚSTRIA MECÂNICA LTDA.;Region 4;2022-05-20;;Transação Individual Tributária - Plano de Pagamento Parcelado do Débito Fiscal;45.22;84;;;Indústria mecânica/metalúrgica;Bens penhorados e com indisponibilidade decretada nas execuções fiscais da União números 5018644-64.2018.4.04.7100 (16ª VF de Porto Alegre/RS), 5048619-29.2021.4.04.7100 (16ª VF de Porto Alegre/RS), 0002796-42.2014.403.6114 (2ª VF de São Bernardo do Campo/SP), 0000839-74.2012.403.6114 (2ª VF de São Bernardo do Campo/SP) e 0001791-14.2016.403.6114 (2ª VF de São Bernardo do Campo/SP), conforme Anexo IV;https://www.gov.br/pgfn/pt-br/assuntos/divida-ativa-da-uniao/transparencia-fiscal-1/painel-dos-parcelamentos/termos-de-transacao/4a-regiao/TermodeTransaoIndividualEletroforjaIndstriaMecnicaLTDATarjado.pdf;False
553591c4ca15;GRUPO ITAVEMA;Region 3;2024-02-29;298084227.12;Transação Individual;40.05;24;;;Comércio de veículos (concessionárias automotivas);;https://www.gov.br/pgfn/pt-br/assuntos/divida-ativa-da-uniao/transparencia-fiscal-1/painel-dos-parcelamentos/termos-de-transacao/3a-regiao/TermodeTransaoIndividualItavemaVeculosSeminovosLTDATarajadocompactado.pdf;False
5579865e89e2;CONVENÇÃO DAS IGREJAS EVANGÉLICAS ASSEMBLEIA DE DEUS DE SANTA CATARINA E SUDOESTE DO PARANÁ - CIADESCP;Region 4;2024-02-20;8415396.29;Transação Individual;70.0;59;12.0;;Religioso/Entidade evangélica;Imóveis livres e desembaraçados descritos no Anexo II, avaliados em R$ 66.689.280,00, objeto de penhora nas execuções fiscais;https://www.gov.br/pgfn/pt-br/assuntos/divida-ativa-da-uniao/transparencia-fiscal-1/painel-dos-parcelamentos/termos-de-transacao/4a-regiao/TermodeTransaoIndividualConvenodasIgrejasEvanglicasAssembleiadeDeusdeSantaCatarinaeSudoestedoParanCIADESCPTarjado.pdf;False
559b9bd0ce02;ARQUITEC – ARQUITETURA, ENGENHARIA E CONSTRUÇÃO LTDA – EM RECUPERAÇÃO JUDICIAL;Region 5;2021-10-18;;Transação Individual (empresa em Recuperação Judicial - Portaria PGFN nº 2382/2021);;;;True;Construção civil/engenharia;Garantias já existentes associadas às respectivas execuções fiscais (mantidas conforme Cláusula 14);https://www.gov.br/pgfn/pt-br/assuntos/divida-ativa-da-uniao/transparencia-fiscal-1/painel-dos-parcelamentos/termos-de-transacao/5a-regiao/TermodeTransaoIndividualArquitec.pdf;False
55ca11caea14;ALPITEL BRASIL IMPLANTAÇÕES DE SISTEMAS LTDA, PSC DO BRASIL ADMINISTRAÇÃO DE OBRAS EIRELI e CONSÓRCIO PSC – ALPITEL;Region 3;2023-09-03;83996451.32;Transação Individual;42.22;48;;True;Not identified;;https://www.gov.br/pgfn/pt-br/assuntos/divida-ativa-da-uniao/transparencia-fiscal-1/painel-dos-parcelamentos/termos-de-transacao/3a-regiao/TermodeTransaoIndividualAlpitelBrasilImplementaesdeSistemasLTDATarjado.pdf;False
56680814f87c;DYNA INDÚSTRIA E COMÉRCIO LTDA / DYNA EMPREENDIMENTOS E PARTICIPAÇÕES S/A;Region 3;2024-09-23;;Transação Individual;57.0;44;;;Not identified;Manutenção automática das penhoras existentes, em especial a penhora fixada em 1,5% incidente sobre a receita bruta, deferida nos autos da execução fiscal nº 0003842-51.2014.403.6119, Imóvel de matrícula nº129.697 (1º CRI - Guarulhos/SP), penhorado nos autos da execução fiscal nº 0003842-51.2014.403.6119, disponibilizado para venda via COMPREI/PGFN;https://www.gov.br/pgfn/pt-br/assuntos/divida-ativa-da-uniao/transparencia-fiscal-1/painel-dos-parcelamentos/termos-de-transacao/3a-regiao/TermodeTransaoIndividualDynaIndstriaeComrcioLTDATarjado.pdf;False
5696b1fc8612;CASA DE SAÚDE SANTA EFIGÊNIA;Region 5;2025-02-17;;Transação individual (aditivo de repactuação);70.0;;;True;Saúde;Garantias já existentes preservadas (não especificadas);https://www.gov.br/pgfn/pt-br/assuntos/divida-ativa-da-uniao/transparencia-fiscal-1/painel-dos-parcelamentos/termos-de-transacao/5a-regiao/TermodeTransaoIndividualRepactuaoCasaDeSadeSantaEfignia.pdf;False
569e2ff88c08;CKBV FLORESTAL LTDA;Region 1;2024-09-13;106092661.03;Transação Individual;65.0;120;;;Florestal/Agronegócio (manejo florestal madeireiro);Imóveis - Fazendas CIKEL V e CIKEL IX (avaliação R$ 166.610.597,00), Manutenção de gravames de arrolamento de bens, medida cautelar fiscal e garantias já prestadas administrativamente ou em execuções fiscais;https://www.gov.br/pgfn/pt-br/assuntos/divida-ativa-da-uniao/transparencia-fiscal-1/painel-dos-parcelamentos/termos-de-transacao/1a-regiao/TermodeTransaoIndividualCKBVFlorestalLTDAtarjado.pdf;False
56a686ccb689;ITAURB – Empresa de Desenvolvimento de Itabira Ltda.;Region 1;2022-02-02;50268335.21;Transação Individual;;84;;;Desenvolvimento urbano/empresa pública municipal;Corresponsabilidade do Município de Itabira (INTERVENIENTE ANUENTE), com retenção no Fundo de Participação dos Municípios (FPM) em caso de rescisão;https://www.gov.br/pgfn/pt-br/assuntos/divida-ativa-da-uniao/transparencia-fiscal-1/painel-dos-parcelamentos/termos-de-transacao/1a-regiao/termo-de-transacao-individual-itaurb_.pdf;False
56acc86d5488;WTORRE S/A e outras empresas do grupo WTorre/Real/WT (grupo econômico);Region 3;2024-10-29;;Transação Individual;57.21;120;;;Imobiliário/Construção Civil e Engenharia;Penhor de 50% das cotas sociais da Sociedade WTPR Empreendimentos Imobiliários Ltda (Anexo IV), Penhora de bens imóveis (Anexo V), Apólice de Seguro Garantia na execução fiscal nº 5015076-71.2019.4.03.6182;https://www.gov.br/pgfn/pt-br/assuntos/divida-ativa-da-uniao/transparencia-fiscal-1/painel-dos-parcelamentos/termos-de-transacao/3a-regiao/TermodeTransaoIndividualWtorreEngenhariaeConstruoLTDATarjado.pdf;False
56cf3302eccd;REATA CITRUS AGRO INDUSTRIA LTDA;Region 3;2024-04-30;2674770.85;Transação Individual;44.58;36;;False;Agronegócio;;https://www.gov.br/pgfn/pt-br/assuntos/divida-ativa-da-uniao/transparencia-fiscal-1/painel-dos-parcelamentos/termos-de-transacao/3a-regiao/TermodeTransaoIndividualReataCitrusAgroIndstriaLTDATarjado.pdf;False
578039f37e9a;Esporte Clube Bahia e Esporte Clube Bahia S/A;Region 1;2023-05-23;26444058.78;Transação Individual - pagamento à vista com desconto (Modalidade 24);32.11;1;;;Futebol/entretenimento;;https://www.gov.br/pgfn/pt-br/assuntos/divida-ativa-da-uniao/transparencia-fiscal-1/painel-dos-parcelamentos/termos-de-transacao/1a-regiao/TermodeTransaoIndividualEsporteClubeBahia.pdf;False
5783d5288c7d;FACULDADE CATHEDRAL DE ENSINO SUPERIOR DE BARRA DO GARCAS;Region 1;2023-03-06;;Transação Individual (débitos com o FGTS);40.0;100;;;Educação;;https://www.gov.br/pgfn/pt-br/assuntos/divida-ativa-da-uniao/transparencia-fiscal-1/painel-dos-parcelamentos/termos-de-transacao/1a-regiao/termo-de-transacao-individual-faculdade-cathedral.pdf;False
57a9d8e82dac;DORINALDO M. DA SILVA (AUTO POSTO DADO) / DORINALDO MOURA DA SILVA / S CAMPOS DA SILVA / SIMONE CAMPOS DA SILVA;Region 1;2022-07-06;;Transação individual (Primeiro Termo Aditivo);;;;;Comércio de combustíveis (auto posto);Hipoteca de imóvel rural situado no distrito de Campo Verde, Município de Itaituba/PA (matrícula substituída pelo Aditivo);https://www.gov.br/pgfn/pt-br/assuntos/divida-ativa-da-uniao/transparencia-fiscal-1/painel-dos-parcelamentos/termos-de-transacao/1a-regiao/TermoAditivodeTransaoIndividualSCAMPOSAUTOPOSTO.pdf;False
582314acd24b;TEC LOG LOGISTICA LTDA.;Region 3;2023-07-03;21352657.48;Transação individual;65.0;36;;;Logística;Mantidas as garantias já existentes até a assinatura deste acordo;https://www.gov.br/pgfn/pt-br/assuntos/divida-ativa-da-uniao/transparencia-fiscal-1/painel-dos-parcelamentos/termos-de-transacao/3a-regiao/TermodeTransaoIndividualTecLogLogsticaLTDAInformaesSigilosasSuprimidas.pdf;False
582b1495b3b9;UNIÃO PARANAENSE DE ENSINO E CULTURA - UNIPEC;Region 4;2023-12-27;30225803.89;Transação Individual;;145;;False;Educação;Bens móveis de propriedade da Associação, com Avaliação de Mercado de R$ 2.016.668,25, já penhorados junto aos autos da Execução Fiscal nº 5058354-27.2023.4.04.7000;https://www.gov.br/pgfn/pt-br/assuntos/divida-ativa-da-uniao/transparencia-fiscal-1/painel-dos-parcelamentos/termos-de-transacao/4a-regiao/TermodeTransaoIndividualUnioParanaensedeEnsinoeCulturaLTDATarajado.pdf;False
585a9d4e3815;BRASILMAXI LOGISTICA LTDA. - EM RECUPERAÇÃO JUDICIAL;Region 3;2024-09-05;;Transação individual (recuperação judicial);65.0;84;;True;Logística/Transporte;;https://www.gov.br/pgfn/pt-br/assuntos/divida-ativa-da-uniao/transparencia-fiscal-1/painel-dos-parcelamentos/termos-de-transacao/3a-regiao/TermodeTransaoIndividualBrasilmaxiLogsticaLTDAemrecuperaojudicialtarjado.pdf;False
58b1f260fd1f;"VB TRANSPORTES E TURISMO LTDA. e outras (grupo econômico ""Belarmino"" - VB Transportes e Turismo Ltda, Auto Viação Brasil Luxo Ltda, Viação Campos do Ouros Ltda, Viação Transguarulhense Ltda, Construtora Boanova Ltda, Embralixo Empresa Bragantina de Varrição Coleta de Lixo Ltda, Nossa Senhora de Fátima Auto Ônibus Ltda, Rápido Luxo Campinas Ltda, Rápido Sumaré Ltda, Sambaíba Transportes Urbanos Ltda, Empresa São José Ltda, Urca Urbano de Campinas Ltda, Vallesul Transportes e Turismo Ltda, VB Transportes de Cargas Ltda, Via Norte Transportes Urbanos Ltda, Viação Atual Ltda, Viação Avante Ltda, Viação Boa Vista Ltda, Viação Lira Ltda, Auto Viação Ouro Verde Ltda, Viação São Paulo Ltda, Vila Real Transportes e Serviços Ltda, West Side Viagens e Turismo Ltda, Empresa Auto Ônibus São Jorge Ltda, Tuca Transportes Urbanos Campinas Ltda, Transportes Capellini Ltda, Viação Itu Ltda)";Region 3;2025-01-20;2142057649.49;Transação Individual (PGFN - art. 171 do CTN, Lei 13.988/2020 e Portaria PGFN nº 6.757/2022);50.577;30;;;Transporte coletivo de passageiros (ônibus urbano/rodoviário) e serviços correlatos (construção civil, coleta de lixo, cargas);Contrato nº 021/19 (SEI nº 6020.2019/0002396-8), celebrado pela Prefeitura do Município de São Paulo com Sambaíba Transportes Urbanos Ltda, no valor de R$ 3.135.223.280,00, a ser oferecido à penhora nos autos das execuções fiscais nº 805936.2016.403.6130, nº 780478.2016.403.6130, nº 50077897720234036130 e nº 719383.2016.403.6144, Manutenção automática dos gravames decorrentes de arrolamento de bens, medida cautelar fiscal e garantias prestadas administrativamente ou em ações de execução fiscal ou outra ação judicial;https://www.gov.br/pgfn/pt-br/assuntos/divida-ativa-da-uniao/transparencia-fiscal-1/painel-dos-parcelamentos/termos-de-transacao/3a-regiao/copy_of_TermodeTransaoIndividualVBTransporteseTurismoLTDAAutoViaoBrasilLuxoLTDATransportesCapelliniLTDAViaoCamposdoOurosLTDAViaoTransguarulhenseLtdaConstrutoraBoaNovaLTDAEmbrali.pdf;False
58c68b411b7f;IRGOVEL - INDÚSTRIA RIOGRANDENSE DE ÓLEOS VEGETAIS LTDA – EM RECUPERAÇÃO JUDICIAL;Region 4;2022-05-24;;Transação Individual - FGTS - Plano de Pagamento Parcelado;27.79;75;;True;Agroindústria (óleos vegetais);Imóvel objeto da matrícula 41.624 (Registro de Imóveis de Pelotas/RS), avaliado em R$ 17.700.000,00, já objeto de penhora pela União nas execuções fiscais nº 5004742-82.2016.4.04.7110 e 5010374-89.2016.4.04.7110;https://www.gov.br/pgfn/pt-br/assuntos/divida-ativa-da-uniao/transparencia-fiscal-1/painel-dos-parcelamentos/termos-de-transacao/4a-regiao/TermodeTransacaoIndividualIrgovelIndRiograndense.pdf;False
58f16efdf0e2;BOA VIAGEM NEGOCIOS IMOBILIÁRIOS LTDA;Region 5;2020-11-24;;Transação Individual;70.0;;;;Imobiliário;;https://www.gov.br/pgfn/pt-br/assuntos/divida-ativa-da-uniao/transparencia-fiscal-1/painel-dos-parcelamentos/termos-de-transacao/5a-regiao/termo-de-transacao-individual-boa-viagem-negocios-imobiliarios-ltda;False
58fe6d41bcfb;COMERCIAL SÃO JOÃO DE UTILIDADES DOMÉSTICAS LTDA (05.918.619/0001-01);Region 4;2024-12-01;79051224.4;Transação Individual;;;;;Comércio de utilidades domésticas;Bens móveis e direitos de aquisição de imóvel (Anexo III), avaliados os primeiros em R$ 2.400.000,00, Penhora dos bens nas execuções fiscais;https://www.gov.br/pgfn/pt-br/assuntos/divida-ativa-da-uniao/transparencia-fiscal-1/painel-dos-parcelamentos/termos-de-transacao/4a-regiao/TermodeTransaoIndividualComercialSoJoodeUtilidadesDomsticasLTDA.pdf;False
591c1ad0752d;BLUMETERRA COMÉRCIO E SERVIÇOS LTDA;Region 4;2023-12-20;21605290.24;Transação Individual - Pagamento à Vista;;;;False;Comércio;;https://www.gov.br/pgfn/pt-br/assuntos/divida-ativa-da-uniao/transparencia-fiscal-1/painel-dos-parcelamentos/termos-de-transacao/4a-regiao/TermodeTransaoIndividualBlumeterraComrcioeServiosLTDATarjado.pdf;False
591ee2e005c5;RECRUSUL S/A, REFRISA S/A e REFRIMA S/A (Grupo RECRUSUL);Region 4;2023-03-01;156045286.0;Transação Individual - Plano de Pagamento Parcelado;;120;;True;Industrial (reciclagem/recuperação de metais - sucata);"Marca empresarial ""RECRUSUL"", avaliada em R$ 24.949.000,00 (setembro/2021)";https://www.gov.br/pgfn/pt-br/assuntos/divida-ativa-da-uniao/transparencia-fiscal-1/painel-dos-parcelamentos/termos-de-transacao/4a-regiao/TermodeTransaoIndividualRecrusulSATarjado.pdf;False
59248887f95c;COMPANHIA ACUCAREIRA CENTRAL SUMAUMA, PENEDO AGRO INDUSTRIAL S/A, COMPANHIA ACUCAREIRA USINA CAPRICHO, IBERIA INDUSTRIAL E COMERCIAL LTDA (grupo econômico de fato);Region 5;2023-10-16;;Transação Individual - Plano de Regularização Fiscal;70.0;120;;True;Agroindústria/sucroalcooleiro;Manutenção de todas as garantias já associadas aos débitos, inclusive penhoras em execuções fiscais, Bens elencados no Anexo II, declarados não-essenciais, sujeitos a constrições/penhora nas execuções fiscais;https://www.gov.br/pgfn/pt-br/assuntos/divida-ativa-da-uniao/transparencia-fiscal-1/painel-dos-parcelamentos/termos-de-transacao/5a-regiao/TermodeTransaoIndividualCOMPANHIAAUCAREIRACENTRALSUMAMAemrecuperaojudicialPENEDOAGROINDUSTRIALSAemrecuperaojudicialCOMPANHIAAUCAREIRAUSINACAPRICHOemrecuperaojudiciaTarjado.pdf;False
594f98cac044;"BONOR INDUSTRIA DE BOTÕES DO NORDESTE S/A - EM RECUPERAÇÃO JUDICIAL; BONOR INDUSTRIAL S/A - EM RECUPERAÇÃO JUDICIAL";Region 5;2024-08-19;2751980.2;Transação Individual (Termo Aditivo);65.0;116;;True;Indústria (fabricação de botões/têxtil);;https://www.gov.br/pgfn/pt-br/assuntos/divida-ativa-da-uniao/transparencia-fiscal-1/painel-dos-parcelamentos/termos-de-transacao/5a-regiao/TermodeTransaoIndividualBonorIndustriadeBotesdoNordesteSAemrecuperaojudicialTermoAditivotarjado.pdf;False
5993b23f2ecf;Not identified;Region 4;Not identified;17450163.01;"TRANSACAO INDIVIDUAL (DEPENDE DE PREVIA APROVACAO DO PDA DA REGIAO) - Modalidades: 0166 - DEMAIS DEBITOS -PJ- DEMAIS- ATE 120 MESES -ENT- REDUCAO DE ATE 65% - 3/3-F; 0183 - DEBITOS PREVIDENCIARIOS -PJ- DEMAIS- ATE 60 MESES -ENTRADA -REDUCAO DE ATE 65% - 3/3-F";56.03;;;;Not identified;;https://www.gov.br/pgfn/pt-br/assuntos/divida-ativa-da-uniao/transparencia-fiscal-1/painel-dos-parcelamentos/termos-de-transacao/4a-regiao/AnexoITecnotokIndstriadeMquinasLTDA.pdf;False
5997d86862b4;COLITUR TRANSPORTES RODOVIÁRIOS LTDA EM RECUPERAÇÃO JUDICIAL;Region 2;2024-10-16;26886841.42;Transação individual;70.0;120;;True;Transporte rodoviário;Imóveis de propriedade da devedora, constante do anexo III, Penhora nas execuções fiscais listadas no ANEXO IV;https://www.gov.br/pgfn/pt-br/assuntos/divida-ativa-da-uniao/transparencia-fiscal-1/painel-dos-parcelamentos/termos-de-transacao/2a-regiao/TermodeTransaoIndividualColiturTransportesRodoviriosLTDAemrecuperaojudicialtarjado.pdf;False
5a71918c9bf2;SIBERIA SERVICOS E ADMINISTRACAO DE BENS LTDA;Region 5;2022-10-19;;Transação Individual;70.0;145;;;agronegócio/administração de bens;"Imóvel rural denominado ""Engenho Penedo"", situado no Município do Cabo de Santo Agostinho/PE, com área de 389,19 hectares, Matrícula nº 6456, Cessão fiduciária de crédito de precatório (Precatório nº 0270533-52.2022.4.05.0000 - PRC227440-PE)";https://www.gov.br/pgfn/pt-br/assuntos/divida-ativa-da-uniao/transparencia-fiscal-1/painel-dos-parcelamentos/termos-de-transacao/5a-regiao/TermodeTransaoIndividualSiberiaServioseAdministraodeBenesLTDATarjado.pdf;False
5a8635366deb;FÁBRICA DE MANÔMETROS RECORD S.A;Region 3;2023-09-13;22093977.79;Transação Individual;52.12;48;0.0;;Industrial (fabricação de instrumentos/manômetros);;https://www.gov.br/pgfn/pt-br/assuntos/divida-ativa-da-uniao/transparencia-fiscal-1/painel-dos-parcelamentos/termos-de-transacao/3a-regiao/TermodeTransaoIndividualFbricadeManmetrosRecordS.A.pdf;False
5aca44af989c;RADIO E TELEVISAO BANDEIRANTES S/A e REDE 21 COMUNICAÇÕES S/A;Region 3;2023-09-17;67113015.12;Transação Individual;65.0;36;;;Radiodifusão/Televisão (entretenimento/mídia);Manutenção das garantias existentes até a quitação integral (sem novas garantias exigidas);https://www.gov.br/pgfn/pt-br/assuntos/divida-ativa-da-uniao/transparencia-fiscal-1/painel-dos-parcelamentos/termos-de-transacao/3a-regiao/TermodeTransaoIndividualRadioeTelevisoBandeirantesSAInformaesSigilosasSuprimidas.pdf;False
5b0efc12fa15;ASIS PROJETOS DE INFORMATICA LTDA;Region 3;2024-05-03;11556468.56;Transação Individual;46.82;100;;;Tecnologia/Informática;;https://www.gov.br/pgfn/pt-br/assuntos/divida-ativa-da-uniao/transparencia-fiscal-1/painel-dos-parcelamentos/termos-de-transacao/3a-regiao/TermodeTransaoIndividualAsisProjetosdeInformaticaLTDATarjado.pdf;False
5b206b30ce12;FRIGOESTRELA S.A. - EM RECUPERAÇÃO JUDICIAL;Region 3;2021-11-25;156975024.39;Transação Tributária Individual;;120;;True;Frigorífico/Agronegócio;Créditos tributários a serem auferidos com a execução judicial dos Mandados de Segurança nº 0031745-65.2007.4.03.6100, nº 0019321-88.2007.4.03.6100 e nº 5001902-18.2017.4.03.6100 (ANEXO III);https://www.gov.br/pgfn/pt-br/assuntos/divida-ativa-da-uniao/transparencia-fiscal-1/painel-dos-parcelamentos/termos-de-transacao/3a-regiao/TERMODETRANSAOINDIVIDUALFRIGOSTRELAS.A..pdf;False
5b2d417b2fc1;GRUPO AVERAMA;Region 4;2022-06-08;;Transação Individual - Plano de Pagamento Parcelado;;120;;True;Agronegócio (abate de aves/alimentos);Imóveis de propriedade do corresponsável Célio Batista Martins Filho, avaliados em R$ 35.414.000,00, relacionados no Anexo V, a serem objeto de penhora nas Execuções Fiscais 5007236-44.2016.404.7004 e apensos, 5005340-63.2016.404.7004 e apensos e 5005351-24.2018.404.7004 e apenso;https://www.gov.br/pgfn/pt-br/assuntos/divida-ativa-da-uniao/transparencia-fiscal-1/painel-dos-parcelamentos/termos-de-transacao/4a-regiao/TermodeTransaoIndividualAveramaAlimentosSATarjado.pdf;False
5b4f08ae8711;CARRILHO ADMINISTRADORA E CONSTRUTORA LTDA;Region 5;2022-02-15;;Transação Individual - Plano de Regularização Fiscal (Portaria PGFN nº 9.917/2020);70.0;145;;;Construção civil/administração imobiliária;;https://www.gov.br/pgfn/pt-br/assuntos/divida-ativa-da-uniao/transparencia-fiscal-1/painel-dos-parcelamentos/termos-de-transacao/5a-regiao/TermodeTransaoIndividualCarrilhoAdministradoraeConstrutoraLTDA.pdf;False
5b99aa556ed1;JOSE ETELVINO LINS DE ALBUQUERQUE JUNIOR ME (JR LOCACOES);Region 5;2024-12-03;421824.92;Transação Individual (Plano de Regularização Fiscal);65.0;96;;False;Locação (JR Locações);Penhora de bens (alienação condicionada à aquiescência da Fazenda Nacional - Cláusula 6ª), Alienação de bens penhorados em caso de rescisão via sistema COMPREI (Cláusula 7ª);https://www.gov.br/pgfn/pt-br/assuntos/divida-ativa-da-uniao/transparencia-fiscal-1/painel-dos-parcelamentos/termos-de-transacao/5a-regiao/TermodeTransaoIndividualJoseEtelvinoLinsdeAlbuquerqueJuniorMEtarjado.pdf;False
5ba9407d4475;MARIO BARBOSA FILHO / COMERCIAL PEROLA S/A (Grupo Pérola);Region 5;2022-08-25;;Transação Individual (Plano de Regularização Fiscal - Portaria PGFN nº 6.757/2022);70.0;145;;False;Comércio;Hipoteca sobre os bens imóveis de Matrículas nº 16.508, 17.486, 17.239, 4.312, 8.323, 7.247, 18.042, 3.167 e 27.407, todos do Cartório de Imóveis do 1º Ofício de Garanhuns/PE;https://www.gov.br/pgfn/pt-br/assuntos/divida-ativa-da-uniao/transparencia-fiscal-1/painel-dos-parcelamentos/termos-de-transacao/5a-regiao/TermoDeTransaoIndividualMrioBarbosaFilhoComercialPerolaSA.pdf;False
5bd5d3c567cf;LABORTECNE INDUSTRIA QUÍMICA E DE EMBALAGEM LTDA;Region 5;2023-11-30;5561784.37;Transação Individual;65.0;120;;;Química/Embalagens;Manutenção de garantias eventualmente já associadas aos débitos incluídos na transação, inclusive penhoras prévias em execuções fiscais;https://www.gov.br/pgfn/pt-br/assuntos/divida-ativa-da-uniao/transparencia-fiscal-1/painel-dos-parcelamentos/termos-de-transacao/5a-regiao/TermodeTransaoIndividualLabortecneIndstriaQumicaedeEmbalagemLTDAtarjado.pdf;False
5be7472e194c;Cláudio Pinheiro Cavalcanti Ltda.;Region 5;2025-04-30;;Transação Individual (Aditivo - Plano de Recuperação Fiscal);;60;;True;Not identified;;https://www.gov.br/pgfn/pt-br/assuntos/divida-ativa-da-uniao/transparencia-fiscal-1/painel-dos-parcelamentos/termos-de-transacao/5a-regiao/TermodeTransaoIndividualCludioPinheiroCavalcantiLTDATermoAditivo.pdf;False
5c3a7dc46cda;Not identified;Region 3;2023-12-05;;Transação Individual;65.0;;;;Comércio de móveis;Imóveis listados no Anexo V, com cópias das matrículas no Anexo VI, Manutenção de gravames existentes (arrolamento de bens, garantias administrativas, indisponibilidade, arresto, penhora, caução);https://www.gov.br/pgfn/pt-br/assuntos/divida-ativa-da-uniao/transparencia-fiscal-1/painel-dos-parcelamentos/termos-de-transacao/3a-regiao/TermodetransaoindividualS.V.C.JaraguaComercialLTDA2.pdf;False
5c74aa230c7b;GETRONICS LTDA. e outras (grupo econômico Resource/Qintess/Cimcorp/Damovo/Sopho);Region 3;2024-06-10;794019993.68;Transação Individual;48.0;120;;;Tecnologia da informação/telecomunicações;Manutenção automática dos gravames decorrentes de arrolamento de bens e eventuais penhoras judiciais, Contrato de Prestação de Serviço mantido pela proponente RESOURCE TECNOLOGIA E INFORMÁTICA LTDA e o Banco do Brasil;https://www.gov.br/pgfn/pt-br/assuntos/divida-ativa-da-uniao/transparencia-fiscal-1/painel-dos-parcelamentos/termos-de-transacao/3a-regiao/TermodeTransaoIndividualGetronicsLTDATarjado.pdf;False
5ca113248338;AGS MECÂNICA E RENOVADORA DE PNEUS LTDA.;Region 4;2023-05-23;15095700.81;Transação Individual;;;;True;Comércio/serviços automotivos (renovadora de pneus);Bens imóveis de propriedade do DEVEDOR registrados no Ofício do Registro de Imóveis da Comarca de Marau, RS, avaliados em R$ 11.222.396,20;https://www.gov.br/pgfn/pt-br/assuntos/divida-ativa-da-uniao/transparencia-fiscal-1/painel-dos-parcelamentos/termos-de-transacao/4a-regiao/TermodeTransacaoIndividualAGSMecanicaeRenovadoradePneusLTDA.pdf;False
5cad618e8ed3;SOCIEDADE UNIFICADA DE ENSINO AUGUSTO MOTTA (SUAM);Region 2;2022-08-05;286015514.89;Transação Individual;70.0;145;;;Educação;Bens Imóveis relacionados no ANEXO III, Depósito judicial realizado na forma da Lei nº 9.703/98, nos autos da execução fiscal nº 0100782-50.2017.4.02.5101 (12ª Vara Federal de Execuções Fiscais do Rio de Janeiro), no montante equivalente a 3 (três) vezes o valor da soma das parcelas;https://www.gov.br/pgfn/pt-br/assuntos/divida-ativa-da-uniao/transparencia-fiscal-1/painel-dos-parcelamentos/termos-de-transacao/2a-regiao/TermodeTransacaoIndividualSociedadeUnificadadeEnsinoAugustoMotta.pdf;False
5cf2b27845c3;CORREA RABELLO, COSTA & ASSOCIADOS - ADVOGADOS E CONSULTORES;Region 5;2022-12-08;;Transação Individual - Plano de Regularização Fiscal (Portaria PGFN nº 6.757/2022);69.46;145;;;Advocacia/Consultoria jurídica;Cessão fiduciária de créditos de precatórios e RPVs federais em favor da União, Manutenção automática de gravames decorrentes de arrolamento de bens, medida cautelar fiscal e garantias prestadas administrativamente ou em execuções fiscais;https://www.gov.br/pgfn/pt-br/assuntos/divida-ativa-da-uniao/transparencia-fiscal-1/painel-dos-parcelamentos/termos-de-transacao/5a-regiao/TermodeTransaoIndividualCorreaRabelloCostaAssociadosAdvogadoseConsultores.pdf;False
5cf8031420a0;Americanas S/A - em Recuperação Judicial;Region 2;2025-06-10;;Transação Individual;;1;;True;Varejo;Carta de Fiança nº 45.00.02495, no valor de R$ 138.211.212,82, com prazo de validade indeterminado, emitida pela instituição financeira Banco BMG S/A;https://www.gov.br/pgfn/pt-br/assuntos/divida-ativa-da-uniao/transparencia-fiscal-1/painel-dos-parcelamentos/termos-de-transacao/2a-regiao/TermodeTransaoIndividualAmericanasS.A;False
5dcc1aeffe84;ARACAJU INVESTIMENTOS LTDA;Region 5;2024-01-05;1572138.0;Transação Individual;70.0;120;;True;Not identified;Manutenção das garantias já associadas aos débitos incluídos na transação, inclusive penhoras em execuções fiscais, até a efetiva quitação;https://www.gov.br/pgfn/pt-br/assuntos/divida-ativa-da-uniao/transparencia-fiscal-1/painel-dos-parcelamentos/termos-de-transacao/5a-regiao/TermodeTransaoIndividualAracajuInvestimentosLTDATarjado.pdf;False
5ddd7d2ff905;USINA RIO PARDO S.A. EM RECUPERAÇÃO JUDICIAL;Region 3;2023-07-07;115436288.05;Transação Individual;42.8;36;;True;Agronegócio (usina/sucroalcooleiro);;https://www.gov.br/pgfn/pt-br/assuntos/divida-ativa-da-uniao/transparencia-fiscal-1/painel-dos-parcelamentos/termos-de-transacao/3a-regiao/TermodeTransaoIndividualUsinaRioPardoS.A..pdf;False
5e1f96fe4804;GOL LINHAS AEREAS S.A. e GOL LINHAS AÉREAS INTELIGENTES S.A;Region 2;2024-12-30;;Transação Individual;;120;;True;Aviação civil / transporte aéreo;Slots aeroportuários registrados no Balanço Patrimonial (ANEXO XII), Integralidade dos recebíveis do contrato de vendas de passagens firmado com o Ministério da Gestão e da Inovação em Serviços Públicos (ANEXO X), Integralidade dos recebíveis do contrato de vendas de passagens CVC BRASIL OPERADORA E AGÊNCIA DE VIAGENS S.A (ANEXO X), Integralidade dos recebíveis decorrentes da utilização dos espaços de mídias das DEVEDORAS (ANEXO XII);https://www.gov.br/pgfn/pt-br/assuntos/divida-ativa-da-uniao/transparencia-fiscal-1/painel-dos-parcelamentos/termos-de-transacao/2a-regiao/TermodeTransaoIndividualGolLinhasAereasSA.pdf;False
5e7d35ef6fb3;SINA INDÚSTRIA DE ALIMENTOS LTDA. e outras (grupo SINA/FAS/FAMA);Region 3;Not identified;1371121742.05;Transação individual;59.82;120;0.0;True;Alimentos;Manutenção de eventuais garantias eventualmente existentes nos processos em curso, Imóveis (residenciais, comerciais e UPI), Direito creditório reconhecido em sentença (ICMS base PIS/COFINS);https://www.gov.br/pgfn/pt-br/assuntos/divida-ativa-da-uniao/transparencia-fiscal-1/painel-dos-parcelamentos/termos-de-transacao/3a-regiao/TermodeTransaoIndividualSinaIndstriadeAlimentosLTDASumrioTarjado.pdf;False
5ebf1f66663d;MUNICÍPIO DE PEDRO VELHO;Region 5;2024-05-22;6251170.96;Transação Individual - Plano de Regularização Fiscal (débitos de FGTS);28.8;80;;False;Administração pública municipal;Manutenção de garantias anteriormente existentes no âmbito judicial ou administrativo (Cláusula 4ª, caput);https://www.gov.br/pgfn/pt-br/assuntos/divida-ativa-da-uniao/transparencia-fiscal-1/painel-dos-parcelamentos/termos-de-transacao/5a-regiao/TermodeTransaoIndividualEstadodaParabatarjado.pdf;False
5eea86c2d253;"TNG Comércio e Industria de Roupas LTDA; TB Indústria e Comércio de Confecção de Roupas LTDA; Arestta Comércio de Confecções LTDA (Grupo TNG - em recuperação judicial)";Region 3;2023-03-29;69072939.61;Transação individual (modalidades DEMAIS e PREV) no âmbito de recuperação judicial;45.0;119;10.0;True;Vestuário/Confecções;Alienação fiduciária registrada no INPI, incidente sobre a marca de produto e de serviço 'TNG Comércio de Roupas LTDA', avaliada em R$ 112.000.000,00, Manutenção de gravames decorrentes de arrolamento de bens, medida cautelar fiscal e garantias prestadas administrativamente ou em ações de execução fiscal;https://www.gov.br/pgfn/pt-br/assuntos/divida-ativa-da-uniao/transparencia-fiscal-1/painel-dos-parcelamentos/termos-de-transacao/3a-regiao/TermodeTransaoIndividualTNGComrcioeIndustriadeRoupasLTDA.pdf;False
5f4f15f0a1bd;GELOG LOCACOES E TRANSPORTES LTDA;Region 3;Not identified;141593367.33;Transação Individual;46.71;120;;;Transportes/Locação de veículos;Veículos listados e avaliados conforme documentos do Anexo III, Fiadores pessoa natural (dois fiadores assinam o termo);https://www.gov.br/pgfn/pt-br/assuntos/divida-ativa-da-uniao/transparencia-fiscal-1/painel-dos-parcelamentos/termos-de-transacao/3a-regiao/TermodeTransaoIndividualGelogLocaeseTransportesLTDATarjado.pdf;False
5fb558037179;"DFC ADMINISTRADORA DE IMÓVEIS LTDA; BONANZA SUPERMERCADOS LTDA; ALIANÇA DISTRIBUIDORA DE GÊNEROS ALIMENTÍCIOS LTDA";Region 5;2021-02-01;;Termo Aditivo - Transação Individual;;;;;Not identified;;https://www.gov.br/pgfn/pt-br/assuntos/divida-ativa-da-uniao/transparencia-fiscal-1/painel-dos-parcelamentos/termos-de-transacao/5a-regiao/1TermoAditivoBONANZA.pdf;False
6046f7713b0b;DFC ADMINISTRADORA DE IMÓVEIS LTDA, BONANZA SUPERMERCADOS LTDA e ALIANÇA DISTRIBUIDORA DE GÊNEROS ALIMENTÍCIOS LTDA (Grupo Djalma Farias Cintra);Region 5;2020-12-30;;Transação Individual - Plano de Regularização Fiscal;50.0;145;;True;Comércio/Supermercados e Administração de Imóveis;;https://www.gov.br/pgfn/pt-br/assuntos/divida-ativa-da-uniao/transparencia-fiscal-1/painel-dos-parcelamentos/termos-de-transacao/5a-regiao/TermodeTransaoIndividualGrupoBonanza.pdf;False
604c64b60555;MOVICRANE COMÉRCIO E MANUTENÇÃO LTDA;Region 4;2023-09-13;;Transação Individual;;;;True;Comércio e manutenção (equipamentos/guindastes - grua/crane);;https://www.gov.br/pgfn/pt-br/assuntos/divida-ativa-da-uniao/transparencia-fiscal-1/painel-dos-parcelamentos/termos-de-transacao/4a-regiao/TermodeTransacaoIndividualMovicraneComercioeManutencaoLTDA.pdf;False
6097c1f25e2b;MUNICÍPIO DE CAICÓ;Region 5;2023-12-11;;Transação Individual;65.0;60;;;Administração pública municipal;Mantidas todas as garantias eventualmente já associadas aos débitos incluídos nesta transação individual, até a sua plena quitação, inclusive penhoras prévias em execuções fiscais;https://www.gov.br/pgfn/pt-br/assuntos/divida-ativa-da-uniao/transparencia-fiscal-1/painel-dos-parcelamentos/termos-de-transacao/5a-regiao/copy_of_TermodeTransaoIndividualMunicpiodeCaicTarjado.pdf;False
609d8bf94273;PRÓ-CLÍNICAS CLÍNICA DE DIAGNÓSTICO E TRATAMENTO LTDA;Region 2;2024-12-13;49515942.67;Transação individual;70.0;145;;;Saúde/Diagnóstico e Tratamento Médico;Imóvel de matrícula (tarjada), registrado no 7º Ofício de Campos dos Goytacazes, de propriedade da DEVEDORA;https://www.gov.br/pgfn/pt-br/assuntos/divida-ativa-da-uniao/transparencia-fiscal-1/painel-dos-parcelamentos/termos-de-transacao/2a-regiao/TermodeTransaoIndividualPrClnicadeDiagnsticoeTratamentoLTDAPGFNtarjado.pdf;False
60ac302a69b2;HOSPITAL E MATERNIDADE PRESIDENTE SOCIEDADE SIMPLES;Region 3;2021-11-03;1058991.02;Transação Individual;41.34;80;;;Saúde/Hospitalar;;https://www.gov.br/pgfn/pt-br/assuntos/divida-ativa-da-uniao/transparencia-fiscal-1/painel-dos-parcelamentos/termos-de-transacao/3a-regiao/termo-de-transacao-individual-hospital-e-maternidade-presidente-sociedade-simples.pdf;False
60f4fa000246;CARRETEIRO ALIMENTOS LTDA (02.892.934/0001-00);Region 2;Not identified;37205273.19;Transação individual;69.71;60;;False;Alimentos;Imóveis;https://www.gov.br/pgfn/pt-br/assuntos/divida-ativa-da-uniao/transparencia-fiscal-1/painel-dos-parcelamentos/termos-de-transacao/2a-regiao/TermodeTransaoIndividualCarreteiroAlimentosLTDASumrio.pdf;False
610c1b4e0664;COSTA VERDE TRANSPORTES LTDA.;Region 2;2025-02-20;30911451.36;Transação individual;;60;0.25;;Transporte (transporte rodoviário/ônibus);Garagem localizada na Rua Vinte e Quatro de Fevereiro, nº 35/39/45-F/57 e 59, Bonsucesso, Rio de Janeiro/RJ, avaliada em R$ 8.300.000,00, Garagem localizada na Rua Azevedo e Souza, nº 16, Jardim Balneário, Angra dos Reis/RJ, avaliada em R$ 5.200.000,00, 42 ônibus componentes da frota da DEVEDORA, avaliados em R$ 30.350.000,00;https://www.gov.br/pgfn/pt-br/assuntos/divida-ativa-da-uniao/transparencia-fiscal-1/painel-dos-parcelamentos/termos-de-transacao/2a-regiao/TermodeTransaoIndividualCostaverdeTransportesLTDA.pdf;False
618c2e6f573d;STEVIAFARMA INDUSTRIAL S.A.;Region 4;2025-05-09;56968676.55;Transação Individual;41.95;120;;;Indústria farmacêutica;Imóvel registrado sob matrícula nº 1.560 do 4º Serviço de Registro de Imóveis de Maringá-PR, Imóvel registrado sob matrícula nº 2.537 do 4º Serviço de Registro de Imóveis de Maringá-PR, Manutenção de indisponibilidades/penhoras/bloqueios existentes;https://www.gov.br/pgfn/pt-br/assuntos/divida-ativa-da-uniao/transparencia-fiscal-1/painel-dos-parcelamentos/termos-de-transacao/4a-regiao/TermodeTransaoIndividualSteviafarmaIndustrialS.A.pdf;False
620495c07bbd;INDÚSTRIA VEROLME S/A IVESA (e corresponsáveis SEQUIP PARTICIPAÇÕES LTDA e MASSA FALIDA DE EMAQ ENGENHARIA E MÁQUINAS S/A);Region 2;2022-10-27;294458691.61;Transação individual;;120;;;Indústria naval/metalúrgica;Precatório federal de titularidade da INDÚSTRIA VEROLME S/A – IVESA, expedido nos autos da ação ordinária nº 0066967-68.1994.4.02.5101 (12ª Vara Federal do Rio de Janeiro), cadastrado na Secretaria de Precatórios do TRF da 2ª Região sob o nº 5016731-22.2021.4.02.9388, formalizado via penhora nas execuções fiscais;https://www.gov.br/pgfn/pt-br/assuntos/divida-ativa-da-uniao/transparencia-fiscal-1/painel-dos-parcelamentos/termos-de-transacao/2a-regiao/TermodeTransacaoIndividualIndustriaVerolme.pdf;False
62246c57e890;CAIXA DE ASSISTÊNCIA DOS ADVOGADOS DO ESTADO DO RIO DE JANEIRO - CAARJ;Region 2;2021-07-02;108175413.51;Transação Individual;;145;;False;Associação privada / classe de advogados (assistência à advocacia);Hipoteca sobre imóveis de titularidade da REQUERENTE (ANEXO III), Repasse de parte da anuidade da OAB/RJ destinada à CAARJ;https://www.gov.br/pgfn/pt-br/assuntos/divida-ativa-da-uniao/transparencia-fiscal-1/painel-dos-parcelamentos/termos-de-transacao/2a-regiao/TermodeTransaoIndividualCaixadeAssistnciadosAdvogadosdoEstadodoRiodeJaneiroCAARJ.pdf;False
625690c49921;INFOPREÇOS S/A;Region 3;2025-05-28;;Transação Individual;65.0;54;;;Not identified;Fiança pessoal dos sócios Paulo Fernandes Garcia Neto, Marcus Vinícius Veiga Canfora Roggero e Leonardo Sierra Monteiro, Manutenção automática dos gravames decorrentes de arrolamento de bens, medida cautelar fiscal, penhoras ou garantias prestadas administrativamente;https://www.gov.br/pgfn/pt-br/assuntos/divida-ativa-da-uniao/transparencia-fiscal-1/painel-dos-parcelamentos/termos-de-transacao/3a-regiao/TermodeTransaoIndividualInfopreosSA.pdf;False
63b164233aea;SHOPPING BOTUCATU EMPREENDIMENTOS S.A.;Region 3;2023-08-30;;Transação individual;;114;4.0;False;Shopping centers / entretenimento e varejo;Bem imóvel matriculado (dados tarjados), de propriedade de terceiro, localizado em Botucatu/SP, oferecido à penhora nos autos da execução fiscal nº 5000363-11.2023.4.03.6131;https://www.gov.br/pgfn/pt-br/assuntos/divida-ativa-da-uniao/transparencia-fiscal-1/painel-dos-parcelamentos/termos-de-transacao/3a-regiao/TermodeTransaoIndividualShoppingParkBotucatuInformaesSigilosasSuprimidas.pdf;False
63b7e51b0f66;COMFICA SOLUCOES INTEGRAIS DE TELECOMUNICACOES LTDA;Region 3;2023-06-19;9851722.53;Transação Individual;65.0;112;;;Telecomunicações;;https://www.gov.br/pgfn/pt-br/assuntos/divida-ativa-da-uniao/transparencia-fiscal-1/painel-dos-parcelamentos/termos-de-transacao/3a-regiao/TermodeTransaoIndividualComficaSoluesIntegraisdeTelecomunicaesLTDA.pdf;False
63f09c83d5aa;"VIAÇÃO GRACIOSA LTDA; VIAÇÃO MARUMBI LTDA.; GRACIOSA TRANSPORTE E TURISMO LTDA; EMPRESA CURITIBA CERRO AZUL LTDA; ELUIZA HELENA SCHAEDLER; LIDIA BEATRIZ SCHAEDLER ALVES PEREIRA";Region 4;2025-06-17;;Transação Individual;54.19;120;;;Transporte (viação/turismo);matrícula 4223 do Registro de Imóveis de Curitiba/PR, matrícula 3925 do Registro de Imóveis de Curitiba/PR, matrícula 837 do Registro de Imóveis de Antonina/PR, matrícula 17438 do Registro de Imóveis de Matinho/PR, matrícula 17439 do Registro de Imóveis de Matinho/PR, matrícula 17829 do Registro de Imóveis de Matinho/PR, matrícula 17830 do Registro de Imóveis de Matinho/PR, matrícula 14440 do Registro de Imóveis de Matinho/PR, matrícula 12536 do Registro de Imóveis de Pontal do Sul/PR, matrícula 12537 do Registro de Imóveis de Pontal do Sul/PR, matrícula 20903 do Registro de Imóveis de São José dos Pinhais/PR, matrícula 43485 do Registro de Imóveis de São José dos Pinhais/PR, matrícula 50185 do Registro de Imóveis de São José dos Pinhais/PR, matrícula 1040 do Registro de Imóveis de Guaraqueçaba/PR, matrícula 1418 do Registro de Imóveis de Guaraqueçaba/PR;https://www.gov.br/pgfn/pt-br/assuntos/divida-ativa-da-uniao/transparencia-fiscal-1/painel-dos-parcelamentos/termos-de-transacao/4a-regiao/TermodeTransaoIndividualViaoGraciosaLTDAViaoMarumbiLTDAGraciosaTransporteeTurismoLTDAEmpresaCuritibaCerroAzulLTDAEluizaHelenaSchaedlerLidiaBeatrizSchaedlerAlvesPereira.pdf;False
6420022def7d;DI SOLLE CUTELARIA LTDA;Region 4;2023-04-05;;Transação Individual;;180;;;Cutelaria/Indústria metalúrgica;Bens móveis penhorados nas Execuções fiscais que tramitam em face da DEVEDORA;https://www.gov.br/pgfn/pt-br/assuntos/divida-ativa-da-uniao/transparencia-fiscal-1/painel-dos-parcelamentos/termos-de-transacao/4a-regiao/TermodeTransaoIndividualDiSolleCutelariaLTDATarjado.pdf;False
65189bf717b9;SARANTOPOULOS HOTÉIS E IMÓVEIS LTDA. / BLACK STREAM HOTEL S/A / BUFFET BLACK TIE LTDA.;Region 3;2025-06-03;;Termo Aditivo de Transação Individual (repactuação);;84;;;Hotelaria e eventos/buffet;Imóvel objeto da matrícula nº 4.644 (e seus desdobramentos) junto ao 2º Cartório de Registro de Imóveis de Ribeirão Preto - SP, de propriedade da Requerente;https://www.gov.br/pgfn/pt-br/assuntos/divida-ativa-da-uniao/transparencia-fiscal-1/painel-dos-parcelamentos/termos-de-transacao/3a-regiao/TermodeTransaoIndividualSarantopoulosHotiseImveisLTDABlackStreamHotelSABuffetBlackTieLTDA.pdf;False
65344c0b1020;TNS TRANSPORTES & LOGISTICA LTDA;Region 5;2023-01-30;;Transação Individual - Plano de Regularização Fiscal (Portaria PGFN nº 6.757/2022, Lei nº 14.375/2022);65.0;120;;;Transporte e Logística;;https://www.gov.br/pgfn/pt-br/assuntos/divida-ativa-da-uniao/transparencia-fiscal-1/painel-dos-parcelamentos/termos-de-transacao/5a-regiao/copy_of_TermodeTransaoIndividualAditivo3TNSTransportesLogsticaLTDA.pdf;False
655bebe068c9;CECATTO INDUSTRIA E COMERCIO DE SISTEMAS DE LAVAGEM LTDA - EM RECUPERACAO JUDICIAL / DMR COMERCIO DE SISTEMA DE LAVAGEM LTDA EM RECUPERAÇÃO EM LIQUIDAÇÃO;Region 3;2025-01-14;;Transação individual (recuperação judicial);65.0;60;;True;Indústria e comércio de sistemas de lavagem;Mantém-se as garantias dos débitos eventualmente existentes até a quitação integral do saldo devedor;https://www.gov.br/pgfn/pt-br/assuntos/divida-ativa-da-uniao/transparencia-fiscal-1/painel-dos-parcelamentos/termos-de-transacao/3a-regiao/TermodeTransaoIndividualCecattoIndstriaeComrciodeSistemasdeLavagemLTDATarjado.pdf;False
6562116062ce;SUDESTE TRANSPORTES COLETIVOS LTDA;Region 3;Not identified;30603128.48;Modalidade nº. 21 (FGTS) e nº 07 (CS);53.57;60;;False;Transportes;Mantém eventuais garantias existentes;https://www.gov.br/pgfn/pt-br/assuntos/divida-ativa-da-uniao/transparencia-fiscal-1/painel-dos-parcelamentos/termos-de-transacao/3a-regiao/SumrioSudesteTransportesColetivosLTDA.pdf;False
65628595b07d;FRANZOLIN ENGENHARIA LTDA.;Region 3;2025-02-27;;Transação Individual;35.5;48;;;Engenharia/Construção;Fiança (garantia pessoal do sócio Luiz Augusto Braga Franzolin), Manutenção de gravames decorrentes de arrolamento de bens, medida cautelar fiscal e garantias prestadas administrativamente ou em execuções fiscais;https://www.gov.br/pgfn/pt-br/assuntos/divida-ativa-da-uniao/transparencia-fiscal-1/painel-dos-parcelamentos/termos-de-transacao/3a-regiao/TermodeTransaoIndividualFrazolinEngenhariaLTDATarjado.pdf;False
6573941d7bb0;COOPERATIVA MISTA TUCUNDUVA LTDA;Region 4;2025-04-23;4994820.47;Transação Individual;51.22;60;;False;Agronegócio (cooperativa);;https://www.gov.br/pgfn/pt-br/assuntos/divida-ativa-da-uniao/transparencia-fiscal-1/painel-dos-parcelamentos/termos-de-transacao/4a-regiao/TermodeTransaoIndividualCooperativaMistaTucunduvALTDA.pdf;False
658d89b0675e;SARANTOPOULOS HOTÉIS E IMÓVEIS LTDA., BLACK STREAM HOTEL S/A e BUFFET BLACK TIE LTDA.;Region 3;2022-03-23;18120229.46;Transação Individual;70.0;145;;False;hotelaria/imóveis;Imóvel da Rua General Osório, nº 850, Centro, Ribeirão Preto, SP, matrícula nº 4.644 do 2º Registro de Imóveis;https://www.gov.br/pgfn/pt-br/assuntos/divida-ativa-da-uniao/transparencia-fiscal-1/painel-dos-parcelamentos/termos-de-transacao/3a-regiao/TermodeTransaoIndividualSarantopolosHotiseImveisLTDA.pdf;False
65f7600796ff;GRUPO ARAKATU (AGROPECUÁRIA ARAKATU LTDA EM RECUPERAÇÃO JUDICIAL - CNPJ 07.633.371/0001-50 - e COTTON PLACAS LTDA EM RECUPERAÇÃO JUDICIAL - CNPJ 03.659.419/0001-48);Region 1;2022-08-18;27674091.65;Transação individual (recuperação judicial);90.0;4;41.54;True;Agronegócio;Imóvel rural denominado Fazenda Bonanza II, matrícula 9452, avaliado em R$ 9.830.857,60, Imóvel rural denominado Fazenda Jefferson, matrícula 756, avaliado em R$ 11.400.475,00;https://www.gov.br/pgfn/pt-br/assuntos/divida-ativa-da-uniao/transparencia-fiscal-1/painel-dos-parcelamentos/termos-de-transacao/1a-regiao/TermodeTransaoIndividualArakatuLTDAemrecuperaojudicialtarjado.pdf;False
66398a72253c;Grupo Econômico ITABIRA/CBE (Not identified - representantes: Guilherme Cavalcanti da Rocha Leitão e Paulo Narcélio Simões Amaral);Region 5;2023-08-28;;Transação Individual - Plano de Regularização Fiscal;70.0;120;;True;Agroindústria/cimentos/celulose e papel (Grupo econômico diversificado);Imóveis (Demonstrativo DOAR) - matrículas diversas listadas na Cláusula 7ª §5º, Ativos minerários (direitos minerários listados na Cláusula 8ª), Financiamento DIP ARC Capital com alienação fiduciária de ativos (Ativos Garantia DIP);https://www.gov.br/pgfn/pt-br/assuntos/divida-ativa-da-uniao/transparencia-fiscal-1/painel-dos-parcelamentos/termos-de-transacao/5a-regiao/TermodeTransaoIndividualItabiraAgroIndustrialSA.pdf;False
66699db55153;Cláudio Pinheiro Cavalcanti Ltda., em Recuperação Judicial;Region 5;Not identified;2401541.06;Transação Individual;54.83;60;;True;Not identified;Manutenção de eventuais garantias eventualmente existentes nos processos em curso;https://www.gov.br/pgfn/pt-br/assuntos/divida-ativa-da-uniao/transparencia-fiscal-1/painel-dos-parcelamentos/termos-de-transacao/5a-regiao/SumrioCludioPinheiroCavalcantiLTDA.pdf;False
66bd329016f3;ARTLINE INDÚSTRIA E COMÉRCIO DE MÓVEIS LTDA. (e grupo econômico: AJUART COMÉRCIO DE MÓVEIS EIRELI, VIDARE COMÉRCIO DE MÓVEIS LTDA. ME, PLATINE MÓVEIS ESPECIAIS DO NORDESTE INDÚSTRIA & COMÉRCIO EIRELI);Region 5;2023-12-06;;Transação Individual (Portaria PGFN nº 6.757/2022);70.0;135;;True;Indústria e comércio de móveis;;https://www.gov.br/pgfn/pt-br/assuntos/divida-ativa-da-uniao/transparencia-fiscal-1/painel-dos-parcelamentos/termos-de-transacao/5a-regiao/TermodeTransacaoIndividualArtlineIndstriaeComricodeMveisLTDAemrecuperaojudicialtarjado.pdf;False
66c50a47c914;Industrial e Comercial Pretty Glass Ltda.;Region 3;2023-02-07;16855550.04;Transação Individual;65.0;39;;;Indústria (vidros);;https://www.gov.br/pgfn/pt-br/assuntos/divida-ativa-da-uniao/transparencia-fiscal-1/painel-dos-parcelamentos/termos-de-transacao/3a-regiao/TermodeTransaoIndividualPrettyGlassxLTDAInformaesSigilosasSuprimidas.pdf;False
66cf4b3d9c8c;ORDEP FABRIL NORDESTE LTDA;Region 5;2024-02-28;;Transação Individual;65.0;36;;;Not identified;Mantidas todas as garantias eventualmente já associadas aos débitos incluídos na transação, inclusive penhoras prévias em execuções fiscais;https://www.gov.br/pgfn/pt-br/assuntos/divida-ativa-da-uniao/transparencia-fiscal-1/painel-dos-parcelamentos/termos-de-transacao/5a-regiao/TermodeTransaoIndividualOrdepFabrilNordesteLTDAtarjado.pdf;False
67481a46939e;MUNICÍPIO DE RIBEIRÓPOLIS;Region 5;2023-11-17;;Transação Individual - Plano de Regularização Fiscal;65.0;60;;;Administração Pública Municipal;Manutenção das garantias já associadas aos débitos, inclusive penhoras prévias em execuções fiscais, Dedução de valores a serem repassados ao Município relacionados às cotas no Fundo de Participação, em caso de descumprimento;https://www.gov.br/pgfn/pt-br/assuntos/divida-ativa-da-uniao/transparencia-fiscal-1/painel-dos-parcelamentos/termos-de-transacao/5a-regiao/TermodeTransaoIndividualMunicpiodeRibeirpolisTarjado.pdf;False
6774ebcfe1b3;PLASTER SERVICOS DE PRENSAGEM E ENVASAMENTO PLASTICO EIRELI - EPP;Region 3;2021-05-20;249351459.54;Transação individual;47.811;145;;;Indústria de plásticos;Fiança pessoal, conjunta e solidária prestada pelas partes POLIREX COMÉRCIO e POLIREX INDÚSTRIA, com renúncia ao benefício de ordem (art. 827) e ao direito de exoneração (art. 835) do Código Civil;https://www.gov.br/pgfn/pt-br/assuntos/divida-ativa-da-uniao/transparencia-fiscal-1/painel-dos-parcelamentos/termos-de-transacao/3a-regiao/termo-de-transacao-individual-plaster.pdf;False
678811c083df;TR Transporte de Passageiros Ltda. - Em recuperação judicial;Region 5;2024-09-27;2627773.36;Transação Individual;43.32;60;;True;Transporte de passageiros;Ativo 2018 08.714.435/0001-00 1165996151 9BM384078KB101765 QSD6B65 M.BENZ/MPOLO TORINO U 2019 CIRCULACAO Sem Restrição, Ativo 2018 08.714.435/0001-00 1162211439 9BM384078KB101629 QSD6B55 M.BENZ/MPOLO TORINO U 2019 CIRCULACAO Sem Restrição, Ativo 2018 08.714.435/0001-00 1162432788 9BM384078KB102135 QSD5H05 M.BENZ/MPOLO TORINO U 2019 CIRCULACAO Sem Restrição;https://www.gov.br/pgfn/pt-br/assuntos/divida-ativa-da-uniao/transparencia-fiscal-1/painel-dos-parcelamentos/termos-de-transacao/5a-regiao/copy_of_TermodeTransaoIndividualTRTransportedePassageirosLTDATarjado.pdf;False
679facdbf8fb;USINA SANTA ROSA LTDA - EM RECUPERAÇÃO JUDICIAL;Region 3;2021-11-04;107165362.46;Transação Individual;70.0;2;;True;Agronegócio (usina de açúcar/etanol);Cessão dos direitos sobre os precatórios nº 0203672-88.2018.4.01.9198 e nº 0177824-36.2017.4.01.9198, expedidos na ação de indenização nº 0002262-89.1990.4.01.3400;https://www.gov.br/pgfn/pt-br/assuntos/divida-ativa-da-uniao/transparencia-fiscal-1/painel-dos-parcelamentos/termos-de-transacao/3a-regiao/termo-de-transacao-individual-usina-santa-rosa-ltda-em-recuperacao-judicial.pdf;False
67ebaa992330;Águas de Itu Gestão Empresarial S.A. e outras (grupo econômico Contern/Bertin) - Águas de Itu Gestão Empresarial S.A., Comapi Agropecuária S.A., Compacto Participações S.A., Contern Construções e Comércio Ltda, Heber Participações S.A., Cibe Investimentos e Participações S.A., Cibe Participações e Empreendimentos S.A., Doreta Empreendimentos e Participações S.A., Infra Bertin Empreendimentos S.A. (todas em recuperação judicial) - Interveniente Garantidora: Renea Infraestrutura S.A.;Region 3;2023-12-15;;Transação individual (recuperação judicial);70.0;120;;True;Not identified;"Bens imóveis matriculados sob os nºs 6.197 e outros (dados tarjados), de propriedade da Requerente Comapi Agropecuária S.A., Oferecimento dos bens à penhora em execuções fiscais (0011101-97.2017.4.03.6182 - 10ª VE/SP; 5000369-93.2022.4.03.6182 - 6ª VEF/SP; 5015829-86.2023.4.03.6182 - 12ª VEF/SP; 5022367-25.2019.4.03.6182 - 9ª VEF/SP; 5019580-57.2018.4.03.6182 - 1ª VEFSP; 0000292-91.2017.4.03.6006 - 1ª VF de Naviraí/MS), Renea Infraestrutura S.A. como garantidora do valor de cada parcela mensal e responsável solidária do saldo devedor em caso de rescisão";https://www.gov.br/pgfn/pt-br/assuntos/divida-ativa-da-uniao/transparencia-fiscal-1/painel-dos-parcelamentos/termos-de-transacao/3a-regiao/TermodetransaoindividualguasdeITUGestoempresarialS.A..pdf;False
67f3ff307668;HDA INDUSTRIA E COMERCIO DE COMPONENTES ELETRÔNICOS LTDA;Region 4;2022-05-31;;Transação Individual;;84;;;Not identified;Marca HDA ILUMINAÇÃO LED, registrada no INPI sob o n. 908670958, oferecida à penhora nos autos da Execução Fiscal n. 50011760220204047138;https://www.gov.br/pgfn/pt-br/assuntos/divida-ativa-da-uniao/transparencia-fiscal-1/painel-dos-parcelamentos/termos-de-transacao/4a-regiao/TermodeTransacaoIndividualHDAIndustriaeComerciodeComponentesEletronicos.pdf;False
67f56402880f;ISOLETRI INDÚSTRIA DE MATERIAIS ISOLANTES LTDA.;Region 3;2025-01-22;16594196.28;Transação Individual (modalidade DEMAIS);46.7;60;;False;Industrial (materiais isolantes);Fiança dos sócios ANTONIO CARLOS JACOMINI e PEDRO TOREZIM;https://www.gov.br/pgfn/pt-br/assuntos/divida-ativa-da-uniao/transparencia-fiscal-1/painel-dos-parcelamentos/termos-de-transacao/3a-regiao/TermodeTransaoIndividualIsoletriIndstriadeMateriaisIsolantesLTDATarjado.pdf;False
6842815008ec;RC VIEIRA ENGENHARIA LTDA - EM RECUPERAÇÃO JUDICIAL;Region 2;2024-07-11;93537921.22;Transação Individual;70.0;120;;True;Construção civil/Engenharia;Penhora de recebíveis da DEVEDORA, referentes aos contratos de obras vigentes, no percentual de 10%, Imóveis indicados no ANEXO V (Matrícula 35696 RGI de Itaboraí e Matrícula 41.265 RGI de Itaboraí), Garantia fidejussória dos sócios-administradores;https://www.gov.br/pgfn/pt-br/assuntos/divida-ativa-da-uniao/transparencia-fiscal-1/painel-dos-parcelamentos/termos-de-transacao/2a-regiao/TermodeTransaoIndividualRCVieiraEngenhariaLTDATarjado.pdf;False
68ebc66bc6ad;TRANSPORTADORA CORTES LTDA – EM RECUPERAÇÃO JUDICIAL;Region 3;Not identified;162389053.38;Transação Individual (modalidades DEMAIS e PREV);60.82;120;;True;Transporte/logística;"Imóveis matriculados sob os nº 65.609; 67.485; 21.847; e 67.486 do RGI do Guarujá, Manutenção das garantias dos débitos eventualmente existentes até a quitação integral do saldo devedor";https://www.gov.br/pgfn/pt-br/assuntos/divida-ativa-da-uniao/transparencia-fiscal-1/painel-dos-parcelamentos/termos-de-transacao/3a-regiao/TermodeTransaoIndividualTransportadoraCortesLTDATarjado.pdf;False
695c02fe8eb6;SINA INDÚSTRIA DE ALIMENTOS LTDA. e outras (grupo econômico SINA/FAS/FAMA e sócios pessoas físicas);Region 3;2025-04-23;;Transação individual (recuperação judicial);65.0;120;;True;Alimentos;20% do preço de venda da alienação da UPI Pirapozinho, avaliada em R$ 94.769.000,00 (valor de mercado), Direitos creditórios reconhecidos no Processo nº 5016753-57.2020.4.03.6100 (exclusão do ICMS da base de cálculo do PIS/COFINS), avaliados em R$ 13.156.269,17, Participação de Maria de Fátima Butara Ferreira Abdul Massih, Simon Nemer Ferreira Abdul Massih e Andrea Ferreira Abdul Massih em 28 imóveis listados, avaliados conjuntamente em R$ 20.972.054,74, Manutenção automática dos gravames decorrentes de arrolamento de bens, medida cautelar fiscal e garantias prestadas administrativamente ou em ações judiciais;https://www.gov.br/pgfn/pt-br/assuntos/divida-ativa-da-uniao/transparencia-fiscal-1/painel-dos-parcelamentos/termos-de-transacao/3a-regiao/TermodeTransaoIndividualSinaIndstriadeAlimentosLTDAFazEmpreendimentoseIncorporaoLTDASinaIndustriaDeleosVegetaisLTDAFamaIndstriaeComrciodeAlimentosLTDAAndreaFerreiraAbdulAssihM.pdf;False
69661c648cc8;RODOVIÁRIO MIO LTDA;Region 4;2024-07-16;;Transação Individual;;;3.0;;Transporte rodoviário;Veículos penhorados nas execuções fiscais em face do DEVEDOR;https://www.gov.br/pgfn/pt-br/assuntos/divida-ativa-da-uniao/transparencia-fiscal-1/painel-dos-parcelamentos/termos-de-transacao/4a-regiao/TermodeTransaoIndividualRodovirioMioLTDATarjado.pdf;False
698354559397;SERTTEL SOLUÇÕES EM MOBILIDADE E SEGURANÇA URBANA LTDA;Region 5;2022-01-14;;Transação Individual;;84;;;Mobilidade e segurança urbana;;https://www.gov.br/pgfn/pt-br/assuntos/divida-ativa-da-uniao/transparencia-fiscal-1/painel-dos-parcelamentos/termos-de-transacao/5a-regiao/TermodeTransaoIndividualSerttelSoluesemMobilidadeeSeguranaUrbanaLTDA.pdf;False
6993cf08a392;IGREJA MUNDIAL DO PODER DE DEUS;Region 3;2022-06-08;182205509.88;Transação individual;50.0;84;;;Religioso/entretenimento (templos e organizações associativas religiosas);Imóvel Matrícula n.º 50.426 do 3º RGI de São Paulo, avaliação histórica de R$148.900.000,00, a ser formalizado como hipoteca;https://www.gov.br/pgfn/pt-br/assuntos/divida-ativa-da-uniao/transparencia-fiscal-1/painel-dos-parcelamentos/termos-de-transacao/3a-regiao/TermodeTransaoIndividualIgrejaMundialdoPoderdeDeus.pdf;False
69cb01a6e631;G.M.E. - GARÇA MOTORES ELÉTRICOS LTDA - EM RECUPERAÇÃO JUDICIAL;Region 3;2021-08-25;;Transação Individual;70.0;120;;True;Indústria (motores elétricos);Penhoras judiciais já existentes nas execuções fiscais, Possibilidade de substituição por depósito, fiança bancária ou seguro-garantia;https://www.gov.br/pgfn/pt-br/assuntos/divida-ativa-da-uniao/transparencia-fiscal-1/painel-dos-parcelamentos/termos-de-transacao/3a-regiao/termo-de-transacao-individual-gme.pdf;False
69d491cff746;ECOVIX CONSTRUÇÕES OCEÂNICAS S.A. e outras (Grupo Econômico ECOVIX/ENGEVIX/RG ESTALEIROS/NOVAPAR);Region 4;2024-10-25;756500867.0;Transação Individual;;;;True;Naval/Construção de embarcações (estaleiros);Bens imóveis pertencentes a empresas do Grupo (avaliação global estimada em aproximadamente R$ 145.000.000,00), indicados à penhora junto ao executivo fiscal nº 50018494020244047110 (1ª VF de Pelotas/RS);https://www.gov.br/pgfn/pt-br/assuntos/divida-ativa-da-uniao/transparencia-fiscal-1/painel-dos-parcelamentos/termos-de-transacao/4a-regiao/TermodeTransaoIndividualEcovixConstruesOcenicasSATarjado.pdf;False
69e2d0cb096c;"Grupo econômico GRANCURSOS (JW GRANJEIRO CONSULTORIA E TREINAMENTO LTDA ME; VERITAD CORPORATION CURSOS E TREINAMENTO EIRELI ME; BRASÍLIA CORPORATION CONSULTORIA E ASSESSORIA LTDA; CEILÂNDIA CURSOS E CONCURSOS EIRELI EPP; GRAN COMUNICACAO LTDA EPP; GRAN CURSOS E CONCURSOS LTDA; HUDSON TREINAMENTOS LTDA (antiga PLEIADE TREINAMENTOS CURSOS E CONCURSOS LTDA); TAGUATINGA CURSOS E CONCURSOS LTDA; JW EDITORA LTDA; LUZ DA LUA TREINAMENTOS LTDA – EPP (antiga SAO PAULO TREINAMENTOS CURSOS E CONCURSOS LTDA EPP); GRAN SERVICOS TECNOLOGIA DA INFORMACAO EIRELI ME; GG EDUCACIONAL LTDA; MG CONSULTORES ASSOCIADOS EIRELI; JOSÉ WILSON GRANJEIRO OLIVEIRA; IVONETE ARAUJO CARVALHO LIMA GRANJEIRO; GABRIEL VINÍCIUS CARVALHO GRANJEIRO; MATHEUS CARVALHO GRANJEIRO; RODRIGO TELES CALADO)";Region 1;2020-11-04;;Transação Individual;;84;10.0;;Educação (cursos preparatórios e treinamentos);;https://www.gov.br/pgfn/pt-br/assuntos/divida-ativa-da-uniao/transparencia-fiscal-1/painel-dos-parcelamentos/termos-de-transacao/1a-regiao/termo-de-transacao-individual-gran-concursos;False
69ff5112e9c2;INFANTIL SANTOS COOPERATIVA MEDICO HOSPITALAR;Region 3;2023-10-18;10248626.37;Transação Individual;70.0;145;;;Saúde/Hospitalar;;https://www.gov.br/pgfn/pt-br/assuntos/divida-ativa-da-uniao/transparencia-fiscal-1/painel-dos-parcelamentos/termos-de-transacao/3a-regiao/TermodeTransaoIndividualInfantilSantosCooperativaMedicoHospitalar.pdf;False
6a1fb5e5a912;"VB TRANSPORTES E TURISMO LTDA. e outras (grupo econômico ""Belarmino"" - Auto Viação Brasil Luxo Ltda., Viação Campos do Ouros Ltda., Viação Transguarulhense Ltda., Construtora Boanova Ltda., Embralixo Empresa Bragantina de Varrição Coleta de Lixo Ltda., Nossa Senhora de Fátima Auto Ônibus Ltda., Rápido Luxo Campinas Ltda., Rápido Sumaré Ltda., Sambaíba Transportes Urbanos Ltda., Empresa São José Ltda., Urca Urbano de Campinas Ltda., Vallesul Transportes e Turismo Ltda., VB Transportes de Cargas Ltda., Via Norte Transportes Urbanos Ltda., Viação Atual Ltda., Viação Avante Ltda., Viação Boa Vista Ltda., Viação Lira Ltda., Auto Viação Ouro Verde Ltda., Viação São Paulo Ltda., Vila Real Transportes e Serviços Ltda., West Side Viagens e Turismo Ltda., Empresa Auto Ônibus São Jorge Ltda., Transportes Capellini Ltda., Tuca Transportes Urbanos Campinas Ltda., Viação Itu Ltda., além de débitos redirecionados de Viação Campos Elíseos S.A.)";Region 3;2025-01-20;;Transação individual (PGFN) com fundamento no art. 171 do CTN, na Lei nº 13.988/2020 e na Portaria PGFN nº 6.757/2022;50.577;30;;;Transporte coletivo de passageiros (ônibus urbano/rodoviário) e correlatos (construção civil, coleta de lixo, turismo, transporte de cargas);Contrato nº 021/19 (SEI nº 6020.2019/0002396-8) celebrado pela Prefeitura do Município de São Paulo, por intermédio da Secretaria Municipal de Mobilidade e Transportes, com a empresa Sambaíba Transportes Urbanos Ltda., no valor de R$ 3.135.223.280,00, ofertado à penhora nos autos das execuções fiscais nº 805936.2016.403.6130, nº 780478.2016.403.6130, nº 50077897720234036130 e nº 719383.2016.403.6144, Manutenção automática dos gravames decorrentes de arrolamento de bens, de medida cautelar fiscal e das garantias prestadas administrativamente ou nas ações de execução fiscal ou em qualquer outra ação judicial;https://www.gov.br/pgfn/pt-br/assuntos/divida-ativa-da-uniao/transparencia-fiscal-1/painel-dos-parcelamentos/termos-de-transacao/3a-regiao/TermodeTransaoIndividualVBTransporteseTurismoLTDAAutoViaoBrasilLuxoLTDATransportesCapelliniLTDAViaoCamposdoOurosLTDAViaoTransguarulhenseLTDAConstrutoraBoaNovaLTDAcompac.pdf;False
6a354b8768eb;Usina Santa Clotilde (Usina Santa Clotilde S/A);Region 5;2022-08-17;1732137.24;Transação Individual (Primeiro Termo Aditivo) - débitos de Contribuição Social da Lei Complementar nº 110/2001;46.78;20;;True;Agronegócio (sucroalcooleiro);;https://www.gov.br/pgfn/pt-br/assuntos/divida-ativa-da-uniao/transparencia-fiscal-1/painel-dos-parcelamentos/termos-de-transacao/5a-regiao/PrimeiroTermoAditivodeTransaoIndividualUsinaSantaClotildeTarjado.pdf;False
6a951379b73d;AGROPLANTA FERTILIZANTES E INOVACOES S.A. EM RECUPERACAO JUDICIAL;Region 3;2023-04-14;16975052.44;Transação individual;70.0;60;;True;Agronegócio;Manutenção das garantias dos débitos eventualmente existentes até a quitação integral do saldo devedor do Acordo de Transação;https://www.gov.br/pgfn/pt-br/assuntos/divida-ativa-da-uniao/transparencia-fiscal-1/painel-dos-parcelamentos/termos-de-transacao/3a-regiao/TermodeTransaoIndividualAgroplantaFertilizanteseInovaesS.A..pdf;False
6ab938bde141;LICEU FRANCO BRASILEIRO S/A e CENTRO EDUCACIONAL DA LAGOA (grupo econômico);Region 2;2024-07-10;129304055.8;Transação individual;70.0;145;;;Educação;Bens imóveis (matrículas 354.779, 240.357 e 401.019 - Rua das Laranjeiras, Rio de Janeiro/RJ), 5% do faturamento bruto mensal dos DEVEDORES e FIADORES, Fiança dos FIADORES (pessoa física e jurídica);https://www.gov.br/pgfn/pt-br/assuntos/divida-ativa-da-uniao/transparencia-fiscal-1/painel-dos-parcelamentos/termos-de-transacao/2a-regiao/TermodeTransaoIndividualLiceuFrancoBrasileiroSAPGFNtarjado.pdf;False
6b07e3a9e7a2;COMPANHIA NACIONAL DE BEBIDAS NOBRES EM RECUPERAÇÃO JUDICIAL;Region 3;2023-10-23;;Transação individual;;120;;True;Bebidas;Créditos de precatórios relacionados no Anexo III, Bens imóveis de matrículas nºs (tarjadas), registrados no CRI de São Manuel, SP, Bens imóveis de matrículas nºs (tarjadas) (CRI/Queimadas/BA), Marca 'Belco';https://www.gov.br/pgfn/pt-br/assuntos/divida-ativa-da-uniao/transparencia-fiscal-1/painel-dos-parcelamentos/termos-de-transacao/3a-regiao/TermodeTransaoIndividualCompanhiaNacionaldeBebidasNobresemrecuperaojudicialtarjado.pdf;False
6b5765d33d64;KENERSON INDÚSTRIA E COMÉRCIO DE PRODUTOS OPTICOS LTDA;Region 3;2021-03-08;17649912.96;Transação individual;;60;0.334;;Indústria e comércio de produtos óticos;;https://www.gov.br/pgfn/pt-br/assuntos/divida-ativa-da-uniao/transparencia-fiscal-1/painel-dos-parcelamentos/termos-de-transacao/3a-regiao/TermodeTransacaoIndividualKenersonIndustriaeComerciodeProdutosOpticos.pdf;False
6be8b02f87f2;Cláudio Pinheiro Cavalcanti Ltda., em Recuperação Judicial;Region 5;2025-04-08;;Transação Individual - Plano de Regularização Fiscal (Portaria PGFN nº 6.757/2022, com termos da Portaria PGFN nº 2.382/2020 para devedores em recuperação judicial);65.0;60;;True;Not identified;;https://www.gov.br/pgfn/pt-br/assuntos/divida-ativa-da-uniao/transparencia-fiscal-1/painel-dos-parcelamentos/termos-de-transacao/5a-regiao/TermodeTransaoIndividualCludioPinheiroCavalcantiLTDATarjadoII.pdf;False
6c30cf131d17;TNS TRANSPORTES & LOGISTICA LTDA;Region 5;2023-10-23;;Transação Individual (3º Termo Aditivo);65.0;112;;;Transporte e logística;;https://www.gov.br/pgfn/pt-br/assuntos/divida-ativa-da-uniao/transparencia-fiscal-1/painel-dos-parcelamentos/termos-de-transacao/5a-regiao/TermodeTransaoIndividualTNSTransportesLogisticaLTDA.pdf;False
6c8fe645bce3;CHEBLI MITRE ABOU NABHAN FILHO LTDA (PURAMANIA CONFECÇÕES LTDA) - CNPJ: 01.937.920/0001-01 e P.L. INDÚSTRIA DE CONFECÇÕES LTDA (EIRELI) - CNPJ: 07.853.960/0001-43;Region 4;2023-09-20;;Transação Individual;;120;;;Confecções/Vestuário;Imóveis descritos no Anexo IV, avaliados em R$ 8.999.790,00, Marca PURAMANIA, avaliada em R$ 15.063.575,02;https://www.gov.br/pgfn/pt-br/assuntos/divida-ativa-da-uniao/transparencia-fiscal-1/painel-dos-parcelamentos/termos-de-transacao/4a-regiao/TermodeTransacaoIndividualPuramaniaConfeccoesLTDA.pdf;False
6c9006c583db;CONPASUL CONSTRUÇÃO E SERVIÇOS LTDA (grupo econômico: CONPASUL, TBS SUL – SISTEMAS CONSTRUTIVOS E ARQUITETÔNICOS LTDA, BNPS SERVIÇOS DE ASSESSORIA EMPRESARIAL LTDA);Region 4;2024-03-19;;Transação Individual;;108;4.0;True;Construção civil;Imóveis matriculados sob ns. 2.300, 2.384, 3.826, 6673 perante o CRI de Arroio do Meio, Imóveis matriculados sob n.s 34.841, 65.646, 65.647, 71.635, 2334, 17.446, 31.784 perante o CRI de Santa Maria/RS;https://www.gov.br/pgfn/pt-br/assuntos/divida-ativa-da-uniao/transparencia-fiscal-1/painel-dos-parcelamentos/termos-de-transacao/4a-regiao/TermodeTransaoIndividualConpasulConstruoeServiosLTDATarjado.pdf;False
6ca53e733731;BCEM COMÉRCIO DE PRODUTOS ALIMENTÍCIOS LTDA.;Region 3;2024-04-02;40583228.89;Transação Individual;42.01;36;;;Comércio de produtos alimentícios;;https://www.gov.br/pgfn/pt-br/assuntos/divida-ativa-da-uniao/transparencia-fiscal-1/painel-dos-parcelamentos/termos-de-transacao/3a-regiao/TermodeTransaoIndividualBCEMComrciodeProdutosAlimentciosLTDATarjado.pdf;False
6cd044ed5764;VIACAO GRACIOSA LTDA;Region 4;Not identified;20035067.21;"0077 - TRANSACAO INDIVIDUAL (DEPENDE DE PREVIA APROVACAO DO PDA DA REGIAO) - Modalidades 0077 (Demais débitos PJ, até 120 meses, redução de até 65%) e 0078 (Débitos previdenciários PJ, até 60 meses, redução de até 65%); também simulação de parcelamento FGTS Lei 13.988/2020";46.17;120;;;Transporte;;https://www.gov.br/pgfn/pt-br/assuntos/divida-ativa-da-uniao/transparencia-fiscal-1/painel-dos-parcelamentos/termos-de-transacao/4a-regiao/AnexoIVViaoGraciosaLTDAViaoMarumbiLTDAGraciosaTransporteeTurismoLTDAEmpresaCuritibaCerroAzulLTDAEluizaHelenaSchaedlerLidiaBeatrizSchaedlerAlvesPereira.pdf;False
6d2eb4589577;EMPRESA DE ÔNIBUS VILA GALVAO LIMITADA e outros (GRUPO NIFF) - EMPRESA DE ÔNIBUS VILA GALVAO LIMITADA, VIAÇÃO URBANA GUARULHOS S.A., ABC TRANSPORTES COLETIVOS VALE DO PARAÍBA LTDA., EXPRESSO CAMPIBUS LTDA., NIFF EMPREENDIMENTOS E PARTICIPAÇÕES LTDA.;Region 3;2024-08-21;;Transação Individual (modalidades DEMAIS e PREV);65.0;12;;;Transporte coletivo/rodoviário (ônibus);;https://www.gov.br/pgfn/pt-br/assuntos/divida-ativa-da-uniao/transparencia-fiscal-1/painel-dos-parcelamentos/termos-de-transacao/3a-regiao/TermodeTransaoIndividualEmpresadenibusVilaGalvoLimitadatarjado.pdf;False
6d89d1519114;LIMPEL LIMPEZA URBANA LTDA;Region 5;2022-07-26;;Transação Individual;70.0;145;;;Serviços de limpeza urbana;;https://www.gov.br/pgfn/pt-br/assuntos/divida-ativa-da-uniao/transparencia-fiscal-1/painel-dos-parcelamentos/termos-de-transacao/5a-regiao/TermodeTransaoIndividualLimpelLimpezaUrbanaLTDA.pdf;False
6dbce6b6bd0f;ZANARDO INSTRUMENTAÇÃO INDUSTRIAL LTDA;Region 3;2023-09-29;;Transação individual;;60;;;Industrial (instrumentação);Bem imóvel matriculado sob o nº 53.299, no CRI de Araçatuba-SP, de propriedade da Requerente, localizado no município de Botucatu, com área de terreno de 6.936,40 m² e 4.287,08 m² de área construída, avaliado em R$ 5.223.848,67;https://www.gov.br/pgfn/pt-br/assuntos/divida-ativa-da-uniao/transparencia-fiscal-1/painel-dos-parcelamentos/termos-de-transacao/3a-regiao/TermodeTransaoIndividualZanardoInstrumentaoIndustrialLTDATarjado.pdf;False
6e4623d3103e;FAE – Sistemas de Medição S/A em Recuperação Judicial;Region 5;2023-11-14;;Transação Individual;;84;6.0;True;Not identified;Manutenção de gravames decorrentes de arrolamento de bens, Medida cautelar fiscal, Garantias prestadas administrativamente, Penhoras existentes nos executivos fiscais em trâmite;https://www.gov.br/pgfn/pt-br/assuntos/divida-ativa-da-uniao/transparencia-fiscal-1/painel-dos-parcelamentos/termos-de-transacao/5a-regiao/TermodeTransaoIndividualFAESistemasdeMediaoSA.pdf;False
6e48a501b6fe;GRUPO BOM VIVER (SERVIÇOS MÉDICO CIRÚRGICOS DA BAHIA S A, NÚCLEO DE SAÚDE E ASSISTÊNCIA HOSPITALAR LTDA, PARTS PARTICIPAÇÃO E EMPREENDIMENTOS LTDA);Region 1;2024-10-31;188299744.42;Transação Individual;65.0;60;;;Saúde/Hospitalar;Imóvel - Matrícula nº 179.717 (instalações da Clínica Bom Viver), avaliado em R$60.027.534,00, oferecido à penhora na execução fiscal nº 00026527220074013300;https://www.gov.br/pgfn/pt-br/assuntos/divida-ativa-da-uniao/transparencia-fiscal-1/painel-dos-parcelamentos/termos-de-transacao/1a-regiao/TermodeTransaoIndividualServiosMdicoCirrgicosdaBahiatarjado1r.pdf;False
6e4aa6619cf8;FARMACIA LOPES & FREITAS LTDA EM RECUPERACAO JUDICIAL;Region 5;2022-02-21;;Transação Individual (Termo Aditivo de revisão);70.0;84;;True;Farmácia/Comércio varejista;;https://www.gov.br/pgfn/pt-br/assuntos/divida-ativa-da-uniao/transparencia-fiscal-1/painel-dos-parcelamentos/termos-de-transacao/5a-regiao/termo-aditivo-farmacia-lopes-e-freitas-em-recuperacao-judicial.pdf;False
6e55ee99ecfd;LATASA INDÚSTRIA E COMÉRCIO LTDA. e PONTAL EXTRUSÃO LTDA.;Region 3;2024-12-27;;Transação Individual;;120;;;Indústria (extrusão/metalurgia - embalagens de alumínio);Fiança bancária ou seguro garantia, no valor integral dos débitos que permanecerão na transação (80.6.24.203221-44, 80.6.24.203220-63, 80.2.24.132526-68, 80.7.24.054337-60, 80.3.24.004921-23), a ser apresentada em até 30 dias contados da assinatura do acordo, Manutenção automática dos gravames decorrentes de arrolamento de bens, de medida cautelar fiscal e das garantias prestadas administrativamente ou nas ações de execução fiscal;https://www.gov.br/pgfn/pt-br/assuntos/divida-ativa-da-uniao/transparencia-fiscal-1/painel-dos-parcelamentos/termos-de-transacao/3a-regiao/TermodeTransaoIndivualLatasaIndstriaeComrcioLTDATarjado.pdf;False
6ec4df57030e;Grupo Econômico Só Ofertas (Varejo Total Comércio de Gêneros Alimentícios Ltda e outras 12 pessoas jurídicas);Region 2;2023-06-16;;Transação Individual;;120;;;Comércio varejista de gêneros alimentícios (supermercados);Imóveis de matrícula e laudos listados no ANEXO II (empreendimento 'Ilha do Lazer' - matrículas 46.912, 46.911 e 1.400 do 2º Ofício do RGI de Araruama), Alienação de veículos automotores penhorados nos autos das Execuções Fiscais;https://www.gov.br/pgfn/pt-br/assuntos/divida-ativa-da-uniao/transparencia-fiscal-1/painel-dos-parcelamentos/termos-de-transacao/2a-regiao/TermodeTransaoIndividualVarejoTotalComrciodeGnerosAlimentciosLTDA....pdf;False
6f1fa40c296d;AJ VIAGENS E TURISMO LTDA.;Region 3;2021-08-17;30423048.22;Transação Individual;;1;;;Turismo/Viagens;;https://www.gov.br/pgfn/pt-br/assuntos/divida-ativa-da-uniao/transparencia-fiscal-1/painel-dos-parcelamentos/termos-de-transacao/3a-regiao/TermodeTransaoIndividualAJViagenseTurismoLTDAtarjado.pdf;False
6f30dbc27bcf;F. SOUTO INDUSTRIA E COMERCIO DE SAL S.A.;Region 5;2022-10-28;;Transação Individual;65.0;120;;;Indústria e comércio de sal;;https://www.gov.br/pgfn/pt-br/assuntos/divida-ativa-da-uniao/transparencia-fiscal-1/painel-dos-parcelamentos/termos-de-transacao/5a-regiao/TermodeTransaoIndividualF.SoutoIndstriaeComerciodeSalS.A..pdf;False
6f55b429f26e;CONSTRUTORA ENGEMOLD LTDA - CNPJ: 94.538.220/0001-17;Region 4;2024-05-03;;Transação Individual;;;;;Construção civil;Manutenção de gravames existentes decorrentes de arrolamento de bens, medida cautelar fiscal, penhora ou garantias prestadas administrativamente ou em execução fiscal ou outra ação judicial;https://www.gov.br/pgfn/pt-br/assuntos/divida-ativa-da-uniao/transparencia-fiscal-1/painel-dos-parcelamentos/termos-de-transacao/4a-regiao/TermodeTransaoIndividualConstrutoraEngemold.pdf;False
6fc16c7e1a29;DESTILARIA SANTA FANY LTDA e outras (AGROINDUSTRIAL LARANJA DOCE LTDA, ENERGYCAN PARTICIPACOES LTDA, LOCBAM PARTICIPACOES LTDA, AGRICOLA RUBI LTDA);Region 3;2024-11-29;;Transação Individual (modalidades DEMAIS e PREV);;36;;;Agroindústria/Sucroalcooleiro (destilaria, agroindustrial);Manutenção automática dos gravames decorrentes de arrolamento de bens, de medida cautelar fiscal e das garantias prestadas administrativamente ou nas ações de execução fiscal ou em qualquer outra ação judicial (cláusula 3.1), Mantém-se as garantias dos débitos eventualmente existentes até a quitação integral do saldo devedor do Acordo de Transação (cláusula 2.1.7);https://www.gov.br/pgfn/pt-br/assuntos/divida-ativa-da-uniao/transparencia-fiscal-1/painel-dos-parcelamentos/termos-de-transacao/3a-regiao/TermodeTransaoIndivualDestilariaSantaFanyLTDATarjado.pdf;False
6fd61aca0491;INSTITUTO DE PREVIDÊNCIA DOS SERVIDORES MUNICIPAIS DE ARAPOTI;Region 4;2023-04-04;474644.63;Transação Individual - Plano de Pagamento Parcelado do Débito Fiscal (0603 - Demais Débitos - 60 meses - Redução de até 65% - Prest. Lineares - Aut.);55.82;60;;;Previdência (RPPS - Regime Próprio de Previdência Social municipal);;https://www.gov.br/pgfn/pt-br/assuntos/divida-ativa-da-uniao/transparencia-fiscal-1/painel-dos-parcelamentos/termos-de-transacao/4a-regiao/TermodeTransaoIndividualInstitutodePrevidnciadosServidoresMunicipaisdeArapotiTarjado.pdf;False
7024c68a02ef;IESA – Projetos, Equipamentos e Montagens S.A., IESA Óleo e Gás S.A., Inepar S.A. Indústria e Construções e Inepar Equipamentos e Montagens S.A. (grupo econômico) - em Recuperação Judicial;Region 3;2021-12-16;;Transação Individual;70.0;120;;True;Not identified;Planta industrial em Araraquara-SP, composta pelas matrículas 143.010, 143.015, 143.016, 143.018, 143.019, 143.020, 143.021, 143.023, 143.024, 143.025, 143.026, 143.027, 143.028, 143.029, 143.030, 143.031, 143.032, 143.033, 143.034, 143.035, 143.036, 143.037, 143.038, 143.039, 143.045, 143.046, 143.047, 143.048, 143.049, 143.050, 143.051, 143.052, 143.053, 143.054, 143.055, 143.064, 143.065, 143.066, 143.067, 143.068, 143.069, 143.073, 143.074, 143.075 e 143.076, desmembradas da matrícula 3.722, registradas no 1º Oficial de Registro de Imóveis de Araraquara;https://www.gov.br/pgfn/pt-br/assuntos/divida-ativa-da-uniao/transparencia-fiscal-1/painel-dos-parcelamentos/termos-de-transacao/3a-regiao/termo-de-transacao-individual-iesa.pdf;False
7026b314de40;INDUSTRIAL ARBHORES COMPENSADOS - EIRELI - EPP;Region 4;Not identified;51910582.12;Transação individual;43.85;36;0.0;False;Industrial (madeira/compensados);Imóveis, Móveis (veículos);https://www.gov.br/pgfn/pt-br/assuntos/divida-ativa-da-uniao/transparencia-fiscal-1/painel-dos-parcelamentos/termos-de-transacao/4a-regiao/copy_of_SumrioIndustrialARBHORES.pdf;False
70b4a32dbd46;IRKA ADMINISTRAÇÃO DE IMÓVEIS LTDA;Region 3;2024-03-06;;Transação individual;;1;;;Administração de imóveis;;https://www.gov.br/pgfn/pt-br/assuntos/divida-ativa-da-uniao/transparencia-fiscal-1/painel-dos-parcelamentos/termos-de-transacao/3a-regiao/TermodeTransaoIndividualIRKAAdministraodeImovistarjada.pdf;False
7145e7fa5dc9;LUNDGREN IRMAOS TECIDOS S/A CASAS PERNAMBUCANAS (e demais empresas do grupo/massa falida);Region 2;2023-06-27;55673360.88;Transação individual (Termo Aditivo I);;;;;Varejo/Têxtil;;https://www.gov.br/pgfn/pt-br/assuntos/divida-ativa-da-uniao/transparencia-fiscal-1/painel-dos-parcelamentos/termos-de-transacao/2a-regiao/TermodeTransacaoIndividualLundgrenIrmosTecidosSACasasPernambucanastarjado.pdf;False
71614fc74faf;COVOLAN INDÚSTRIA TÊXTIL LTDA;Region 3;2024-10-31;117057015.11;Transação Individual;48.6;84;;True;Têxtil;Manutenção automática dos gravames decorrentes de arrolamento de bens, medida cautelar fiscal e garantias prestadas administrativamente ou em ações de execução fiscal/judicial;https://www.gov.br/pgfn/pt-br/assuntos/divida-ativa-da-uniao/transparencia-fiscal-1/painel-dos-parcelamentos/termos-de-transacao/3a-regiao/TermodeTransaoIndividualCovalanIndstriaTxtilLTDATarjado.pdf;False
7173a526d903;MASSA FALIDA DE TELOS S.A. EQUIPAMENTOS E SISTEMAS;Region 4;Not identified;;Transação Individual Tributária - Pagamento à Vista do Débito Fiscal;;1;;;Not identified;;https://www.gov.br/pgfn/pt-br/assuntos/divida-ativa-da-uniao/transparencia-fiscal-1/painel-dos-parcelamentos/termos-de-transacao/4a-regiao/TermodeTransaoIndividualMassaFalidadeTelosS.A.EquipamentoseSistemas.pdf;False
721ac2e575fd;TRIX ENGENHARIA CIVIL LTDA em recuperação judicial;Region 4;2023-03-28;;Transação Individual;;;;True;Construção civil / Engenharia;Imóveis de propriedade da devedora (registros tarjados no documento);https://www.gov.br/pgfn/pt-br/assuntos/divida-ativa-da-uniao/transparencia-fiscal-1/painel-dos-parcelamentos/termos-de-transacao/4a-regiao/TermodeTransacaoIndividualTRIXEngenhariaCivilLTDA.pdf;False
7268b7cbfc6b;ARARIPE TEXTIL S/A ARTESA - EM RECUPERACAO JUDICIAL e INDUSTRIA DE MALHAS JABOATAO LTDA - EM RECUPERACAO JUDICIAL;Region 5;2022-12-05;;Transação Individual;65.0;120;;True;Têxtil;;https://www.gov.br/pgfn/pt-br/assuntos/divida-ativa-da-uniao/transparencia-fiscal-1/painel-dos-parcelamentos/termos-de-transacao/5a-regiao/TermodeTransaoIndividualAraripeTextilSAArtesIndstriadeMalhasJaboatoLTDA.pdf;False
731437ed684e;AZUL LINHAS AEREAS BRASILEIRAS S.A.;Region 3;Not identified;;Not identified;;;;;Aviação/Transporte aéreo;;https://www.gov.br/pgfn/pt-br/assuntos/divida-ativa-da-uniao/transparencia-fiscal-1/painel-dos-parcelamentos/termos-de-transacao/3a-regiao/ANEXOII.pdf;False
732fbaaab954;PLASCAR INDUSTRIA DE COMPONENTES PLASTICOS LTDA e PLASCAR PARTICIPAÇÕES INDUSTRIAIS S.A;Region 3;2023-07-07;;Transação Individual;;120;6.0;False;Indústria automobilística (componentes plásticos);Bens livres e desembaraçados (máquinas, instrumentos industriais, peças e bens móveis) - Anexo III, Bens que asseguram contratos de empréstimo e financiamento, Veículos automotores: FIAT Strada WK Plus, FIAT Strada HD WK, FIAT/FIORINO, Marcas e patentes registradas ou com registro em andamento no INPI (Siris, Siris Ecoflex, Siris Flex, Siris Eco, MOB, MOBCOR, EOS, Plascar, DGT, Plavitock, SIRIS, P Plastool, Plavigor, Ross Wheels, entre outras), Patentes: Roda de Material Polimérico, Aperfeiçoamento em rodízios, Aperfeiçoamento em veículo para transporte de mercadoria, Configuração aplicada em carrinho/rodízios/chassi, Título Executivo Judicial - Crédito Eletrobrás (garantia condicional);https://www.gov.br/pgfn/pt-br/assuntos/divida-ativa-da-uniao/transparencia-fiscal-1/painel-dos-parcelamentos/termos-de-transacao/3a-regiao/TermodeTransaoIndividualPlascarIndstriadeComponentesPlsticosLTDAtarjado.pdf;False
7372131dcfbd;WHEATON BRASIL VIDROS LTDA.;Region 3;2023-11-21;826376216.24;Transação Individual;31.83;60;;;Vidros/Indústria de embalagens;Veículos automotores diversos (65 itens listados na cláusula 3.1, incluindo carros, caminhonetes, caminhões e um helicóptero Bell Helicopter modelo 407), 99,99% de Participação Societária na empresa Viton-Equipamentos de Máquinas Ltda., CNPJ 12.979.176/0001-16, 100% de Participação Societária na empresa Technicol Indústria e Comércio de Tintas Ltda., CNPJ 47.525.434/0001-79, 99,99% de Participação Societária na empresa Wheaton Pintura e Beneficiamento de Vidros Ltda., CNPJ 29.251.838/0002-30, 99,99% de Participação Societária na empresa Decor Vidros Beneficiamento de Embalagens Ltda., CNPJ 41.568.655/0001-48, 99,99% de Participação Societária na empresa Nova Extar Comércio e Representações Ltda., CNPJ 17.517.645/0001-45, 100% de Participação Societária na empresa WBLOG Transportes Ltda., CNPJ 43.782.837/0001-42, Marcas - processos INPI nº 908110243, 907741517, 907741410, 907741584, 907741460, 908110570, 811039889, Patente BR 20 2014 003248-2 Y1 (dispositivo de mascaramento), Patente 10 2014 0084184 3 B1 (dispositivo de suporte planetário para pluralidade de frascos);https://www.gov.br/pgfn/pt-br/assuntos/divida-ativa-da-uniao/transparencia-fiscal-1/painel-dos-parcelamentos/termos-de-transacao/3a-regiao/TermodeTransaoIndividualWheatonBrasilVidrosLTDA.pdf;False
738a44fa63b5;CERPA CERVEJARIA PARAENSE S/A;Region 1;2024-03-06;2136362315.76;Transação individual;;120;;;Bebidas/Cervejaria;Imóveis de propriedade da Requerente detalhados no Anexo IV, avaliados em R$ 250.877.000,00, Marcas 'CERPA' e 'TIJUCA' avaliadas em R$ 60.184.000,00, Manutenção de gravames decorrentes de arrolamento de bens, medida cautelar fiscal e garantias já prestadas, em especial penhora do estabelecimento comercial/industrial;https://www.gov.br/pgfn/pt-br/assuntos/divida-ativa-da-uniao/transparencia-fiscal-1/painel-dos-parcelamentos/termos-de-transacao/1a-regiao/TermoTransacaoIndividualCerpaCervejariaParaenseSAtarjado.pdf;False
73cdfa56baa9;LBS LABORASA INDUSTRIA FARMACEUTICA LTDA;Region 3;2023-10-26;24731225.92;Transação Tributária Individual;65.0;96;;;Indústria farmacêutica;Imóvel de matrícula nº [tarjado] do Ofício de Registro de Imóveis da Comarca de Itaquaquecetuba/SP, de propriedade da Requerente (cláusula 3.1.1), Imóvel de matrícula nº [tarjado] do Ofício de Registro de Imóveis da Comarca de Itaquaquecetuba/SP, de propriedade de Antônio Sarac e Ana Maria Lobo Sarac (cláusula 3.1.2), Imóvel de matrícula nº [tarjado] do Ofício de Registro de Imóveis da Comarca de Itaquaquecetuba/SP, de propriedade da Requerente (cláusula 3.1.3), Imóvel de matrícula nº [tarjado] do 9º Cartório de Registro de Imóveis de São Paulo/SP, com alienação fiduciária à Caixa Econômica Federal, devedor fiduciante Thiago Lobo Sarac (cláusula 3.1.4), Imóvel de matrícula nº [tarjado] do 3º Cartório de Registro de Imóveis de São Paulo/SP, com alienação fiduciária ao Banco Daycoval S.A., devedores fiduciantes Antônio Sarac e Ana Maria Lobo Sarac (cláusula 3.1.5), Contrato Padrão de Fornecimento de Produto Acabado - RD Marcas, datado de 07/10/2021 (cláusula 3.1.6), Fianças pessoais dos sócios Antônio Sarac e Thiago Lobo Sarac (cláusula 3.1.7), Maquinário da Requerente, conforme Laudo Técnico de Equipamentos (cláusula 3.1.8);https://www.gov.br/pgfn/pt-br/assuntos/divida-ativa-da-uniao/transparencia-fiscal-1/painel-dos-parcelamentos/termos-de-transacao/3a-regiao/TermodeTransaoIndividualLBSLaborasaIndustriaFarmacuticaLTDA.pdf;False
73d132f97311;BONOR INDUSTRIA DE BOTÕES DO NORDESTE S/A - EM RECUPERAÇÃO JUDICIAL e BONOR INDUSTRIAL S/A - EM RECUPERAÇÃO JUDICIAL;Region 5;2024-04-24;48327746.11;Transação Individual (Plano de Regularização Fiscal) - Portaria PGFN nº 6.757/2022, com aplicação da Portaria PGFN nº 2.382/2020 para devedores em recuperação judicial;65.0;120;;True;Industrial (indústria de botões/têxtil);Bens já penhorados ou porventura descritos no termo como garantia (não liberados pela transação);https://www.gov.br/pgfn/pt-br/assuntos/divida-ativa-da-uniao/transparencia-fiscal-1/painel-dos-parcelamentos/termos-de-transacao/5a-regiao/TermodeTransaoIndividualBonorIndustriadeBotesdoNordesteSATarjado.pdf;False
73d423930e38;PERNAMBUCO QUÍMICA S/A;Region 5;2021-03-26;;Transação individual;;84;;;Químico/Agroindustrial;Garantias já existentes nas respectivas execuções fiscais, mantidas pelo devedor (Cláusula 14);https://www.gov.br/pgfn/pt-br/assuntos/divida-ativa-da-uniao/transparencia-fiscal-1/painel-dos-parcelamentos/termos-de-transacao/5a-regiao/termo-de-transacao-individual-pernambuco-quimica-s-a.pdf;False
745ad9592ae2;COMPANHIA AÇUCAREIRA DE PENÁPOLIS – EM RECUPERAÇÃO JUDICIAL;Region 3;2024-01-12;;Transação Individual;;2;77.0;True;Agronegócio (açúcar e álcool);;https://www.gov.br/pgfn/pt-br/assuntos/divida-ativa-da-uniao/transparencia-fiscal-1/painel-dos-parcelamentos/termos-de-transacao/3a-regiao/TermodeTransacaoIndividualCompanhiaAucareiradePenpolisemrecuperaojudicialtarjado.pdf;False
7477205a1bda;EG MATERIAL ELÉTRICO LTDA. – EM RECUPERAÇÃO JUDICIAL;Region 5;2023-11-24;;Transação Individual;;120;;True;Comércio de material elétrico;Manutenção automática dos gravames decorrentes de arrolamento de bens, de medida cautelar fiscal e das garantias prestadas administrativamente ou nas ações de execução fiscal ou em qualquer outra ação judicial;https://www.gov.br/pgfn/pt-br/assuntos/divida-ativa-da-uniao/transparencia-fiscal-1/painel-dos-parcelamentos/termos-de-transacao/5a-regiao/copy_of_TermodeTransaoIndividualEGMaterialEletricoLTDAemrecuperaojudicialtarjado.pdf;False
74a6ce263bd7;Nova Pack Fabricação de Plásticos Eirelli em rec. Judicial;Region 4;2022-05-04;;Transação Individual - Plano de Pagamento Parcelado do Débito Fiscal - Empresa em Recuperação Judicial;53.36;120;;True;Indústria de plásticos;Penhora sobre imóvel matrícula (tarjada) do Registro de Imóveis da Comarca de Bento Gonçalves-RS, terreno urbano na Rua Arlindo Franklin Barbosa nº 2074, Bento Gonçalves, área de 89.538,00m², com construções de aprox. 18.000m² (9.926,52m² averbados), Imóvel vinculado pela Interveniente Garante Mastter Imóveis e Locações Ltda: terreno na Praia de Fora, distrito da Enseada do Brito, município da Palhoça, Rua Arcanjo Cândido da Silva nº 800, área de 22.137,12m², com edificação de 2.990,50m²;https://www.gov.br/pgfn/pt-br/assuntos/divida-ativa-da-uniao/transparencia-fiscal-1/painel-dos-parcelamentos/termos-de-transacao/4a-regiao/TermodeTransacaoIndividualNovaPack.pdf;False
7529fefbf81d;GRUPO ITABOM (POLIFRIGOR S/A INDÚSTRIA E COMÉRCIO DE ALIMENTOS LTDA, ITABOM COMERCIAL E INDUSTRIAL LTDA, SOLCASA EMPREENDIMENTOS IMOBILIÁRIOS LTDA, LAJINHA AGROPECUÁRIA DE ITAPUÍ LTDA, ALLFRIGOR INDÚSTRIA E COMÉRCIO DE ALIMENTOS LTDA, REALY ADMINISTRADORA DE BENS LTDA);Region 3;2022-12-19;8712219.42;Negócio Jurídico Processual (NJP) - Plano de amortização de débitos de FGTS, nos termos da Portaria PGFN nº 742/2018;;120;5.0;True;Agronegócio/Indústria de Alimentos;Penhora sobre o faturamento mensal das empresas em atividade do Grupo Itabom, no percentual de 0,5% (meio por cento), Possibilidade de substituição por bens imóveis/móveis, seguro-garantia, carta de fiança bancária ou precatórios;https://www.gov.br/pgfn/pt-br/assuntos/divida-ativa-da-uniao/transparencia-fiscal-1/painel-dos-parcelamentos/termos-de-transacao/3a-regiao/TermodeTransaoIndividualPolifrigorSAIndstriaeComrciodeAlimentosLTDAItabomComercialeIndustrialLTDASolcasaEmpreendimentosImobiliriosLTDALajinhaAgropecuriadeItapuLTDAAllfrigorIndstria.pdf;False
75407efb3313;POLIBRAS MINAS PLÁSTICOS LTDA.;Region 3;2025-05-30;132288491.56;Termo Aditivo de Transação Individual (repactuação);65.0;54;;;Not identified;Imóvel objeto da matrícula nº 29.426 junto ao Registro de Imóveis da Comarca de Cambuí - MG, de propriedade da Requerente, avaliado em R$ 55.462.589,00;https://www.gov.br/pgfn/pt-br/assuntos/divida-ativa-da-uniao/transparencia-fiscal-1/painel-dos-parcelamentos/termos-de-transacao/3a-regiao/TermodeTransaoIndividualPolibrasMinasPlsticosLTDATarjado.pdf;False
75866da9949f;USINA BOM JESUS S/A EM RECUPERACAO JUDICIAL;Region 5;2022-02-02;;Transação Individual;70.0;120;;True;Agronegócio (usina sucroalcooleira);Bloqueio de recursos em IDPJ nº 0807395-94.2018.4.05.8312 e IDPJ nº 0807394-12.2018.4.05.8312, Alienação de ativos imobiliários relacionados no Anexo II (mínimo R$ 18.000.000,00), Corresponsabilidade patrimonial das empresas LOTUS ADMINISTRACAO GERENCIA E PARTICIPACOES LTDA, IMOBILIARIA GURJAU S/A, MEGAIPE EMPREENDIMENTOS AGRICOLAS S/A e BOM JESUS COMERCIAL S/A, Gravames sobre imóveis (Engenho Bom Nome e outros do Anexo II) até baixa condicionada a pagamento;https://www.gov.br/pgfn/pt-br/assuntos/divida-ativa-da-uniao/transparencia-fiscal-1/painel-dos-parcelamentos/termos-de-transacao/5a-regiao/TermodeTransaoIndividualUsinaBomJesus.pdf;False
75994e389139;CENTRO EDUCACIONAL DO NORDESTE LTDA;Region 5;2020-11-24;;Transação Individual;70.0;145;;;Educação;;https://www.gov.br/pgfn/pt-br/assuntos/divida-ativa-da-uniao/transparencia-fiscal-1/painel-dos-parcelamentos/termos-de-transacao/5a-regiao/termo-de-transacao-individual-centro-educacional-do-nordeste-ltda;False
75bb7c021593;ASSOCIAÇÃO DE ENSINO SUPERIOR DE NOVA IGUAÇU;Region 2;2022-11-02;770667383.2;Transação Individual;70.0;145;;;Educação;Bens imóveis relacionados no Anexo III (garantia real), Penhora nas execuções fiscais, Manutenção das garantias associadas aos débitos transacionados;https://www.gov.br/pgfn/pt-br/assuntos/divida-ativa-da-uniao/transparencia-fiscal-1/painel-dos-parcelamentos/termos-de-transacao/2a-regiao/TermodeTransacaoIndividualUNIGTermodeTransacaoIndividualFGTS.pdf;False
75c4a3fdb8f1;COMPANHIA DE URBANIZAÇÃO DE BLUMENAU;Region 4;2024-11-25;;Transação individual;;;;;Urbanização/Serviços públicos municipais;;https://www.gov.br/pgfn/pt-br/assuntos/divida-ativa-da-uniao/transparencia-fiscal-1/painel-dos-parcelamentos/termos-de-transacao/4a-regiao/TermodeTransaoIndividualCompanhiadeUrbanizaodeBlumenauTarjado.pdf;False
75c65e20f3d7;HOSPITAL SÃO LUCAS DE SANTOS LTDA;Region 3;2022-01-25;118795634.55;Transação individual;;84;;;Saúde/Hospitalar;Imóveis (matrículas tarjadas), Maquinário do ativo imobilizado do Hospital (equipamentos de raio-X, angiógrafos, tomógrafos, ultrassons e transdutores, módulos de conexão e acessórios);https://www.gov.br/pgfn/pt-br/assuntos/divida-ativa-da-uniao/transparencia-fiscal-1/painel-dos-parcelamentos/termos-de-transacao/3a-regiao/TermodeTransaoIndividualHospitalSoLucasdeSantos.pdf;False
75d8023018db;ICOMON TECNOLOGIA LTDA;Region 3;Not identified;652636831.22;Not identified;;84;0.0;False;Tecnologia;Fidejussória, Contratos e recebíveis;https://www.gov.br/pgfn/pt-br/assuntos/divida-ativa-da-uniao/transparencia-fiscal-1/painel-dos-parcelamentos/termos-de-transacao/3a-regiao/SumrioIcomonTecnologiaLTDAIcomonComercialeConstrutoraLTDA.pdf;False
76482961a9e3;ATDL TRANSPORTES RODOVIÁRIOS LTDA, AUTO TÉCNICA DIESEL LTDA e KM SERVIÇOS LTDA (grupo econômico - todos em recuperação judicial);Region 4;2022-12-12;56480202.46;Transação individual (com capacidade de pagamento, uso de créditos de PF/BCN e parcelamento);52.59;120;;True;Transporte rodoviário / serviços;Imóvel de terceiros (anuentes/intervenientes garantidores), matriculado perante o 2º Ofício de Registro de Imóveis de Maringá/PR, objeto de penhora nos autos de Execução Fiscal;https://www.gov.br/pgfn/pt-br/assuntos/divida-ativa-da-uniao/transparencia-fiscal-1/painel-dos-parcelamentos/termos-de-transacao/4a-regiao/TermodeTransaoIndividualAutoTcnicaDieselLTDATarjado.pdf;False
765ea9dfe036;AGROPECUÁRIA VITAMAIS LTDA EM RECUPERAÇÃO JUDICIAL / ECOFERTIL AGROPECUARIA LTDA EM RECUPERAÇÃO JUDICIAL;Region 5;Not identified;14486911.09;Transação individual - Modalidade nº.29;35.28;1;;True;Agronegócio;Mantém eventuais garantias existentes;https://www.gov.br/pgfn/pt-br/assuntos/divida-ativa-da-uniao/transparencia-fiscal-1/painel-dos-parcelamentos/termos-de-transacao/5a-regiao/AgropecuriaVitamaisSumrio.pdf;False
774b12ad961e;VIA SUDESTE TRANSPORTES S/A, VIAÇÃO CAMPO BELO LTDA., VIAÇÃO GRAJAÚ S/A. e VIAÇÃO METRÓPOLE PAULISTA S/A. (e Devedoras relacionadas: VIA SUL TRANSPORTES URBANOS LTDA., VIAÇÃO BRISTOL LTDA, EMPRESA AUTO VIAÇÃO TABOÃO LTDA, VIAÇÃO TÂNIA DE TRANSPORTES LTDA, VIAÇÃO CASTELO CENTRAL LTDA MASSA FALIDA (FERRAZ), EMPRESA SÃO LUIZ VIAÇÃO LTDA., AUTO VIAÇÃO TABU LTDA, VIAÇÃO GRAJAÚ S/A., VIAÇÃO CIDADE DUTRA LTDA, VIAÇÃO BOLA BRANCA LTDA, AUTO VIAÇÃO VITÓRIA LTDA, VIP TRANSPORTES URBANOS LTDA, VIP VIAÇÃO ITAIM PAULISTA LTDA., ETU TRANSPORTES URBANOS LTDA., AUTO VIAÇÃO JUREMA LTDA, EMPRESA AUTO ÔNIBUS PENHA SÃO MIGUEL LTDA, EMPRESA DE ÔNIBUS VIAÇÃO SÃO JOSÉ LTDA., EXPRESSO TALGO-TRANSPORTES E TURISMO LTDA, VIAÇÃO MONTE ALEGRE LTDA.);Region 3;2021-07-01;3124586981.44;Transação Individual;50.0;84;;False;Transporte público/rodoviário de passageiros (ônibus);Precatórios cedidos (item 4.1), Imóveis de propriedade das Proponentes ou das Devedoras (item 5.1.2), Imóveis de propriedade de sócios ou acionistas das Proponentes (item 5.1.3), Recebíveis oriundos de contratos com a Prefeitura do Município de São Paulo (item 5.1.4), Apólices de seguro-garantia no valor total de R$ 230.366.600,04 (item 5.1.5);https://www.gov.br/pgfn/pt-br/assuntos/divida-ativa-da-uniao/transparencia-fiscal-1/painel-dos-parcelamentos/termos-de-transacao/3a-regiao/termo-de-transacao-individual_grupo-ruas.pdf;False
77641414d99a;SARAIVA TRANSPORTES TÉCNICOS LTDA EM RECUPERACAO JUDICIAL;Region 5;2021-10-07;;Transação Individual (empresas em Recuperação Judicial - Portaria PGFN nº 2382/2021);70.0;120;;True;Transportes;O devedor mantém todas as garantias associadas ao débito com a finalidade de garantir a dívida contemplada na transação individual (Cláusula 14);https://www.gov.br/pgfn/pt-br/assuntos/divida-ativa-da-uniao/transparencia-fiscal-1/painel-dos-parcelamentos/termos-de-transacao/5a-regiao/termo-de-transacao-individual-saraiva-transportes.pdf;False
7794d5c4f137;Supermercado Pague Menos Ltda.;Region 5;2023-12-27;;Transação Individual;;;;;Varejo/Supermercados;Penhoras em execuções fiscais mantidas até a plena quitação, Possibilidade de alienação de ativos com prévia autorização da PGFN;https://www.gov.br/pgfn/pt-br/assuntos/divida-ativa-da-uniao/transparencia-fiscal-1/painel-dos-parcelamentos/termos-de-transacao/5a-regiao/TermodeTransaoIndividualSupermercadoPagueMenosLTDATarjado.pdf;False
77d10270381d;MECANO FABRIL LTDA e MEC TEC EQUIPAMENTOS HIDRÁULICOS E MECÂNICOS LTDA;Region 3;2023-12-19;257959125.28;Transação Individual;65.0;120;;;Metalmecânico/Industrial;Imóvel matrícula nº 525 (Fazenda Primavera), Imóvel matrícula nº 526 (Fazenda Primavera), Imóvel matrícula nº 53 (Fazenda Canadá);https://www.gov.br/pgfn/pt-br/assuntos/divida-ativa-da-uniao/transparencia-fiscal-1/painel-dos-parcelamentos/termos-de-transacao/3a-regiao/TransaoIndividualMecanoFabrilVIACOMTARJA.pdf;False
77f4b6af5776;Not identified;Region 1;Not identified;;Not identified;;;;;Not identified;;https://www.gov.br/pgfn/pt-br/assuntos/divida-ativa-da-uniao/transparencia-fiscal-1/painel-dos-parcelamentos/termos-de-transacao/1a-regiao/ProjetoESGFlorestaJatobBrasilLtda.pdf;False
783667205db3;SOCIEDADE ANHANGUERA DE ENSINO LTDA;Region 1;2024-01-10;60242377.0;Transação Individual;67.95;136;;;Educação;Fazenda Potala - Matrícula 506 - R$10.825.000,00, 6 Lotes urbanos (Matrículas 317.020, 317.021, 317.022, 317.023, 317.024, 317.025) - R$11.412.000,00, Imóveis avaliados em R$ 22.237.000,00 conforme laudo (Cláusula 7ª, §2º);https://www.gov.br/pgfn/pt-br/assuntos/divida-ativa-da-uniao/transparencia-fiscal-1/painel-dos-parcelamentos/termos-de-transacao/1a-regiao/TermodeTransaoIndividualSociedadeAnhangueradeEnsinoLTDATarjado.pdf;False
783ac2123e78;MARLON BONILHA EIRELI;Region 4;2020-01-17;;Transação Individual Tributária - Plano de Pagamento Parcelado do Débito Fiscal;;84;;;Not identified;Hipoteca sobre imóvel de matrícula 13.492 do CRI da Comarca de Siqueira Campos/PR;https://www.gov.br/pgfn/pt-br/assuntos/divida-ativa-da-uniao/transparencia-fiscal-1/painel-dos-parcelamentos/termos-de-transacao/4a-regiao/termo-de-transacao-individual-marlon-bonilha-eireli.pdf;False
791284583e63;RIO ITA LTDA;Region 2;2023-09-27;158710771.46;Transação Individual;65.0;60;;;Transporte (concessão de direitos de emissão/comercialização de Vale-Transporte e Bilhete Único - RioCard);Penhoras existentes nas execuções fiscais propostas para cobrança dos débitos transacionados (Anexo IV), 70% dos direitos creditórios oriundos da delegação dos direitos de emissão, comercialização e distribuição do Vale-Transporte e do Bilhete Único (cartão RioCard);https://www.gov.br/pgfn/pt-br/assuntos/divida-ativa-da-uniao/transparencia-fiscal-1/painel-dos-parcelamentos/termos-de-transacao/2a-regiao/TermodeTransaoIndividualRioItaLTDAtarjado.pdf;False
79cc244567c4;MAZDA EMBALAGENS LTDA EM RECUPERACAO JUDICIAL;Region 3;2025-01-28;;Transação Individual (com Recuperação Judicial);65.0;72;;True;Embalagens/Indústria;Mantém-se as garantias dos débitos eventualmente existentes até a quitação integral do saldo devedor do Acordo de Transação;https://www.gov.br/pgfn/pt-br/assuntos/divida-ativa-da-uniao/transparencia-fiscal-1/painel-dos-parcelamentos/termos-de-transacao/3a-regiao/TermodeTransaoIndividualMazdaEmbalagensLTDATarjado.pdf;False
7a84000f13f9;TR Transporte de Passageiros Ltda.;Region 5;2024-09-27;2627773.36;Transação Individual (Portaria PGFN nº 6.757/2022, com aplicação da Portaria PGFN nº 2.382/2020 por estar em recuperação judicial);70.0;60;;True;Transporte de passageiros;Ativo M.BENZ/MPOLO TORINO U 2019, placa QSD6B65, chassi 9BM384078KB101765, sem restrição, Ativo M.BENZ/MPOLO TORINO U 2019, placa QSD6B55, chassi 9BM384078KB101629, sem restrição, Ativo M.BENZ/MPOLO TORINO U 2019, placa QSD5H05, chassi 9BM384078KB102135, sem restrição;https://www.gov.br/pgfn/pt-br/assuntos/divida-ativa-da-uniao/transparencia-fiscal-1/painel-dos-parcelamentos/termos-de-transacao/5a-regiao/TermodeTransaoIndividualTRTransportedePassageirosLTDATarjado.pdf;False
7ab6ef8a5e7f;CLOROETIL SOLVENTES ACÉTICOS S/A EM RECUPERAÇÃO JUDICIAL;Region 3;2024-09-17;126167207.2;Transação Individual (Recuperação Judicial);;60;;True;Not identified;Fiança pessoal do sócio Alexandre Sposito Manfredi, com renúncia ao benefício de ordem (art. 827, parágrafo único, c/c art. 828, I, do Código Civil), Imóvel matriculado sob o número 10.668 do CRI de Mogi Mirim, de propriedade da Cloroetil, penhorado nos autos da execução fiscal 0004606-60.1997.8.26.0363 (AV. 30);https://www.gov.br/pgfn/pt-br/assuntos/divida-ativa-da-uniao/transparencia-fiscal-1/painel-dos-parcelamentos/termos-de-transacao/3a-regiao/TermodeTransaoIndividualCloroetilSolventesActicosSATarjado.pdf;False
7ad0cd1764cf;Not identified;Region 4;2022-07-18;89241538.58;Transação individual;65.0;145;;;Not identified;Hipoteca de imóvel rural: FAZENDA ESTÂNCIA VIANA, situado na zona rural do município e comarca de Sete Quedas – MS, com área total de 1.604,66 hectares, avaliado em R$ 99.075.708,00, Possibilidade de penhora sobre o bem hipotecado;https://www.gov.br/pgfn/pt-br/assuntos/divida-ativa-da-uniao/transparencia-fiscal-1/painel-dos-parcelamentos/termos-de-transacao/4a-regiao/TermodeTransacaoIndividualValdemarMoras.pdf;False
7af3e0ece5ec;REFRATÁRIOS PAULISTA INDÚSTRIA E COMÉRCIO LTDA.;Region 3;2024-03-04;37194177.99;Transação Individual;51.51;55;0.0;;Indústria (materiais refratários);;https://www.gov.br/pgfn/pt-br/assuntos/divida-ativa-da-uniao/transparencia-fiscal-1/painel-dos-parcelamentos/termos-de-transacao/3a-regiao/TermodeTransaoIndividualRefratriosPaulistaIndstriaeComrcioLTDATarajado.pdf;False
7b189520e94d;GRANPORT MULTIMODAL LTDA.;Region 3;2021-11-16;54183472.58;Transação Individual;;120;;True;Logística/transporte multimodal portuário;Veículos (10 veículos identificados por placa/RENAVAM, oferecidos à penhora na execução fiscal nº 5000263-84.2016.4.03.6104);https://www.gov.br/pgfn/pt-br/assuntos/divida-ativa-da-uniao/transparencia-fiscal-1/painel-dos-parcelamentos/termos-de-transacao/3a-regiao/TermodeTransaoIndividualGranport.pdf;False
7b2f4b48e896;ARXO INDUSTRIAL DO BRASIL LTDA – em RECUPERAÇÃO JUDICIAL (75.487.058/0001-00);Region 4;2025-03;30232799.38;Transação Individual;70.0;120;;True;Industrial;Bem imóvel descrito no Anexo III, avaliado pela empresa em R$ 44.924.000,00, objeto de penhora nas execuções fiscais;https://www.gov.br/pgfn/pt-br/assuntos/divida-ativa-da-uniao/transparencia-fiscal-1/painel-dos-parcelamentos/termos-de-transacao/4a-regiao/TermodeTransaoIndividualArxoIndustrialdoBrasilLTDA.pdf;False
7bd334a9084d;CRUZEIRO ESPORTE CLUBE;Region 1;2021-08-02;36985355.88;Transação Tributária Individual (Primeiro Termo Aditivo);;;;;futebol/entretenimento;Imóvel 'Toca 1' (Matrícula nº 125.723 do 6º Ofício do Registro de Imóveis de BH/MG), Imóvel 'Sede' (Matrícula nº 68.174 do 7º Ofício do Registro de Imóveis de BH/MG) - liberado para alienação/desapropriação, Bens e direitos indicados no Anexo III;https://www.gov.br/pgfn/pt-br/assuntos/divida-ativa-da-uniao/transparencia-fiscal-1/painel-dos-parcelamentos/termos-de-transacao/1a-regiao/primeiro-termo-aditivo-a-transacao-tributaria-individual-cruzeiro-esporte-clube.pdf;False
7bf3db30ae83;INSTITUTO DE EXCELÊNCIA EM SAÚDE PÚBLICA – INSTITUTO ESPERANÇA;Region 3;2024-12-18;;Transação Individual;32.11;60;3.0;;Saúde pública / organização social;;https://www.gov.br/pgfn/pt-br/assuntos/divida-ativa-da-uniao/transparencia-fiscal-1/painel-dos-parcelamentos/termos-de-transacao/3a-regiao/TermodeTransaoIndividualInstitutodeExcelnciaemSadePblicaInstitutoEsperanaTarjado.pdf;False
7c4d7e112f79;Grupo Econômico Só Ofertas (Varejo Total Comércio de Gêneros Alimentícios Ltda e outras 12 pessoas jurídicas);Region 2;2023-06-16;;Transação Individual;;120;;;Supermercados/varejo alimentício;Imóveis de matrícula e laudos listados no ANEXO II (ex.: matrículas 46.912, 46.911 e 1.400 do 2º Ofício do RGI de Araruama, RJ, referentes ao empreendimento 'Ilha do Lazer'), Veículos automotores penhorados nos autos das Execuções Fiscais;https://www.gov.br/pgfn/pt-br/assuntos/divida-ativa-da-uniao/transparencia-fiscal-1/painel-dos-parcelamentos/termos-de-transacao/2a-regiao/TermodeTransaoIndividualVarejoTotalComrciodeGnerosAlimentciosTarjado.pdf;False
7c7835dce8f0;ETNA COMÉRCIO DE MÓVEIS E ARTIGOS PARA DECORAÇÃO S.A.;Region 3;2024-11-26;35733803.31;Transação Individual;65.0;12;;;Comércio de móveis e decoração;Mantém-se as garantias dos débitos eventualmente existentes até a quitação integral do saldo devedor do Acordo de Transação;https://www.gov.br/pgfn/pt-br/assuntos/divida-ativa-da-uniao/transparencia-fiscal-1/painel-dos-parcelamentos/termos-de-transacao/3a-regiao/TermodeTransaoIndividualEtnaComrciodeMveiseArtigosparaDecoraoSATarjado.pdf;False
7c7cee6d3b99;TRANSFER TRANSPORTADORA FERROVIÁRIA DE VEÍCULOS AUTOMOTORES LTDA;Region 3;2024-11-13;19848607.66;Transação Individual;65.0;36;;;Transporte/logística (transporte ferroviário de veículos automotores);Manutenção automática dos gravames decorrentes de arrolamento de bens, medida cautelar fiscal e garantias prestadas administrativamente ou em ações de execução fiscal ou qualquer outra ação judicial;https://www.gov.br/pgfn/pt-br/assuntos/divida-ativa-da-uniao/transparencia-fiscal-1/painel-dos-parcelamentos/termos-de-transacao/3a-regiao/copy2_of_TermodeTransaoIndividualTransferTransportadoraFerroviriadeVeculosAutomotoresLTDAtarjado.pdf;False
7d1f4033279d;MAIS PRÓXIMA COMERCIAL E DISTRIBUIDORA LTDA. e COMÉRCIO IMPORTAÇÃO E EXPORTAÇÃO BIO-SCAN LTDA.;Region 3;2023-12-07;14385372.49;Transação Individual;65.0;36;;;Comércio/distribuição;Mantidas as garantias já existentes até a assinatura deste acordo. Não serão prestadas garantias adicionais.;https://www.gov.br/pgfn/pt-br/assuntos/divida-ativa-da-uniao/transparencia-fiscal-1/painel-dos-parcelamentos/termos-de-transacao/3a-regiao/TermodeTransaoIndividualMaisPrximaComercialeDistribuidoraLTDAInformaesSigilosasSuprimidas.pdf;False
7d220423316c;INDUSTRIA QUÍMICA RIVER LTDA;Region 3;2023-05-11;;Transação Individual;;12;;;Química/Indústria;Imóvel objeto da matrícula (número tarjado) do 1º Registro de Imóveis de Guarulhos, avaliado em R$ 72.763.000,00;https://www.gov.br/pgfn/pt-br/assuntos/divida-ativa-da-uniao/transparencia-fiscal-1/painel-dos-parcelamentos/termos-de-transacao/3a-regiao/TermodeTransaoIndividualIndstriaQumicaRiverLTDAInformaesSigilosasSuprimidas.pdf;False
7d2e99d4c6ee;MARBRASA MARMORES E GRANITOS DO BRASIL S.A;Region 2;2021-12-20;;Transação individual;;84;;;Extração e beneficiamento de rochas ornamentais (mármores e granitos);Imóvel: área de terreno com 40.000,00 m² (quarenta mil metros quadrados) e perímetro de 836,00 m, matriculado sob o nº 1119, Livro 2-E, do Cartório de Registro Geral de Imóveis da 1ª zona da Comarca de Cachoeiro de Itapemirim, avaliado em R$ [valor tarjado];https://www.gov.br/pgfn/pt-br/assuntos/divida-ativa-da-uniao/transparencia-fiscal-1/painel-dos-parcelamentos/termos-de-transacao/2a-regiao/TermodeTransacaoIndividualMarbrasaMarmoreseGranitosdoBrasil.pdf;False
7da08dcfdfc5;OSX Brasil S/A, OSX Brasil - Porto do Açu S.A. e OSX Serviços Operacionais Ltda. (grupo OSX);Region 2;2025-06-09;;Transação Individual (recuperação judicial);70.0;60;;True;Naval/Offshore e Infraestrutura Portuária;Recebíveis do contrato de locação com a GO Tratch Ambiental e Infraestrutura S.A. (área de 40.000m² no Porto do Açu, R$600.000,00 mensais, término em 26.01.2052), Recebíveis do contrato de locação com a DOME Serviços Integrados Porto do Açu Operações S.A. (área de 143.406m² no Porto do Açu, R$2.315.887,40 mensais, término em 10.10.2036), Recebíveis do contrato de locação com a Alieseo Empreendimentos e Participações S.A., com Consórcio 3T Flexíveis como interveniente anuente (área de 90.000m² no Cais Norte, Lote A-12, R$1.203.750,00 mensais, término em 01.01.2052);https://www.gov.br/pgfn/pt-br/assuntos/divida-ativa-da-uniao/transparencia-fiscal-1/painel-dos-parcelamentos/termos-de-transacao/2a-regiao/copy_of_TermodeTransaoIndividualOSXBrasilSAOsxBrasilPortoDoAuOSXServiosOperacionaisLTDA.pdf;False
7dbab979413e;NOVA CLÍNICA HOSPITAL E MATERNIDADE LTDA - CNPJ: 81.306.136/0001-26;Region 5;2024-03-01;;Transação Individual;;;5.0;;Saúde/Hospitalar;;https://www.gov.br/pgfn/pt-br/assuntos/divida-ativa-da-uniao/transparencia-fiscal-1/painel-dos-parcelamentos/termos-de-transacao/5a-regiao/TermodeTransaoIndividualNovaClnicaHospitaleMaternidadeLTDAtarjado.pdf;False
7dc3820dcce2;INCORPORADORA SÃO SIMÃO LTDA;Region 5;2024-07-22;29880380.92;Transação Individual - Plano de Regularização Fiscal;65.0;48;;;Incorporação imobiliária;apartamento 401 do Edf. São Simão, Avenida Boa Viagem, 2316, Recife-PE, matrícula 87.775, avaliado em R$ 6.600.000,00, apartamento 501 do Edf. São Simão, Avenida Boa Viagem, 2316, Recife-PE, matrícula 87.776, avaliado em R$ 6.600.000,00, apartamento 601 do Edf. São Simão, Avenida Boa Viagem, 2316, Recife-PE, matrícula 87.777, avaliado em R$ 6.600.000,00, apartamento 901 do Edf. São Simão, Avenida Boa Viagem, 2316, Recife-PE, matrícula 87.779, avaliado em R$ 17.127.000,00, lote de terreno próprio nº 6, quadra A, Rua Ernesto de Paula Santos, Boa Viagem, Recife-PE, matrícula 36.016, avaliado em R$ 3.700.000,00, terreno de áreas próprias denominado 'Minas Pequeno' em Barra de Jangada - Jaboatão dos Guararapes-PE, matrícula 10.821, avaliado em R$ 29.000.000,00, lote de terreno próprio nº 6, quadra 56, loteamento Cidade Jardim Piedade, Rua Bacharel José Mário de Oliveira, Candeias - Jaboatão dos Guararapes-PE, matrícula 32.962, avaliado em R$ 500.000,00, terreno de gleba 'A', margem direita da BR-101, área total de 68.243 m², Jaboatão dos Guararapes-PE, matrícula 31.046, avaliado em R$ 31.000.000,00;https://www.gov.br/pgfn/pt-br/assuntos/divida-ativa-da-uniao/transparencia-fiscal-1/painel-dos-parcelamentos/termos-de-transacao/5a-regiao/TermodeTransaoIndividualIncorporadoraSoSimoLTDATarjado.pdf;False
7dd916dbd6a8;R&F COMÉRCIO E SERVIÇOS S/A EM RECUPERAÇÃO JUDICIAL (nova denominação de Casa de Farinha S/A);Region 5;2023-12-13;;Transação Individual;45.76;120;;True;Comércio;Manutenção de gravames decorrentes de arrolamento de bens, medida cautelar fiscal e garantias prestadas administrativamente, Manutenção de penhoras já existentes nos executivos fiscais;https://www.gov.br/pgfn/pt-br/assuntos/divida-ativa-da-uniao/transparencia-fiscal-1/painel-dos-parcelamentos/termos-de-transacao/5a-regiao/TermodeTransaoIndividualRFComrcioeServiosSATarjado.pdf;False
7ddfeb442597;CARTONAGEM KAETE LTDA.;Region 4;2023-12-14;;Transação Individual Tributária;;85;38.0;;Not identified;Imóvel matrícula 6400, 1ª Cianorte-PR, valor 2.960.923,96, Imóveis matrículas 6.260 e 5.444, 1ª Cianorte-PR, valor 9.470.112,20, Imóvel matrícula 6.669, 1ª Cianorte-PR, valor 3.876.580,17, Imóvel matrícula 17.350, 1ª Cianorte-PR, valor 1.171.025,43, Imóvel matrícula 7.029, 1ª Cianorte-PR, valor 585.815,62, Imóvel matrícula 22.312, 1ª Cianorte-PR, valor 398.125,00, Imóvel matrícula 8.460, 1ª Cianorte-PR, valor 418.125,00, Imóvel matrícula 8.617, 1ª Cianorte-PR, valor 418.125,00, Imóvel matrícula 22.248, 2ª Cianorte-PR, valor 233.435,00, Imóvel matrícula 555, 1ª Cianorte-PR, valor 418.125,00, Imóvel matrícula 27.764, 1ª Cianorte-PR, valor 465.162,50, Imóvel matrícula 2.046, 1ª Cianorte-PR, valor 572.000,00;https://www.gov.br/pgfn/pt-br/assuntos/divida-ativa-da-uniao/transparencia-fiscal-1/painel-dos-parcelamentos/termos-de-transacao/4a-regiao/TermodeTransaoIndividualCartonagemKaeteLTDAtarjado.pdf;False
7e657e251f52;PROJEÇÃO ENGENHARIA PAULISTA DE OBRAS EIRELI;Region 3;2024-10-29;;Transação individual;;36;;;Construção civil/engenharia;;https://www.gov.br/pgfn/pt-br/assuntos/divida-ativa-da-uniao/transparencia-fiscal-1/painel-dos-parcelamentos/termos-de-transacao/3a-regiao/TermodeTransaoIndividualProjeoEngenhariaPaulistadeObrasEireliTarjado2.pdf;False
7f40a9275d22;MARCOS ANTONIO POMPEI;Region 3;2022-10-06;342054127.64;Transação individual;;145;;;Agronegócio (frigorífico/pecuária);Imóveis listados no Anexo V, já penhorados na Execução Fiscal nº 5000918-83.2018.4.03.6137 ou indisponibilizados na ação cautelar nº 5000512.28.2019.6137, Ativos financeiros listados no Anexo V, CPR (Cédula de Produto Rural) bloqueada, Aeronaves e veículos;https://www.gov.br/pgfn/pt-br/assuntos/divida-ativa-da-uniao/transparencia-fiscal-1/painel-dos-parcelamentos/termos-de-transacao/3a-regiao/TermodeTransaoIndividualMarcosAntonioPompei2022PRFN3.InformaesSigilosasSuprimidas.pdf;False
7f49123813c6;EMPRESA JORNALÍSTICA DIÁRIO DA MANHÃ LTDA. - EPP e EDITORA ESPERANÇA LTDA. - EPP;Region 4;2022-07-26;;Transação Individual Tributária;;145;;;Comunicação/Jornalismo;Bens imóveis (matrículas números 154 e 227 do Cartório de Registro de Imóveis de Piraí do Sul/PR), já penhorados conforme TERMO DE PENHORA de 18/02/2022 acostado ao evento 482 da Execução Fiscal nº 5000736-89.2012.4.04.7104;https://www.gov.br/pgfn/pt-br/assuntos/divida-ativa-da-uniao/transparencia-fiscal-1/painel-dos-parcelamentos/termos-de-transacao/4a-regiao/TermodeTransaoIndividualEmpresaJornalsticaDiriodaManhLTDATarjado.pdf;False
7f5541de9062;RIMA INSTALAÇÕES LTDA;Region 5;2023-08-29;16664817.26;Transação Individual;60.0;59;;;Instalações/Construção civil;Apartamento nº 1001, Edifício Mirante, Rua General Abreu e Lima, bairro do Rosarinho, Apartamento 701, Edifício Cais da Aurora, Rua da Aurora, bairro de Santo Amaro, Imóvel constituído do lote de terreno de marinha nº 15 e parte do lote 16, Rua Madre Rosa Gatorno, bairro do Arruda;https://www.gov.br/pgfn/pt-br/assuntos/divida-ativa-da-uniao/transparencia-fiscal-1/painel-dos-parcelamentos/termos-de-transacao/5a-regiao/TermodeTransaoIndividualRimaInstalaesLTDAInformaesSigilosasSuprimidas.pdf;False
805165bf0905;PCG Tecnologia e Gestão da Informação Ltda.;Region 5;2024-06-06;;Transação Individual (Plano de Regularização Fiscal - Portaria PGFN nº 6.757/2022, com termos da Portaria PGFN nº 2.382/2020 para eventual recuperação judicial);;;;;Tecnologia da informação;Bens já penhorados ou porventura descritos no termo como garantia (não detalhados individualmente no corpo do texto);https://www.gov.br/pgfn/pt-br/assuntos/divida-ativa-da-uniao/transparencia-fiscal-1/painel-dos-parcelamentos/termos-de-transacao/5a-regiao/TermodeTransaoIndividualPCGTecnologiaeGestodaInformaoLTDATarjado.pdf;False
805f5bd14cca;SMH SOCIEDADE MEDICO-HOSPITALAR LTDA.;Region 2;2024-09-18;68479475.13;Transação individual;65.0;120;;;Saúde (médico-hospitalar);3 imóveis, compostos por 6 matrículas imobiliárias constantes do Anexo IV;https://www.gov.br/pgfn/pt-br/assuntos/divida-ativa-da-uniao/transparencia-fiscal-1/painel-dos-parcelamentos/termos-de-transacao/2a-regiao/TermodeTransaoIndividualSMHSociedadeMedicoHospitalarLTDATarjado.pdf;False
806bc7fd21bb;INAB INDÚSTRIA NACIONAL DE BEBIDAS LTDA;Region 4;2022-08-16;146980041.16;Transação Individual;46.36;120;;;Indústria de bebidas;Imóvel matriculado sob n. 41.935 do 1º Ofício do Registro de Imóveis de Toledo/PR, com edificações e instalações industriais, máquinas e equipamentos, edificações/benfeitorias, marcas e patentes, instalações elétricas e hidráulicas, garrafeiras, barris de cerveja, chopeiras do ativo imobilizado, Marca Cerveja Colônia, sob processo INPI n. 820622478;https://www.gov.br/pgfn/pt-br/assuntos/divida-ativa-da-uniao/transparencia-fiscal-1/painel-dos-parcelamentos/termos-de-transacao/4a-regiao/INABINDSTRIANACIONALDEBEBIDASLTDA.pdf;False
808099ff5e63;AVEC VERRE DESIGN PRODUTOS ESPECIAIS LTDA;Region 3;2024-02-20;4744075.37;Transação individual (modalidades DEMAIS e PREV);;84;;True;Not identified;Manutenção automática dos gravames decorrentes de arrolamento de bens, medida cautelar fiscal e garantias prestadas administrativamente ou em execuções fiscais, Fiança pessoal do sócio José Guilherme Aceto (Anexo II - Termo de Garantia Fidejussória);https://www.gov.br/pgfn/pt-br/assuntos/divida-ativa-da-uniao/transparencia-fiscal-1/painel-dos-parcelamentos/termos-de-transacao/3a-regiao/TermodeTransaoIndividualAvectarjado.pdf;False
80ad3c9d8411;Grupo Nassau/Itapessoca (ITABIRA AGRO INDUSTRIAL S A e outras 39 empresas, representadas por Guilherme Cavalcanti da Rocha Leitão);Region 5;2023-12-20;;Transação Individual (Termo Aditivo);;;;True;Agroindústria/Cimentos/Comunicação (grupo econômico diversificado - agroindustrial, cimenteiro, gráfico/editorial);Garantias em favor de ARC DIP JS (bens/ativos imobiliários com constrições em cartório), Ativos minerários listados na Cláusula 8ª do Termo de Transação original, Ativos dados em garantia no Financiamento DIP, Execução das garantias ofertadas na transação, inclusive através do COMPREI PGFN, em caso de inadimplemento;https://www.gov.br/pgfn/pt-br/assuntos/divida-ativa-da-uniao/transparencia-fiscal-1/painel-dos-parcelamentos/termos-de-transacao/5a-regiao/Termo_de_Aditamento__Transacao__Grupo_Nassau__prorrogacao_entrada__assinado_29_tarjado.pdf;False
80c43cb7dca0;LABORATÓRIOS BALDACCI LTDA;Region 3;2025-02-04;10426235.05;Transação Individual;30.11;1;;;Farmacêutico;Manutenção automática dos gravames decorrentes de arrolamento de bens, de medida cautelar fiscal e das garantias prestadas administrativamente ou nas ações de execução fiscal ou em qualquer outra ação judicial;https://www.gov.br/pgfn/pt-br/assuntos/divida-ativa-da-uniao/transparencia-fiscal-1/painel-dos-parcelamentos/termos-de-transacao/3a-regiao/TermodeTransaoIndividualLaboratriosBaldacciLTDATarjado2.pdf;False
80d29a54c12a;SINDICATO DOS TRABALHADORES EM SAÚDE, TRABALHO E PREVIDÊNCIA SOCIAL NO ESTADO DO RIO DE JANEIRO;Region 2;2024-04-08;56978176.48;Transação Individual;65.0;145;;False;Sindical/Saúde-Trabalho-Previdência Social;Imóvel constituído pelo 3º pavimento do edifício na Rua Joaquim Silva, 98 (Matrícula 11.643-2-s), Imóvel constituído pelo subsolo do edifício na Rua Joaquim Silva, 98 (Matrícula 31.243), Imóvel constituído pela sobreloja do edifício na Rua Joaquim Silva, 98 (Matrícula 31.242), Imóvel constituído pela Loja A do edifício na Rua Joaquim Silva, 98 (Matrícula 31.241);https://www.gov.br/pgfn/pt-br/assuntos/divida-ativa-da-uniao/transparencia-fiscal-1/painel-dos-parcelamentos/termos-de-transacao/2a-regiao/TermodeTransaoIndividualSindicatodosTrabalhadoresemSadeTrabalhoePrevidnciaSocialnoEstadodoRiodeJaneirotarjado.pdf;False
80ec7c1d71ff;Farmácia Roval de Manipulações Ltda;Region 5;Not identified;14628078.78;Transação individual;45.78;1;0.0;False;Farmacêutico/Saúde;Mantém eventuais garantias existentes;https://www.gov.br/pgfn/pt-br/assuntos/divida-ativa-da-uniao/transparencia-fiscal-1/painel-dos-parcelamentos/termos-de-transacao/5a-regiao/SumrioFarmciaRovaldeManipulaesLTDA.pdf;False
819845e19acd;R.C.O & SITI MÁQUINAS E EQUIPAMENTOS LTDA - EM RECUPERAÇÃO JUDICIAL;Region 3;2025-03-28;;Transação Individual (recuperação judicial);65.0;36;;True;Not identified;Manutenção das garantias dos débitos eventualmente existentes até a quitação integral do saldo devedor, Manutenção automática dos gravames decorrentes de arrolamento de bens, medida cautelar fiscal e garantias prestadas administrativamente ou em ações de execução fiscal;https://www.gov.br/pgfn/pt-br/assuntos/divida-ativa-da-uniao/transparencia-fiscal-1/painel-dos-parcelamentos/termos-de-transacao/3a-regiao/TermodeTransaoIndividualRCOSITIMquinaseEquipamentosLTDATarjado.pdf;False
81f979005ec7;FLASH VIGILANCIA EIRELI;Region 5;2022-10-31;;Transação Individual;59.78;120;;;Vigilância/Segurança privada;;https://www.gov.br/pgfn/pt-br/assuntos/divida-ativa-da-uniao/transparencia-fiscal-1/painel-dos-parcelamentos/termos-de-transacao/5a-regiao/TermodeTransaoIndividualFlashVigilanciaEireli.pdf;False
820d0f1924c9;HOTUR SAO PAULO PARTICIPACOES E EMPREENDIMENTOS LTDA.;Region 3;2024-09-06;;Transação individual;;120;;;Hotelaria/Turismo;Imóveis (vagas de garagem) matriculados sob os nºs 27.340 a 27.359, no Cartório de Registro de Imóveis de Guarujá/SP, com área de 29,72 m² cada, localizadas na Avenida Leomil - 494 - Guarujá/SP, avaliados em R$ 700.000,00, oferecidos à penhora na execução fiscal nº 5006266-84.2018.4.03.6104;https://www.gov.br/pgfn/pt-br/assuntos/divida-ativa-da-uniao/transparencia-fiscal-1/painel-dos-parcelamentos/termos-de-transacao/3a-regiao/TermoTransaoIndividualHoturSoPauloParticipaeseEmpreeendimentosLTDAtarjado.pdf;False
825bb2a20407;EMBALAGEM CARTON PACK LTDA;Region 4;2021-07-26;;Transação Individual Tributária;;84;;;Embalagens/Indústria;Bens listados no Anexo III (não especificados no corpo do termo);https://www.gov.br/pgfn/pt-br/assuntos/divida-ativa-da-uniao/transparencia-fiscal-1/painel-dos-parcelamentos/termos-de-transacao/4a-regiao/TermodeTransaoTributriaEmbalagemCartonPackLTDATarjado4regio.pdf;False
82b724d8759b;RADIO E TELEVISAO DIARIO DE MOGI LTDA;Region 3;2025-02-25;29026809.91;Transação individual;;36;;;Radiodifusão/Mídia;Manutenção automática dos gravames decorrentes de arrolamento de bens, de medida cautelar fiscal e das garantias prestadas administrativamente ou nas ações de execução fiscal ou em qualquer outra ação judicial;https://www.gov.br/pgfn/pt-br/assuntos/divida-ativa-da-uniao/transparencia-fiscal-1/painel-dos-parcelamentos/termos-de-transacao/3a-regiao/TermodeTransaoIndividualRdioeTelevisoDiriodeMogiLTDATarjado.pdf;False
82ecb2bb03ad;CGS CONSTRUCAO E COMERCIO LTDA - EM RECUPERACAO JUDICIAL;Region 3;2023-01-23;;Transação individual (modalidades DEMAIS e PREV);;84;6.0;True;Construção civil;Bens indicados no Anexo III, Manutenção de gravames decorrentes de arrolamento de bens, medida cautelar fiscal e garantias prestadas administrativamente ou em ações de execução fiscal, Penhora de bens nas execuções fiscais em curso;https://www.gov.br/pgfn/pt-br/assuntos/divida-ativa-da-uniao/transparencia-fiscal-1/painel-dos-parcelamentos/termos-de-transacao/3a-regiao/TermodeTransaoIndividualCGSConstruoeComrcioLTDAemrecuperaojudicialtarjado.pdf;False
82ecc045c7ba;FRIGORÍFICO NORTE PIONEIRO;Region 4;2024-08-13;;Transação Individual;55.0;120;6.0;;Frigorífico/Agroindústria;Imóvel matrícula 2307, registrado perante o CRI de Ribeirão do Pinhal/PR, avaliado em R$ 47.950.000,00, Fiança pessoal de Ítalo Cândido Fiates, respondendo pelo montante integral negociado, sem descontos;https://www.gov.br/pgfn/pt-br/assuntos/divida-ativa-da-uniao/transparencia-fiscal-1/painel-dos-parcelamentos/termos-de-transacao/4a-regiao/TermodeTransaoIndividualFrigorficoNortePioneiroMariaSirleneCndidoFiatesLourivalFiatesLuarSertoAgropecuriaSociedadeCivilLTDA.pdf;False
830ba619214d;DUARTE CONSTRUÇÕES S.A. EM RECUPERAÇÃO JUDICIAL (grupo econômico, incluindo VILA BRAGANÇA CONSTRUÇÕES S.A., DUARTE EMPREENDIMENTO ESTRELINHA LTDA, DUARTE EDIFICIO SHOPPING PARK RESIDENCE I, II e III LTDA, DUARTE - EDIFICIO SUNVILLE CANDEIAS LTDA, DUARTE - EDIFICIO SITIO DAS ROSEIRAS LTDA, DUARTE - EDIFICIO JARDIM BELA VISTA LTDA);Region 5;2025-02-14;9492094.45;Transação Individual (Plano de Regularização Fiscal) - Portaria PGFN 6.757/2022, com aplicação da Portaria PGFN 2.382/2020 para devedores em recuperação judicial;70.0;84;;True;Construção civil/incorporação imobiliária;Manutenção das garantias já existentes (não há liberação de garantias anteriores), Bens do ativo não circulante listados no Anexo IV (veículo Voyage, caminhão, grua guindaste, dois imóveis em Recife-PE);https://www.gov.br/pgfn/pt-br/assuntos/divida-ativa-da-uniao/transparencia-fiscal-1/painel-dos-parcelamentos/termos-de-transacao/5a-regiao/TermodeTransaoIndividualDuarteConstruesSATarajado.pdf;False
830d98706a29;SANTA CASA DE MISERICÓRDIA DE CAMPOS;Region 2;2025-04-15;5643375.07;Transação Individual FGTS - Modalidade 6;30.0;110;;;Saúde/Hospitalar (entidade filantrópica);Imóveis de propriedade da DEVEDORA situados em Campos dos Goytacazes, constantes do Anexo I, constituídos em 2 matrículas imobiliárias (Praça São Salvador, 6 e Praça São Salvador, 30);https://www.gov.br/pgfn/pt-br/assuntos/divida-ativa-da-uniao/transparencia-fiscal-1/painel-dos-parcelamentos/termos-de-transacao/2a-regiao/TermodeTransaoIndividualSantaCasadeMisericrdiadeCamposFGTSTarjado.pdf;False
831b559f1f73;HOSPITAL JARDIM AMÁLIA LTDA;Region 2;2024-06-21;;Transação Individual (FGTS) - Primeiro Termo Aditivo;;;;;Saúde/Hospitalar;;https://www.gov.br/pgfn/pt-br/assuntos/divida-ativa-da-uniao/transparencia-fiscal-1/painel-dos-parcelamentos/termos-de-transacao/2a-regiao/ITermoAditivodeTransaoIndividualHospitalJardimAmliaLTDAFGTStarjado.pdf;False
8342cf03c8c8;6F DECORACOES EXPORTACAO IMPORTACAO E COMERCIO EIRELI;Region 3;2023-01-06;;Transação Individual;;84;;;Comércio/Decoração;veículo TIGUAN Allspace RLINE, blindado, cor preta, ano de fabricação 2019, ano modelo 2020 - Valor de mercado: R$ 285.000,00, Empilhadeira elétrica modelo PR1680 - Valor de mercado: R$ 165.000,00, Porta Pallets Aguia composto de 100 montantes de 9 metros de altura e 540 longarinas de 2,20 metros cada - Valor de mercado: R$ 405.000,00, Penhora de imóveis nos autos da Execução Fiscal n.º 5002257-59.2022.4.03.6130;https://www.gov.br/pgfn/pt-br/assuntos/divida-ativa-da-uniao/transparencia-fiscal-1/painel-dos-parcelamentos/termos-de-transacao/3a-regiao/TermodeTransaoIndividual6FDecoraesPRFN3InformaesSigilosasSuprimidas.pdf;False
8495d4dcc8e6;Metalúrgica Buzin Ltda;Region 4;2021-10-29;;Transação individual tributária - Plano de Pagamento Parcelado do Débito Fiscal;45.0;84;;;Metalúrgica/Industrial;Bens listados no Anexo V (não detalhados no corpo do texto);https://www.gov.br/pgfn/pt-br/assuntos/divida-ativa-da-uniao/transparencia-fiscal-1/painel-dos-parcelamentos/termos-de-transacao/4a-regiao/termo-de-transacao-individual-metarlugica-buzin-ltda.pdf;False
84b41859bae1;"MANIKRAFT GUAIANAZES INDUSTRIA DE CELULOSE E PAPEL LTDA - EM RECUPERAÇÃO JUDICIAL; PRO CONVERT CONVERTEDORA DE PAPÉIS S/A - EM RECUPERAÇÃO JUDICIAL; MKD DISTRIBUIDORA DE PRODUTOS DE HIGIENE S/A - EM RECUPERAÇÃO JUDICIAL; VINHAIS ADMINISTRAÇÃO E PARTICIPAÇÕES LTDA - EM RECUPERAÇÃO JUDICIAL (Grupo Manikraft)";Region 3;2023-08-28;283596986.97;Transação Individual;64.63;120;;True;Indústria de celulose e papel / higiene e produtos de papel;Bens já existentes até a assinatura do acordo, mantidos em garantia até a liquidação do acordo (item 3.1 e 3.2);https://www.gov.br/pgfn/pt-br/assuntos/divida-ativa-da-uniao/transparencia-fiscal-1/painel-dos-parcelamentos/termos-de-transacao/3a-regiao/TermodeTransaoIndividualManikraftGuaianazesIbdstriadeCeluloseePapelLTDAInformaesSigilosasSuprimidas.pdf;False
84dbb44485ae;CATRICALA E CIA LTDA EM RECUPERAÇÃO JUDICIAL e DROGARIA E PERFUMARIA LARANJA EM RECUPERAÇÃO JUDICIAL;Region 3;2025-03-06;57604775.35;Transação Individual (recuperação judicial);56.92;60;;True;Comércio (drogaria/perfumaria e demais atividades - Distrito Industrial);Mantém-se as garantias dos débitos eventualmente existentes até a quitação integral do saldo devedor do Acordo de Transação;https://www.gov.br/pgfn/pt-br/assuntos/divida-ativa-da-uniao/transparencia-fiscal-1/painel-dos-parcelamentos/termos-de-transacao/3a-regiao/TermodeTransaoIndividualCatricalaeCiaLTDATarjado.pdf;False
851564f36a5e;EDUARDO JOSE SOARES CARNEIRO;Region 5;2020-09-04;150932.14;Transação Individual (Portaria PGFN nº 9.917/2020);70.0;1;;;Not identified;;https://www.gov.br/pgfn/pt-br/assuntos/divida-ativa-da-uniao/transparencia-fiscal-1/painel-dos-parcelamentos/termos-de-transacao/5a-regiao/TermodeTransaoIndividualEduardoJosSoaresCarneiro.pdf;False
85434556e25f;MUNICÍPIO DE RIBEIRÓPOLIS;Region 5;2023-11-17;;Transação Individual;65.0;60;;;Administração pública municipal;Ficam mantidas todas as garantias eventualmente já associadas aos débitos incluídos nesta transação individual, até a sua plena quitação, inclusive penhoras prévias em execuções fiscais.;https://www.gov.br/pgfn/pt-br/assuntos/divida-ativa-da-uniao/transparencia-fiscal-1/painel-dos-parcelamentos/termos-de-transacao/5a-regiao/copy_of_TermodeTransaoIndividualMunicpiodeRibeirpolisTarjado.pdf;False
8546fc039a2d;Indústrias Artefama S/A em Recuperação Extrajudicial;Region 4;2024-08-28;12737788.05;Transação Individual - Débitos Previdenciários - PJ - Demais RJE - até 60 prestações - redução de até 65%;64.69;60;;False;Indústria moveleira;Imóvel descrito no Anexo II (matrícula tarjada), Manutenção de bloqueios decorrentes de penhoras on-line nos processos relacionados aos créditos negociados;https://www.gov.br/pgfn/pt-br/assuntos/divida-ativa-da-uniao/transparencia-fiscal-1/painel-dos-parcelamentos/termos-de-transacao/4a-regiao/TermodeTransaoIndividualIndstriasArtefamaSATarajado.pdf;False
85f281107060;MINALICE MINERAÇÃO LTDA. e VILA REAL BEBIDAS LTDA.;Region 3;2023-02-20;59105465.12;Transação Individual;36.1;36;;;Mineração e bebidas;;https://www.gov.br/pgfn/pt-br/assuntos/divida-ativa-da-uniao/transparencia-fiscal-1/painel-dos-parcelamentos/termos-de-transacao/3a-regiao/TermodeTransaoIndividualMinaliceMineraoLTDATarjado.pdf;False
86134a49ea51;Grupo Via Sudeste Transportes (Auto Viação Vitória-SP, Empresa São Luiz Viação, Auto Viação Jurema, Viação Bola Branca, Auto Viação Tabu, Empresa Auto Viação Taboão, Viação Castelo Central - Massa Falida);Region 3;2021-07-02;16008125.34;Transação individual;;45;;;Transporte coletivo/rodoviário de passageiros;;https://www.gov.br/pgfn/pt-br/assuntos/divida-ativa-da-uniao/transparencia-fiscal-1/painel-dos-parcelamentos/termos-de-transacao/3a-regiao/termo-de-transacao-individual-grupo-ruas_anexo-2.pdf;False
864647a61da4;CABRAL DISTRIBUIDORA E COMÉRCIO DE MERCADORIAS LTDA;Region 5;2024-07-30;;TRANSAÇÃO INDIVIDUAL;65.0;108;4.0;True;Comércio/distribuição de mercadorias;Lote de terreno próprio para construção n. 08, quadra 19, matrícula 13231, avaliado em R$ 320.000,00, Lote de terreno próprio para construção n. 10, quadra 19, matrícula 13232, avaliado em R$ 440.000,00;https://www.gov.br/pgfn/pt-br/assuntos/divida-ativa-da-uniao/transparencia-fiscal-1/painel-dos-parcelamentos/termos-de-transacao/5a-regiao/TermodeTransaoIndividualCabralDistribuidoraeComrciodeMercadoriasLTDATarjado.pdf;False
87650064b150;ALTACOPPO INDÚSTRIA E COMÉRCIO DE PRODUTOS DESCARTÁVEIS LTDA. e A.T.P. INDÚSTRIA E COMÉRCIO DE PLÁSTICO LTDA. (grupo econômico Shalev/Djmal);Region 3;2023-03-30;;Transação Individual;61.0;120;;;Indústria de embalagens/produtos descartáveis e plásticos;Recursos financeiros indisponibilizados na Medida Cautelar Fiscal nº 5016827-88.2022.4.03.6182, depositados na conta única do Tesouro Nacional, Direitos creditórios no montante de R$ 4.720.000,00 referentes às parcelas vincendas do Instrumento de Venda e Compra do imóvel localizado na Rua Veiga Filho, 70, São Paulo-SP, Hipoteca de segundo grau sobre imóvel na Rua dos Tucanos, nº 235, Carapicuíba/SP (matrícula tarjada), Bens imóveis conforme Anexo III (apartamentos, terreno e outros imóveis), Veículos automotores conforme Anexo IV, Quotas societárias em participações de empreendimentos imobiliários, marcas e patentes, quotas societárias em sociedades empresárias e maquinário industrial conforme Anexo V, Veículos alienados: BMW/X3 XDRIVE35I, I/LR EVOQUE DYNAMIC 5D, PORSCHE TAYCAN 4S;https://www.gov.br/pgfn/pt-br/assuntos/divida-ativa-da-uniao/transparencia-fiscal-1/painel-dos-parcelamentos/termos-de-transacao/3a-regiao/TermodeTransaoIndividualAltacorpoIndstriaeComrciodeprodutosdescartveisLTDA.pdf;False
876c7cefbbf7;NIGRO ALUMÍNIO LTDA;Region 3;2023-02-16;;Transação Individual;;108;5.0;;Not identified;Imóvel objeto das matrículas nº 1.394, 5.650, 153.412, 33.339, 15.976, 132.236 e 153.413 do 1º Registro de Imóveis de Araraquara-SP, avaliado em R$ 25.116.243,00, Manutenção automática dos gravames decorrentes de arrolamento de bens, medida cautelar fiscal e garantias prestadas administrativamente ou em execuções fiscais/ações judiciais;https://www.gov.br/pgfn/pt-br/assuntos/divida-ativa-da-uniao/transparencia-fiscal-1/painel-dos-parcelamentos/termos-de-transacao/3a-regiao/TermodeTransaoIndividualNigroAlumnioLTDA.pdf;False
877ce7693c4d;GRUPO COMFRIO (COMFRIO TRANSPORTES LTDA, AGRO IMPROVEMENT PARTICIPAÇÕES S.A., COMFRIO SOLUCOES LOGISTICAS S/A, STOCK TECH S.A. ARMAZENS GERAIS, BESTWAY AGRO LOGISTICA LTDA);Region 3;2024-08-19;;Transação Individual (DEMAIS DÉBITOS e PREV);50.12;24;;;Logística/Armazenagem e Agronegócio;;https://www.gov.br/pgfn/pt-br/assuntos/divida-ativa-da-uniao/transparencia-fiscal-1/painel-dos-parcelamentos/termos-de-transacao/3a-regiao/TermodeTransaoIndividualComfrioTransportesLTDAtarjado.pdf;False
8784c03be0c9;MB ADMINISTRAÇÃO DE BENS LTDA.;Region 4;2023-07-07;;Transação Individual;65.0;1;;;Administração de bens;;https://www.gov.br/pgfn/pt-br/assuntos/divida-ativa-da-uniao/transparencia-fiscal-1/painel-dos-parcelamentos/termos-de-transacao/4a-regiao/TermodeTransacaoIndividualMBAdministracaodeBensLTDA.pdf;False
87bd0d493a09;URBAN SERVICOS E TRANSPORTES LTDA. (CNPJ 12.964.775/0001-66);Region 4;2022-10-26;;Transação Individual Tributária - Plano de Pagamento Parcelado;0.0;120;;;Transporte;Bens/direitos constantes do Termo de Arrolamento identificado no Anexo III, no valor total de R$ 7.167.542,00, Veículos com arrolamento administrativo averbado em seus prontuários (restrições), Quotas societárias que o devedor possui junto à empresa CONTROLSET Controladoria de Serviços e Transportes LTDA, com arrolamento administrativo averbado junto à JUCIS/RS;https://www.gov.br/pgfn/pt-br/assuntos/divida-ativa-da-uniao/transparencia-fiscal-1/painel-dos-parcelamentos/termos-de-transacao/4a-regiao/TermodeTransacaoIndividualUrbanServicoseTransportesLTDA.pdf;False
8873ae8c1e8a;Farmácia Roval de Manipulações Ltda.;Region 5;2025-05-19;;Transação Individual;;1;;;Farmácia/Manipulação (comércio varejista de produtos farmacêuticos);Manutenção automática dos gravames decorrentes de arrolamento de bens, medida cautelar fiscal, penhoras ou garantias prestadas administrativamente, Garantias vinculadas à utilização de créditos de PF/BCN mantidas até confirmação dos créditos e integral quitação da Transação;https://www.gov.br/pgfn/pt-br/assuntos/divida-ativa-da-uniao/transparencia-fiscal-1/painel-dos-parcelamentos/termos-de-transacao/5a-regiao/TermodeTransaoIndividualFarmciaRovaldeManipulaesLTDA.pdf;False
88a13118fcf5;CREDIMOVEIS NOVOLAR LTDA EM RECUPERAÇÃO JUDICIAL;Region 5;2024-09-11;30400481.74;TRANSAÇÃO INDIVIDUAL;65.0;1;;True;Not identified;;https://www.gov.br/pgfn/pt-br/assuntos/divida-ativa-da-uniao/transparencia-fiscal-1/painel-dos-parcelamentos/termos-de-transacao/5a-regiao/TermodeTransaoIndividualCredimoveisNovolarLTDATarjado.pdf;False
88c0a3588e08;BIMETAL INDÚSTRIA METALÚRGICA LTDA, MAVI ENGENHARIA E CONSTRUÇÕES LTDA, BIPAR INVESTIMENTOS E PARTICIPAÇÕES S/A e BIPAR ENERGIA TELECOMUNICACAO E INDUSTRIA METALURGICA S.A (Grupo Bipar);Region 1;Not identified;142760365.78;Transação Individual;65.0;120;;;Metalurgia/Industrial (com intervenientes em mineração);IMÓVEL - Matrícula 97.046, 2º CRI de Cuiabá/MT, avaliado em R$ 42.066.818,38, proprietário BIMETAL INDÚSTRIA METALÚRGICA LTDA, IMÓVEL - Matrícula 55.297, 2º CRI de Cuiabá/MT, avaliado em R$ 91.811.221,60, proprietário BIPAR INVESTIMENTOS E PARTICIPAÇÕES S/A, Penhora de imóveis para garantia da Dívida Ativa do FGTS (Cláusula 12 e §5º da Cláusula 4ª);https://www.gov.br/pgfn/pt-br/assuntos/divida-ativa-da-uniao/transparencia-fiscal-1/painel-dos-parcelamentos/termos-de-transacao/1a-regiao/TermodeTransaoIndividualBimetalIndstriaMetalrgicaLTDAtarjado.pdf;False
88ce0b4700d2;HOSPITAL ALFA S/A - EM RECUPERAÇÃO JUDICIAL (grupo econômico incluindo GAMA SAÚDE S/A, GARDEN ATLANTICUS EMPRE. IMOB. LTDA, RSP AGRÍCOLA LTDA, CAPITÃO RIBELINHO EMPREENDIMENTOS IMOBILIARIOS LTDA);Region 5;Not identified;32414454.93;Transação Individual (Termo Aditivo);66.84;18;;True;Saúde/Hospitalar;Imóveis, Móveis, Intangíveis (marcas patentes etc), Contratos e recebíveis, Seguro ou fiança, Fidejussória, Mantém eventuais garantias existentes;https://www.gov.br/pgfn/pt-br/assuntos/divida-ativa-da-uniao/transparencia-fiscal-1/painel-dos-parcelamentos/termos-de-transacao/5a-regiao/SumrioHospitalAlfaSAGardenAtlanticusEmpre.Imob.LTDASemDbitosRspAgrcolaLTDASemDbitosGamaSadeSAAntigoHospitalDaBahiaSACapitoRibelinhoEmpreendimento.pdf;False
8913ff24d50a;PCG – ENGENHARIA DE SISTEMAS LTDA;Region 5;2023-10-20;;Transação Individual;49.0;120;;;Engenharia/Tecnologia de Sistemas;Ficam mantidas todas as garantias eventualmente já associadas aos débitos incluídos nesta transação individual, até a sua plena quitação, inclusive penhoras prévias em execuções fiscais.;https://www.gov.br/pgfn/pt-br/assuntos/divida-ativa-da-uniao/transparencia-fiscal-1/painel-dos-parcelamentos/termos-de-transacao/5a-regiao/TermodeTransaoIndividualPCGEngenhariadeSistemasLTDAtarjado.pdf;False
89c26b7402e7;EXPRESS TRANSPORTES URBANOS LTDA;Region 3;2021-06-09;;Transação Individual (nos termos das condições da Transação Excepcional art. 9º, II, a, da Portaria PGFN 14.402/2020, aplicada via art. 37-B da Portaria PGFN 9.917/2020);50.0;36;0.334;;Transporte urbano;;https://www.gov.br/pgfn/pt-br/assuntos/divida-ativa-da-uniao/transparencia-fiscal-1/painel-dos-parcelamentos/termos-de-transacao/3a-regiao/termo-de-transacao-individual-express-viacao-x.pdf;False
89d76e295648;Lenita Comércio, Importação, Exportação de Confecções Ltda.;Region 3;2025-01-23;;Transação Individual (Aditivo - Plano de Regularização Fiscal);;119;;;Comércio/Importação/Exportação de Confecções;;https://www.gov.br/pgfn/pt-br/assuntos/divida-ativa-da-uniao/transparencia-fiscal-1/painel-dos-parcelamentos/termos-de-transacao/3a-regiao/TermodeTransaoIndividualLenitaComrcioImportaoExportaodeConfecesLTDASegundoTermoAditivoTarjado.pdf;False
8a3910179c5c;GLOBOAVES SÃO PAULO AGROAVÍCOLA LTDA, KAEFER AGRO INDUSTRIAL LTDA e GLOBOAVES BIOTECNOLOGIA AVÍCOLA S/A (em Recuperação Judicial);Region 4;2022-02-10;68987591.02;Transação Individual;;117;;True;agronegócio (avicultura);Imóvel de matrícula 36.066 do 3º CRI de Cascavel, Paraná, Imóvel de matrícula 10.242 do 3º CRI de Cascavel, Paraná;https://www.gov.br/pgfn/pt-br/assuntos/divida-ativa-da-uniao/transparencia-fiscal-1/painel-dos-parcelamentos/termos-de-transacao/4a-regiao/termo-goboaves-sao-paulo-agroavicola-ltda.pdf;False
8a4e692a1b2e;MOINHO DE TRIGO CORINA LTDA EM RECUPERACAO JUDICIAL;Region 3;2024-06-18;;Transação Individual;65.0;52;;True;Alimentício (moagem de trigo);;https://www.gov.br/pgfn/pt-br/assuntos/divida-ativa-da-uniao/transparencia-fiscal-1/painel-dos-parcelamentos/termos-de-transacao/3a-regiao/TermodeTransaoIndividualMoinhodeTrigoCorinaLTDA_comtarja.pdf;False
8aaa6ada6c9a;AZUL LINHAS AEREAS BRASILEIRAS S.A.;Region 3;Not identified;;Em parcelamento;;;;;Aviação/Transporte aéreo;;https://www.gov.br/pgfn/pt-br/assuntos/divida-ativa-da-uniao/transparencia-fiscal-1/painel-dos-parcelamentos/termos-de-transacao/3a-regiao/ANEXOIII.pdf;False
8aaea6408881;VINATEX DISTRIBUIDORA DE TECIDOS LTDA;Region 3;2023-12-11;26591388.07;Transação Individual;65.0;24;;;Comércio/Distribuição de tecidos;;https://www.gov.br/pgfn/pt-br/assuntos/divida-ativa-da-uniao/transparencia-fiscal-1/painel-dos-parcelamentos/termos-de-transacao/3a-regiao/TERMOASSINADOVINATEXCOMTARJA.pdf;False
8ae508a7b823;NATAL HOSPITAL CENTER S.A.;Region 5;2024-09-13;139659224.08;Transação Individual (Revisão);65.0;80;;;Saúde/Hospitalar;Crédito estadual oriundo do Processo nº 0813842-92.2015.8.20.5001 (5ª Vara da Fazenda Pública da Comarca de Natal), estimado em R$ 22.503.007,30, Depósito judicial da Execução Fiscal nº 0804801-61.2023.4.05.8400 (6ª Vara Federal/RN), Bens penhorados descritos no termo (alienação via sistema COMPREI em caso de rescisão);https://www.gov.br/pgfn/pt-br/assuntos/divida-ativa-da-uniao/transparencia-fiscal-1/painel-dos-parcelamentos/termos-de-transacao/5a-regiao/TermodeTransaoIndividualNatalHospitalCenterSATarjado.pdf;False
8aed402b9a7b;3P KIT INTELIGENTE DO NORDESTE LTDA;Region 5;2025-03-14;;Transação Individual;;96;;;Not identified;Bens já penhorados ou descritos no termo, sujeitos a alienação via sistema COMPREI em caso de inadimplência;https://www.gov.br/pgfn/pt-br/assuntos/divida-ativa-da-uniao/transparencia-fiscal-1/painel-dos-parcelamentos/termos-de-transacao/5a-regiao/TermodeTransaoIndividual3PKitInteligentedoNordesteLTDATarjado.pdf;False
8b5e36b09d3b;SCH MONTAGEM DE MÁQUINAS LTDA (Grupo Econômico Schlichting/Secamaq);Region 4;2024-01-19;69173933.0;Transação Individual;;120;;;Metalurgia/Máquinas e Equipamentos;Bens imóveis pertencentes a empresas do Grupo (SCH Máquinas, Adamas, Schlichting Empreendimentos, Rubens Participações), valor final de garantia R$ 27.056.472,36;https://www.gov.br/pgfn/pt-br/assuntos/divida-ativa-da-uniao/transparencia-fiscal-1/painel-dos-parcelamentos/termos-de-transacao/4a-regiao/TermodeTransaoIndividualSecamaqCaldeirasLTDATarjado.pdf;False
8b7cd55c7e7c;VETORIAL SIDERURGIA LTDA;Region 3;2021-09-14;193526870.45;Transação Individual;;84;8.0;;Siderurgia/Metalurgia;Hipoteca do imóvel de matrícula 7.198 - Ficha 01 do Cartório de Registro de Imóveis da Comarca de Ribas do Rio Pardo e Cadastro Ambiental Rural - CAR n.o MS-5007109-07C66313E9B345208BFD7F3909C14ADD, avaliados em R$95.800.000,00;https://www.gov.br/pgfn/pt-br/assuntos/divida-ativa-da-uniao/transparencia-fiscal-1/painel-dos-parcelamentos/termos-de-transacao/3a-regiao/TermodeTransacaoIndividualVetorialSiderurgica.pdf;False
8b9d2cad798f;TUX COMERCIO DE ROUPAS LTDA;Region 3;Not identified;10959755.78;Transação individual;48.03;48;0.0;False;Comércio de roupas;;https://www.gov.br/pgfn/pt-br/assuntos/divida-ativa-da-uniao/transparencia-fiscal-1/painel-dos-parcelamentos/termos-de-transacao/3a-regiao/SumrioTUXComrciodeRoupasLTDA.pdf;False
8ba7467e36ae;EXIMPORT INDUSTRIA E COMERCIO LTDA;Region 3;2024-03-22;;Transação Individual (modalidades DEMAIS e PREV);65.0;60;;;Comércio/Importação e Exportação;Manutenção automática dos gravames decorrentes de arrolamento de bens, medida cautelar fiscal e garantias prestadas administrativamente ou em execuções fiscais, Fiança pessoal do sócio Haroldo Cortopassi (Anexo II - Termo de Garantia Fidejussória) no valor de R$ 4.485.946,16;https://www.gov.br/pgfn/pt-br/assuntos/divida-ativa-da-uniao/transparencia-fiscal-1/painel-dos-parcelamentos/termos-de-transacao/3a-regiao/TermodeTransaoIndividualEximportIndstriaeComrcioLTDAtarjado.pdf;False
8bc2b70c2c36;AGROPECUARIA VITAMAIS LTDA EM RECUPERACAO JUDICIAL e ECOFERTIL AGROPECUARIA LTDA EM RECUPERACAO JUDICIAL;Region 5;2025-05-30;;Transação Individual - Empresas em processo de recuperação judicial;;1;;True;Agronegócio;;https://www.gov.br/pgfn/pt-br/assuntos/divida-ativa-da-uniao/transparencia-fiscal-1/painel-dos-parcelamentos/termos-de-transacao/5a-regiao/TermodeTransaoIndividualAgropecuriaVitamaisLTDAeEcofertilAgropecuriaLTDA.pdf;False
8bcaac0c2314;"COMPANHIA ACUCAREIRA CENTRAL SUMAUMA; PENEDO AGRO INDUSTRIAL S/A; COMPANHIA ACUCAREIRA USINA CAPRICHO; IBERIA INDUSTRIAL E COMERCIAL LTDA (todas em recuperação judicial, exceto Iberia)";Region 5;2024-08-27;;Transação Individual - Primeiro Termo Aditivo (inclusão de novos débitos previdenciários e não previdenciários);;;;True;Agronegócio/sucroalcooleiro;;https://www.gov.br/pgfn/pt-br/assuntos/divida-ativa-da-uniao/transparencia-fiscal-1/painel-dos-parcelamentos/termos-de-transacao/5a-regiao/1aditivoCompanhiaAucareiraCentralSumamaTarjado.pdf;False
8ca50f2d4233;COMPANHIA DE ÁGUAS E ESGOTOS DE RONDÔNIA - CAERD;Region 1;2024-09-20;1515961816.52;Transação individual;65.0;120;;False;Saneamento básico (águas e esgotos);Responsabilidade subsidiária do Estado de Rondônia (GARANTIDOR), Retenção e repasse de valores do Fundo de Participação dos Estados (FPE), Penhora sobre percentual de faturamento (5% da receita bruta da Companhia), Manutenção de gravames decorrentes de arrolamento de bens, medida cautelar fiscal e garantias já prestadas administrativamente ou em execuções fiscais;https://www.gov.br/pgfn/pt-br/assuntos/divida-ativa-da-uniao/transparencia-fiscal-1/painel-dos-parcelamentos/termos-de-transacao/1a-regiao/TermodeTransaoIndividualCompanhiadeguaseEsgotosdeRondniaCAERDTarjado.pdf;False
8cee2d78f083;SOROSISTEM MATERIAIS COMPOSTOS S.A EM RECUPERACAO JUDICIAL;Region 3;2022-06-23;;Transação individual (em recuperação judicial);53.59;60;;True;Materiais compostos/industrial;Manutenção automática dos gravames decorrentes de arrolamento de bens, medida cautelar fiscal e garantias já prestadas administrativamente ou em ações de execução fiscal ou qualquer outra ação judicial;https://www.gov.br/pgfn/pt-br/assuntos/divida-ativa-da-uniao/transparencia-fiscal-1/painel-dos-parcelamentos/termos-de-transacao/3a-regiao/TermodeTransaoIndividualSorosistem.pdf;False
8d07d0b6591b;ELLO SERVIÇOS DE MÃO DE OBRA LTDA (e grupo econômico: FORTAL TERCEIRIZAÇÃO DE MÃO DE OBRA LTDA, REAL SERVIÇOS DE LOCAÇÃO DE MÃO DE OBRA LTDA, MISSÃO SERVIÇOS TÉCNICOS LTDA, FORTAL EMPREENDIMENTOS EIRELI);Region 5;2025-05-05;157942898.07;Transação Individual (Plano de Regularização Fiscal - Portaria PGFN nº 6.757/2022);65.0;120;;False;Terceirização de mão de obra / prestação de serviços;Bens imóveis (39 matrículas relacionadas na Cláusula 4ª, de propriedade de FORTAL EMPREENDIMENTOS, ELLO SERVIÇOS, REAL SERVIÇOS, FORTAL TERCEIRIZAÇÃO, MARÍLIA e DIÓGENES, e JESSIKA MARQUES MOURA), Créditos (pagamentos vincendos) decorrentes de contratos de prestação de serviços com órgãos da administração pública estadual e municipal do Ceará (ANEXO III), Fiança bancária/seguro-garantia no valor de R$ 12.000.000,00, a ser ofertada no prazo de 30 dias (Cláusula 9ª), Corresponsabilidade solidária de todas as empresas do grupo econômico e da sócia-administradora Marília Lopes Cruz Rolim (art. 135 CTN);https://www.gov.br/pgfn/pt-br/assuntos/divida-ativa-da-uniao/transparencia-fiscal-1/painel-dos-parcelamentos/termos-de-transacao/5a-regiao/TermodeTransaoIndividualElloServiosdeModeObraLTDATarjado.pdf;False
8d090245bb5f;CTO 1 AGROPECUÁRIA S.A.;Region 1;2024-04-09;14317612.49;Transação individual;65.0;2;0.0;;Agronegócio;Seguro Garantia - Seguradora Berkley International do Brasil Seguros SA, Apólice Seguro Garantia, importância segurada R$ 5.451.597,46, vigência 20/10/2023 a 20/10/2028;https://www.gov.br/pgfn/pt-br/assuntos/divida-ativa-da-uniao/transparencia-fiscal-1/painel-dos-parcelamentos/termos-de-transacao/1a-regiao/TermodeTransaoIndividualCTO1AgropecuriaSA.pdf;False
8dbb19aa3dea;PREFORMASTER INDÚSTRIA COMÉRCIO E SERVIÇOS LTDA. / CG3 TELECOM COMÉRCIO DE MATERIAIS ELÉTRICOS E TELEFÔNICOS LTDA.;Region 3;2024-07-15;20461523.46;Transação Individual - DEMAIS DÉBITOS;18.45;84;;;Not identified;Manutenção automática dos gravames decorrentes de arrolamento de bens, medida cautelar fiscal e garantias já prestadas, Fiança pessoal (Anexo II) prestada pelo sócio Guilherme Henrique Paschoalini da Silva;https://www.gov.br/pgfn/pt-br/assuntos/divida-ativa-da-uniao/transparencia-fiscal-1/painel-dos-parcelamentos/termos-de-transacao/3a-regiao/TermodeTransaoIndividualPreformasterIndstriaComrcioeServiosLTDATarjado.pdf;False
8e13a5b5535e;MARBRASA MARMORES E GRANITOS DO BRASIL S.A;Region 2;2022-05-16;;Transação Individual (1º Aditivo ao Termo de Transação Individual PFN-ES 21237540);;;;;Not identified;;https://www.gov.br/pgfn/pt-br/assuntos/divida-ativa-da-uniao/transparencia-fiscal-1/painel-dos-parcelamentos/termos-de-transacao/2a-regiao/TermodeTransaoIndividualMarbrasaMarmoreseGranitosdoBrasilSATarjado.pdf;False
8e512a3147f8;MATEC ENGENHARIA E CONSTRUÇÕES LTDA;Region 3;2023-10-29;57930500.29;Transação individual;65.0;36;;;Construção civil/engenharia;Mantidas as garantias já existentes até a assinatura deste acordo (não foram exigidas garantias adicionais);https://www.gov.br/pgfn/pt-br/assuntos/divida-ativa-da-uniao/transparencia-fiscal-1/painel-dos-parcelamentos/termos-de-transacao/3a-regiao/TermodeTransaoIndividualMatecEngenhariaeConstruesLTDAInformaesSigilosasSuprimidas.pdf;False
8e6f39e62bf7;"DFC ADMINISTRADORA DE IMÓVEIS LTDA; BONANZA SUPERMERCADOS LTDA; ALIANÇA DISTRIBUIDORA DE GÊNEROS ALIMENTÍCIOS LTDA";Region 5;2024-12-02;34113034.73;Transação Individual (Termo de Aditamento/Revisão);;2;;;Supermercados/Distribuição de gêneros alimentícios e administração de imóveis;Garantias já avençadas no acordo original (mantidas);https://www.gov.br/pgfn/pt-br/assuntos/divida-ativa-da-uniao/transparencia-fiscal-1/painel-dos-parcelamentos/termos-de-transacao/5a-regiao/TermodeTransaoIndividualDFCAdministradoradeImveisLTDATarjado.pdf;False
8e7f9fd456c9;FRIGORIFICO RAJA LTDA;Region 3;2024-03-19;317568993.9;Transação Individual;63.0;48;;;Agronegócio/Frigorífico;Garantia (CDA 80 7 08 015398-24 classificada como 'Garantia');https://www.gov.br/pgfn/pt-br/assuntos/divida-ativa-da-uniao/transparencia-fiscal-1/painel-dos-parcelamentos/termos-de-transacao/3a-regiao/TermodeTransaoIndividualFrigorificoRajaLTDATarjado.pdf;False
8e96e8caaef5;INPLAC - INDÚSTRIA DE PLÁSTICOS S/A;Region 4;2024-07-02;385902951.46;Transação Individual;;;;;Indústria de plásticos;Hipoteca de bens imóveis, Penhor industrial de maquinário, Penhor de ações (Amparo Holding S.A.), Fiança dos sócios-fiadores;https://www.gov.br/pgfn/pt-br/assuntos/divida-ativa-da-uniao/transparencia-fiscal-1/painel-dos-parcelamentos/termos-de-transacao/4a-regiao/TermodeTransaoIndividualINPLACIndstriadePlsticosSATarjado.pdf;False
8eca64ca9bdb;R.P. ATIVIDADES AUXILIARES AO TRANSPORTE AÉREO LTDA;Region 4;2023-03-28;;Transação Individual;;;;;Transporte aéreo/logística;;https://www.gov.br/pgfn/pt-br/assuntos/divida-ativa-da-uniao/transparencia-fiscal-1/painel-dos-parcelamentos/termos-de-transacao/4a-regiao/TermodeTransacaoIndividualRPAtividadesAuxiliaresaoTransporteAereoLTDA.pdf;False
8f6146fe7319;GRUPO CBA DIESEL (COMÉRCIO E SERVIÇOS PARA AUTOS BR LTDA e outras 8 empresas relacionadas);Region 3;2023-06-14;60737746.88;Transação Individual;62.92;80;6.0;;Comércio/atacado de autopeças (agronegócio/automotivo);Faturamento do Grupo CBA Diesel (composto pelas empresas listadas), diante da inexistência de outra garantia suficiente e idônea;https://www.gov.br/pgfn/pt-br/assuntos/divida-ativa-da-uniao/transparencia-fiscal-1/painel-dos-parcelamentos/termos-de-transacao/3a-regiao/TermodeTransaoIndividualCBADieselAtacadistadeAutoPeasLTDATarjado.pdf;False
8f7337d8224f;FIBRA CONSTRUTORA E INCORPORADORA LTDA (EM RECUPERACAO JUDICIAL);Region 5;2025-01-02;5369559.69;Transação Individual - Plano de Regularização Fiscal (débitos previdenciários e não previdenciários), com fundamento nas Portarias PGFN nº 2.382/2020 e 6.757/2022;50.31;120;;True;Construção civil/incorporação imobiliária;Área de terra medindo 1.458 hectares (avaliada em R$ 1.450.000,00), Unidade autônoma nº 011-Restaurante (avaliada em R$ 1.270.000,00);https://www.gov.br/pgfn/pt-br/assuntos/divida-ativa-da-uniao/transparencia-fiscal-1/painel-dos-parcelamentos/termos-de-transacao/5a-regiao/TermodeTransaoIndividualFibraConstrutoraeIncorporadoraLTDATarjado.pdf;False
8f95f60559fc;FLUMINENSE FOOTBALL CLUB;Region 2;2022-10-17;31953198.02;Transação individual;;;;;futebol/entretenimento;Contrato de cessão de direitos de captação, fixação, edição, exibição, em TV Aberta e Internet, dos Sons e Imagens do Campeonato Brasileiro de Clubes da Série A – Temporadas de 2019 a 2024, celebrado com a GLOBO COMUNICAÇÃO E PARTICIPAÇÕES S.A, Penhora nas execuções fiscais;https://www.gov.br/pgfn/pt-br/assuntos/divida-ativa-da-uniao/transparencia-fiscal-1/painel-dos-parcelamentos/termos-de-transacao/2a-regiao/TermodeTransaoIndividualFluminenseFootballClubTarjado.pdf;False
8faa18d693e3;COMPONENT INDÚSTRIA E COMÉRCIO LTDA;Region 3;2021-08-12;;Transação individual de débitos de FGTS;25.0;60;;;Not identified;Garantias já constantes das execuções fiscais (mantidas), podendo ser substituídas por depósito, fiança bancária ou seguro-garantia de igual valor;https://www.gov.br/pgfn/pt-br/assuntos/divida-ativa-da-uniao/transparencia-fiscal-1/painel-dos-parcelamentos/termos-de-transacao/3a-regiao/termo-de-transacao-individual-component.pdf;False
8faa9da89004;LOJAS GUIDO COMÉRCIO LTDA;Region 5;2023-05-17;;Transação Individual;65.0;120;;;Comércio (varejo);;https://www.gov.br/pgfn/pt-br/assuntos/divida-ativa-da-uniao/transparencia-fiscal-1/painel-dos-parcelamentos/termos-de-transacao/5a-regiao/TermodeTransaoIndividualLojasGuidoComrcioLTDAInformaesSigilosasSuprimidas.pdf;False
8fb1725af072;TV Ômega Ltda. (REDETV!) e outras (Promo TV Comercial Ltda., Redetv Interactive Ltda., Teletv Serviços Interativos Ltda., TV Mídia Publicidade Comercial Ltda., Mídia TV Comercial Ltda., IT Interatividade Telefônica Ltda., TVI Comunicação Interativa Ltda., Tecnet Teleinformática Ltda., Tecnet Comércio e Serviços Ltda., Tecplan Teleinformática Ltda., Sandetur Viagens e Turismo Ltda.);Region 3;2022-12-30;;Transação Individual;65.0;120;;;Mídia/Televisão (radiodifusão e publicidade);"Espaços publicitários em mídia televisiva (cotas de patrocínio, ações de merchandising, comerciais avulsos de 30"", 60"" e 90"") na grade de programação da REDETV! nas praças de São Paulo, Rio de Janeiro, Belo Horizonte, Recife e Fortaleza, no valor correspondente à totalidade do débito transacionado";https://www.gov.br/pgfn/pt-br/assuntos/divida-ativa-da-uniao/transparencia-fiscal-1/painel-dos-parcelamentos/termos-de-transacao/3a-regiao/TermodeTransaoIndividualTVmegaLTDAPromoTVComercialLTDARedetvInteractiveLTDATeletvServiosInterativosLTDATVMidiaPublicidadeComercialLTDAMdiaTVComercialLTDAITInteratividadeTelefnica.pdf;False
8fba72213429;SANTA CASA DE CARIDADE DE URUGUAIANA;Region 4;2022-10-06;28876290.09;Transação Individual;;;;;Saúde (hospitalar/filantrópico);Bem imóvel (quadra de terrenos na Comarca de Uruguaiana, nº 317, avaliado em R$ 50.000.000,00) a ser indicado à penhora na Execução Fiscal nº 500294054.2022.404.7105, Cessão fiduciária de crédito de R$ 7.783.295,94 (mais acréscimos legais) decorrente de Precatório do Cumprimento de Sentença nº 50000756-68.2021.4.04.7103;https://www.gov.br/pgfn/pt-br/assuntos/divida-ativa-da-uniao/transparencia-fiscal-1/painel-dos-parcelamentos/termos-de-transacao/4a-regiao/TermodeTransacaoIndividualSantaCasadeCaridadedeUruguaiana.pdf;False
8fc15bdae188;FUNDACAO UNIVERSIDADE DO VALE DO ITAJAI;Region 4;2024-04-29;;Transação individual;36.06;145;;;Educação;Bens constantes no anexo II, com penhoras a serem registradas nas execuções fiscais 50017143420244047205 e 50017151920244047205;https://www.gov.br/pgfn/pt-br/assuntos/divida-ativa-da-uniao/transparencia-fiscal-1/painel-dos-parcelamentos/termos-de-transacao/4a-regiao/TermodeTransaoIndividualFundaoUniversidadeValedoItajatarjado.pdf;False
8fedb4770352;"HNR INDÚSTRIA COMÉRCIO E REPRESENTAÇÕES LTDA; HNR PARTICIPAÇÕES SOCIETÁRIAS LTDA; REFREX CANOAS TECNOLOGIA EM TUBOS CONFORMADOS LTDA; ANTONIO SHIROSHI HOTTA";Region 3;2024-12-05;;Transação Individual;65.0;60;;;Indústria/Comércio;Imóvel matriculado sob o número 1.703 do 1º CRI de Maracanaú-CE, Imóvel matriculado sob o número 23.338 do 4º CRI de São Paulo-SP;https://www.gov.br/pgfn/pt-br/assuntos/divida-ativa-da-uniao/transparencia-fiscal-1/painel-dos-parcelamentos/termos-de-transacao/3a-regiao/TermodeTransaoIndividualHNRIndstriaComrcioeRepresentaesLTDATarjado.pdf;False
8ffbd1540d60;PORTONOVO EMPREENDIMENTOS & CONSTRUÇÕES LTDA. / CONSÓRCIO PORTONOVO CULTURAL;Region 4;2023-10-23;12246389.82;Transação Individual;;120;;True;Construção civil / Empreendimentos culturais;Fração ideal de 40% do imóvel avaliado em R$ 2.460.000,00, penhorado na execução fiscal nº 5001248-03.2021.4.04.7122 (23ª VF de Porto Alegre/RS);https://www.gov.br/pgfn/pt-br/assuntos/divida-ativa-da-uniao/transparencia-fiscal-1/painel-dos-parcelamentos/termos-de-transacao/4a-regiao/TermodeTransaoIndividualPortonovoEmpreendimentoseConstruesLTDATarjado.pdf;False
900087041292;SABINO DE OLIVEIRA COMÉRCIO E NAVEGAÇÃO S/A EM RECUPERAÇÃO JUDICIAL e SANAVE TRANSPORTES RODOVIÁRIOS E LOGÍSTICA LTDA (codevedoras: TRANSTEMY NAVEGAÇÃO E LOGÍSTICA TNL LTDA e CYPRIANO SABINO DE OLIVEIRA);Region 1;2021-11-18;115237236.29;Transação Individual;;120;;True;Transporte e logística/navegação;Imóvel de matrícula nº 1913 do 3º Ofício de Registro Imobiliário de Manaus/AM (hipoteca a ser registrada em 60 dias);https://www.gov.br/pgfn/pt-br/assuntos/divida-ativa-da-uniao/transparencia-fiscal-1/painel-dos-parcelamentos/termos-de-transacao/1a-regiao/termo-de-transacao-individual-sanave-transportes-rodoviarios-e-logisticos.pdf;False
900df3dabda2;Valpasa Indústria da Papel Ltda;Region 4;2021-09-29;157345822.38;Transação Individual;;84;;;Indústria de papel;Bens móveis e imóvel matrícula 3.370, a serem indicados para penhora, Manutenção das garantias associadas aos débitos relacionadas no ANEXO II;https://www.gov.br/pgfn/pt-br/assuntos/divida-ativa-da-uniao/transparencia-fiscal-1/painel-dos-parcelamentos/termos-de-transacao/4a-regiao/termo-de-transacao-individual-valpasa-industria-de-papel-ltda_.pdf;False
90320d18b0b1;MUNICÍPIO DE FELIZ DESERTO;Region 5;2024-07-29;9697725.75;Transação Individual - Plano de Regularização Fiscal;65.0;60;;;Setor público (Administração municipal);;https://www.gov.br/pgfn/pt-br/assuntos/divida-ativa-da-uniao/transparencia-fiscal-1/painel-dos-parcelamentos/termos-de-transacao/5a-regiao/TermodeTransaoIndividualMunicpiodeFelizDesertoTarjado.pdf;False
905b1190563d;KEKO ACESSÓRIOS S.A (KEKO ACESSÓRIOS LTDA) em recuperação judicial;Region 4;2023-08-03;;Transação Individual;;;;True;Not identified;Marca KEKO, avaliada em R$ 80.000.000,00 (oitenta milhões de reais), objeto de penhora nas execuções fiscais promovidas em face do grupo;https://www.gov.br/pgfn/pt-br/assuntos/divida-ativa-da-uniao/transparencia-fiscal-1/painel-dos-parcelamentos/termos-de-transacao/4a-regiao/TermodeTransaoIndividualKekoAcessriosSAemrecuperaojudicialtarjado.pdf;False
90cb24b71316;FONTE CINDAM S/A;Region 1;2024-04-08;31455727.28;Transação Individual;64.99;120;0.0;;Not identified;Bens imóveis avaliados em R$ 7.140.000,00 (hipoteca), Imóvel residencial na Rua Icatu nº 96, Humaitá, Rio de Janeiro – RJ, matrícula nº 0052624, avaliado em R$ 4.025.000,00, Imóvel residencial na Rua Hilário de Gouveia nº 15, apto 1001, Copacabana, Rio de Janeiro – RJ, matrícula nº 21.447, avaliado em R$ 3.115.000,00;https://www.gov.br/pgfn/pt-br/assuntos/divida-ativa-da-uniao/transparencia-fiscal-1/painel-dos-parcelamentos/termos-de-transacao/1a-regiao/TermodeTransaoIndividualFonteCindamSATarjado.pdf;False
90cb941d6139;FRT TECNOLOGIA ELETRONICA LTDA;Region 5;2024-01-04;;Transação Individual;65.0;120;;;Tecnologia/eletrônica;Manutenção de gravames decorrentes de arrolamento de bens, Medida cautelar fiscal, Penhoras existentes nos executivos fiscais em trâmite;https://www.gov.br/pgfn/pt-br/assuntos/divida-ativa-da-uniao/transparencia-fiscal-1/painel-dos-parcelamentos/termos-de-transacao/5a-regiao/TermodeTransaoIndividualFRTTecnologiaEletrnicaLTDATarjado.pdf;False
90d5351e3486;ARM ENERGIA E SERVIÇOS DE ENGENHARIA LTDA – RM ENERGIA;Region 5;2024-03-20;;Transação Individual;;108;6.0;;Energia/Engenharia;Manutenção de gravames de arrolamento de bens, medida cautelar fiscal e garantias prestadas administrativamente (Cláusula 11), Manutenção de penhoras existentes nos executivos fiscais em trâmite (Cláusula 12);https://www.gov.br/pgfn/pt-br/assuntos/divida-ativa-da-uniao/transparencia-fiscal-1/painel-dos-parcelamentos/termos-de-transacao/5a-regiao/TermodeTransaoIndividualARMEnergiaeServiosdeEngenhariaRMEnergiatarjado.pdf;False
90de2f6b84db;FR CONSTRUÇÕES E INCORPORAÇÕES LTDA – EM RECUPERAÇÃO JUDICIAL;Region 5;2024-01-08;;Transação Individual (Termo Aditivo);70.0;36;;True;Construção civil/Incorporação imobiliária;;https://www.gov.br/pgfn/pt-br/assuntos/divida-ativa-da-uniao/transparencia-fiscal-1/painel-dos-parcelamentos/termos-de-transacao/5a-regiao/TermodeTransaoIndividualFRConstrueseIncorporaesLTDATarjado.pdf;False
90f215f63107;ABRIL COMUNICAÇÕES S/A e ABRIL RADIODIFUSÃO LTDA;Region 3;2024-11-22;;Transação Individual;65.0;71;;;Comunicação/Mídia e Radiodifusão;Marcas de propriedade da Requerente Abril Comunicações S/A, com termo de alienação fiduciária registrado perante o INPI (garantias do Termo de Transação originário, extensíveis à presente Transação);https://www.gov.br/pgfn/pt-br/assuntos/divida-ativa-da-uniao/transparencia-fiscal-1/painel-dos-parcelamentos/termos-de-transacao/3a-regiao/TermodeTransaoIndividualAbrilComunicaesSATarjado.pdf;False
9149b9e23c05;Not identified;Region 1;Not identified;;Not identified;;;;;Not identified;;https://www.gov.br/pgfn/pt-br/assuntos/divida-ativa-da-uniao/transparencia-fiscal-1/painel-dos-parcelamentos/termos-de-transacao/1a-regiao/AGESPISAguaseEsgotosdoPiauSAAnexoII.pdf;False
915d3c512b88;VIAÇÃO GRACIOSA LTDA;Region 4;Not identified;11589645.57;Transação Individual;40.15;120;;False;Transporte;Mantém eventuais garantias existentes;https://www.gov.br/pgfn/pt-br/assuntos/divida-ativa-da-uniao/transparencia-fiscal-1/painel-dos-parcelamentos/termos-de-transacao/4a-regiao/SumrioTecnotokIndstriadeMquinasLTDA.pdf;False
91691e897c78;GRANOLA PRODUÇÕES LTDA e outros (grupo econômico Washington Bell Marques da Silva);Region 1;2023-01-12;;Transação individual (aditivo);;;;;Produção artística/eventos e entretenimento;Imóveis (matrículas retificadas conforme Cláusula 2ª, itens 2.1 e 2.2, exigência cartorária referente à Cláusula 24 do Termo original);https://www.gov.br/pgfn/pt-br/assuntos/divida-ativa-da-uniao/transparencia-fiscal-1/painel-dos-parcelamentos/termos-de-transacao/1a-regiao/TermoAditivoGranolaInformaesSigilosasSuprimidas.pdf;False
91cde48df32e;BONOR INDUSTRIA DE BOTÕES DO NORDESTE S/A – EM RECUPERAÇÃO JUDICIAL e BONOR INDUSTRIAL S/A – EM RECUPERAÇÃO JUDICIAL;Region 5;2024-04-24;48327746.11;Transação Individual (Plano de Regularização Fiscal, Portaria PGFN nº 6.757/2022, com aplicação da Portaria PGFN nº 2.382/2020 por recuperação judicial);65.0;120;;True;Industrial (fabricação de botões/têxtil-vestuário);Bens já penhorados ou porventura descritos no termo como garantia, Precatórios federais (PRC 248.749-RN e PRC 248.750-RN) utilizados para dedução do plano de pagamento;https://www.gov.br/pgfn/pt-br/assuntos/divida-ativa-da-uniao/transparencia-fiscal-1/painel-dos-parcelamentos/termos-de-transacao/5a-regiao/TermodeTransaoIndividualBonorIndstriadeBotesdoNordesteSAemrecuperaojudicialtarjado.pdf;False
91d537c48498;MAFRIAL MATADOURO E FRIGORÍFICO LTDA;Region 1;2021-09-10;29230999.16;Transação Individual Excepcional;50.0;84;;;Frigorífico/agroindústria (abate e processamento de carnes);Bens imóveis relacionados no ANEXO III (matrículas anexas);https://www.gov.br/pgfn/pt-br/assuntos/divida-ativa-da-uniao/transparencia-fiscal-1/painel-dos-parcelamentos/termos-de-transacao/1a-regiao/termo-de-transacao-individual-mafrial-parte-i.pdf;False
91f21e0137ca;ROYAL FIC DISTRIBUIDORA DE DERIVADOS DE PETROLEO S.A;Region 3;2020-07-14;149202089.83;Transação Individual;40.84;84;;;Distribuição de derivados de petróleo;Imóveis e equipamentos da base operacional da empresa, localizados em Betim/MG, Paulínia/SP e Cuiabá/MT, com laudo de avaliação de janeiro de 2019, Apólice de seguro-garantia nº 05720201902110775000358000000, seguradora Sompo Seguros S.A, vigência de 28/05/2019 a 28/05/2024, no montante de R$ 18.926.039,61, Apólice de seguro-garantia nº 05720201902110775000357900000, seguradora Sompo Seguros S.A, vigência de 28/05/2019 a 28/05/2024, no montante de R$ 15.960.591,68, Apólice de seguro-garantia nº 0466920191001077500091116, seguradora Fairfax Brasil Seguros Corporativos S.A, vigência de 18/01/2019 a 18/01/2021, no montante de R$ 9.302.904,77;https://www.gov.br/pgfn/pt-br/assuntos/divida-ativa-da-uniao/transparencia-fiscal-1/painel-dos-parcelamentos/termos-de-transacao/3a-regiao/termo-de-transacao-individual-royal-fic-distribuidora.pdf;False
924d4ae89c00;MONTARTE INDUSTRIAL E LOCADORA LTDA, MONTARTE LOCADORA LTDA, MONTARTE RENTAL LTDA e MONTARTE LOCAÇÕES LTDA (Grupo Montarte);Region 3;2023-08-14;41465481.93;Transação Individual;70.0;120;;True;Locação de veículos/equipamentos (Locadora);;https://www.gov.br/pgfn/pt-br/assuntos/divida-ativa-da-uniao/transparencia-fiscal-1/painel-dos-parcelamentos/termos-de-transacao/3a-regiao/TermodeTransaoIndividualMontarteIndustrialeLocadoraLTDAMontarteLocadoraLTDAMontarteRentalLTDA.pdf;False
92555d65bdc4;AELBRA EDUCAÇÃO SUPERIOR - GRADUAÇÃO E PÓS GRADUAÇÃO S.A.;Region 4;2024-05-17;6159973971.33;Transação individual - plano de pagamento parcelado do débito fiscal - empresa em recuperação judicial;;145;;True;Educação;Manutenção das penhoras já existentes nas Execuções Fiscais, Hipoteca de imóvel (endereço tarjado), Hipoteca futura sobre demais imóveis da devedora (procedimento em etapas), Carta de Fiança nº 1905692, emitida por Banco Voiter S/A, em 05/07/2024, no valor de R$ 125.060.946,68;https://www.gov.br/pgfn/pt-br/assuntos/divida-ativa-da-uniao/transparencia-fiscal-1/painel-dos-parcelamentos/termos-de-transacao/4a-regiao/TermodeTransaoIndividualAlebraEducaoSuperiorGraduaoePsGraduaoSAemrecuperaojudicialPGFN.pdf;False
93216a797e2d;IGUAÇU CELULOSE PAPEL S/A;Region 4;2022-03-10;;Transação Individual;30.72;84;;;Celulose e papel;Hipoteca sobre a totalidade dos imóveis descritos no ANEXO III, Apólices de seguro garantia ofertadas em executivos fiscais (FGTS), Garantidoras: IMARIBO S/A, IMARIBO FLORESTAL LTDA. e IGUAÇU EMBALAGENS INDUSTRIAIS LTDA (corresponsabilidade solidária);https://www.gov.br/pgfn/pt-br/assuntos/divida-ativa-da-uniao/transparencia-fiscal-1/painel-dos-parcelamentos/termos-de-transacao/4a-regiao/termo-de-transacao-individual-iguacu.pdf;False
93831e24c4f8;LC INDUSTRIA E COMERCIO DE CONFECCOES EIRELI;Region 5;2023-04-19;;Transação Individual;50.0;145;;;Confecções/Indústria têxtil;Imóvel rural-praiano, Matrícula nº 1131, Cartório Moreira de Castro, área 192.300 m², Comarca de Camocim-CE, avaliado em R$ 4.403.670,00, Manutenção de garantias e penhoras prévias já associadas aos débitos (execuções fiscais nº 00002069620164058109, 08026872120194058100 e 08023690920174058100);https://www.gov.br/pgfn/pt-br/assuntos/divida-ativa-da-uniao/transparencia-fiscal-1/painel-dos-parcelamentos/termos-de-transacao/5a-regiao/TermodeTransaoIndividualLCIndustriaeComerciodeConfeccoesLTDA.pdf;False
938c4948f4e7;RODOPA INDUSTRIA E COMERCIO DE ALIMENTOS LTDA e FORTE EMPREENDIMENTOS E PARTICIPACOES LTDA;Region 3;2025-05-13;168728385.39;Transação Individual;59.29;6;;;Alimentos;;https://www.gov.br/pgfn/pt-br/assuntos/divida-ativa-da-uniao/transparencia-fiscal-1/painel-dos-parcelamentos/termos-de-transacao/3a-regiao/TermodeTransaoIndividualRodopaIndustriaeComrciodeAlimentosLTDAForteEmpreendimentoseParticipaesLTDA.pdf;False
9394fb8d8e81;PROPARK ESTACIONAMENTOS LTDA.;Region 5;2022-12-15;;Transação Individual;;120;;;Estacionamentos;Manutenção dos gravames decorrentes de arrolamento de bens, medida cautelar fiscal e garantias já prestadas administrativamente ou em execuções fiscais, Valor bloqueado na Execução Fiscal (parcialmente mantido - 50% alocado à conta PREV);https://www.gov.br/pgfn/pt-br/assuntos/divida-ativa-da-uniao/transparencia-fiscal-1/painel-dos-parcelamentos/termos-de-transacao/5a-regiao/TermodeTransaoIndividualProparkEstacionamentosLTDAInformaesSigilosasSuprimidas.pdf;False
94165949a115;INDÚSTRIAS MANGOTEX LTDA;Region 4;2024-11-18;55692973.7;Transação Individual;51.34;36;;;Indústria têxtil/borracha (manufatura);Bens móveis descritos no Anexo III (máquinas e equipamentos), Manutenção de gravames decorrentes de arrolamento de bens, medida cautelar fiscal e garantias prestadas administrativamente ou em ações judiciais;https://www.gov.br/pgfn/pt-br/assuntos/divida-ativa-da-uniao/transparencia-fiscal-1/painel-dos-parcelamentos/termos-de-transacao/4a-regiao/TermodeTransaoIndividualIndstriaMangotexLTDATarajado.pdf;False
942d5a0321bc;RAIZ EDUCAÇÃO S.A. e outras (grupo econômico RAIZ EDUCAÇÃO / COLÉGIOS LEONARDO DA VINCI);Region 2;2024-01-15;325503986.79;Transação Individual;70.0;145;;;Educação;Penhora de imóveis (com ou sem penhora prévia em favor da Fazenda Nacional), listados em tabela na cláusula 3.1.3, 20% de recebíveis oriundos de vendas a crédito e/ou débito de todas as empresas do grupo, vinculadas ao contrato de prestação de serviço com a REDECARD, limitados a 5% da receita bruta mensal dos DEVEDORES;https://www.gov.br/pgfn/pt-br/assuntos/divida-ativa-da-uniao/transparencia-fiscal-1/painel-dos-parcelamentos/termos-de-transacao/2a-regiao/TermodeTransaoIndividualRaizEducaoSATarjado.pdf;False
94327fccd770;SINDICATO DOS EMPREGADOS EM ESTABELECIMENTOS DE SERVIÇOS DE SAÚDE DE BRASÍLIA – SINDSAÚDE-DF;Region 1;2023-04-14;20511739.61;Transação Individual;65.0;120;;;Sindicato/Entidade de classe (saúde);;https://www.gov.br/pgfn/pt-br/assuntos/divida-ativa-da-uniao/transparencia-fiscal-1/painel-dos-parcelamentos/termos-de-transacao/1a-regiao/TermodeTransaoIndividualSindicatodosEmpregadosemEstabelecimentosdeServiosdeSadedeBrasliaSindisadeDFtarjado.pdf;False
9436b48ca5fa;LIBRA LIGAS DO BRASIL S/A e outras (grupo CARBOMIL/ITAMIL) - Not identified (representante legal com dados tarjados);Region 5;2024-12-26;;Transação Individual (Primeiro Termo Aditivo);;;;;Mineração/Química/Agropecuária/Transporte;;https://www.gov.br/pgfn/pt-br/assuntos/divida-ativa-da-uniao/transparencia-fiscal-1/painel-dos-parcelamentos/termos-de-transacao/5a-regiao/PrimeiroTermoAditivoLibraLigasdoBrasilSA.pdf;False
94fdd69912b4;Cocelpa Companhia de Celulose e Papel do Paraná e outras empresas do grupo (Conpel Cia Nordestina de Papel, Arpeco S/A Artefatos de Papéis, Compet Agro Florestal S/A, Antonio de Pauli S/A, Empreendimentos Florestais Paraná Ltda., E.K.N Embalagens Kraft do Nordeste Ltda., Ecoverdi Participações S.A., Transpel Transportadora de Papel Ltda - ME, Fontes Participações e Administração Ltda., JCL Empreendimentos Imobiliários Ltda., R.D.K. Administração e Participações Ltda.);Region 4;2023-09-01;1054562434.38;Transação Individual - Plano de Pagamento Parcelado do Débito Fiscal - Empresa em Recuperação Judicial;62.36;60;;True;Papel e celulose / agronegócio florestal;Imóveis atualmente penhorados nas Execuções Fiscais, Hipoteca sobre imóveis da ANTONIO DE PAULI S/A (Matrículas 6.502 e 6.503, CRI Ipiranga/PR), Hipoteca sobre imóvel da ARPECO SA ARTEFATOS DE PAPEIS (Matrícula 754, CRI São José dos Pinhais), Hipoteca sobre imóveis da EMPREENDIMENTOS FLORESTAIS PARANA LIMITADA (várias matrículas em Tibagi, Lapa, São Mateus do Sul e Jaguariaíva/PR), Hipoteca sobre imóveis da COCELPA (Matrículas 1.845 a 1.848 e 9.252 a 9.254, CRI Araucária/PR), Hipoteca sobre imóveis da FONTES PARTICIPACOES E ADMINISTRACAO LTDA (várias matrículas em Lapa, Ipiranga, Piraquara, São José dos Pinhais e Curitiba/PR), Hipoteca sobre imóveis da RDK ADMINISTRACAO E PARTICIPACOES LTDA (matrícula 39.553 e fração ideal de 10% de diversas matrículas do 2º CRI de Curitiba), Hipoteca sobre imóveis da TRANSPEL TRANSPORTADORA DE PAPEL LTDA - ME (várias matrículas em Lapa, Sengés, Araucária e Bocaiúva do Sul/PR), Créditos líquidos e certos da CONPEL (precatórios nºs 2019.82.00.002.000099, 000100 e 000101) penhorados pela União;https://www.gov.br/pgfn/pt-br/assuntos/divida-ativa-da-uniao/transparencia-fiscal-1/painel-dos-parcelamentos/termos-de-transacao/4a-regiao/TermodeTransaoIndividualCocelpaCompanhiadeCeluloseePapeldoParanTarjado.pdf;False
950498d5a503;TNS TRANSPORTES & LOGISTICA LTDA;Region 5;2023-07-14;;Transação individual (termo aditivo);65.0;115;;;Transporte e logística;;https://www.gov.br/pgfn/pt-br/assuntos/divida-ativa-da-uniao/transparencia-fiscal-1/painel-dos-parcelamentos/termos-de-transacao/5a-regiao/TermodeTransaoIndividualAditivo1TNSTransportesLogsticaLTDA.pdf;False
9504feb16831;FIVE STARS DE MACAÉ SERVIÇOS DE PETRÓLEO EIRELI, FAXE DRILLING SERVIÇOS DE PETRÓLEO EIRELI, FIVE STAR INDUSTRIAL COMÉRCIO E SERVIÇOS OFFSHORE LTDA, FIVE STAR OFFSHORE SERVIÇOS E LOCAÇÕES LTDA, AETI ALLIANCE GROUP BRAZIL SISTEMAS E ENERGIA LTDA (todas em Recuperação Judicial);Region 2;2024-12-05;4183739.09;Transação individual;;;;True;Petróleo e serviços offshore;Imóvel matrícula 19.482 (Cartório do 2º Ofício de Macaé), Imóvel matrícula 32.201 (Cartório do 2º Ofício de Macaé), Penhora judicial dos imóveis descritos na cláusula 3.1;https://www.gov.br/pgfn/pt-br/assuntos/divida-ativa-da-uniao/transparencia-fiscal-1/painel-dos-parcelamentos/termos-de-transacao/2a-regiao/TermodeTransaoIndividualFIveStarsFGTS.pdf;False
952c40cd63be;D ALBIERI E CIA LTDA;Region 1;2023-07-25;105016355.77;Transação Individual;26.58;120;;;Transporte rodoviário de carga (agronegócio);Contrato de Prestação de Serviço de Transporte Rodoviário de Carga firmado com Cargill Agrícola S.A. (CNPJ 60.498.706/0001-57), ofertado à penhora nas execuções fiscais listadas na Cláusula 7ª;https://www.gov.br/pgfn/pt-br/assuntos/divida-ativa-da-uniao/transparencia-fiscal-1/painel-dos-parcelamentos/termos-de-transacao/1a-regiao/TermodeTransaoIndividualDAlbierieCiaLTDAtarjado.pdf;False
9578aabcdb16;BGC FRIGORIFICOS LTDA - EM RECUPERACAO JUDICIAL (CNPJ 19.959.165/0001-13);Region 3;2025-03-13;;Transação Individual (Lei 13.988/2020, Portaria PGFN 6.757/2022) - contribuinte em Recuperação Judicial;70.0;60;;True;Agroindústria (frigorífico/carnes);Manutenção das garantias dos débitos eventualmente existentes até a quitação integral do saldo devedor;https://www.gov.br/pgfn/pt-br/assuntos/divida-ativa-da-uniao/transparencia-fiscal-1/painel-dos-parcelamentos/termos-de-transacao/3a-regiao/TermodeTransaoIndividualBGCFrigorficosLTDA.pdf;False
95972e1e2369;ABRIL COMUNICAÇÕES S.A. - EM RECUPERAÇÃO JUDICIAL;Region 3;2021-05-18;98968507.82;Transação Individual;70.0;120;;True;Mídia/Comunicações (editorial/revistas);Gravame registrado no INPI sobre marcas do Grupo Abril (Cláudia, Quatro Rodas, Goread, Saúde, Boa Forma, Mundo Estranho, Capricho, Viagem e Turismo, Guia do estudante, Você S/A, Você RH, Arquitetura e Construção, M de Mulher, Elástica, Placar, Veja), Termo de alienação fiduciária das marcas (Anexo V), Possibilidade de substituição por depósito, fiança bancária ou seguro-garantia de igual valor;https://www.gov.br/pgfn/pt-br/assuntos/divida-ativa-da-uniao/transparencia-fiscal-1/painel-dos-parcelamentos/termos-de-transacao/3a-regiao/termo-de-transacao-individual-abril-x.pdf;False
95bb85033038;UNIVEN REFINARIA DE PETRÓLEO LTDA e outras (grupo econômico: UNIVEN REFINARIA DE PETRÓLEO LTDA, PETRONOSSA PETRÓLEO LTDA, VIBRAPAR PARTICIPAÇÕES LTDA, MIDAS DO BRASIL SERVIÇOS E INTERMEDIAÇÃO DE NEGÓCIOS LTDA, TRANSVEM TRANSPORTES LTDA, DJ GESTÃO DE NEGÓCIOS LTDA);Region 3;2024-04-30;;Transação individual (modalidades DEMAIS e PREV);;60;;;Petróleo e derivados / transportes;Manutenção automática dos gravames decorrentes de arrolamento de bens, medida cautelar fiscal e garantias prestadas administrativamente ou penhoras nas ações de execução fiscal, Penhora de ativos financeiros referentes ao saldo depositado na conta judicial vinculada ao Processo nº 1038536-82-2020.4.01.3400, oriundo do pagamento do Precatório Judicial nº 0234998-32.2019.4.01.9198, Valores penhorados por ordem judicial na demanda fiscal 0047901-66.2013.4.03.6182;https://www.gov.br/pgfn/pt-br/assuntos/divida-ativa-da-uniao/transparencia-fiscal-1/painel-dos-parcelamentos/termos-de-transacao/3a-regiao/TermodeTransaoIndividualUnivenRefinariadePetrleoLTDAtarjado.pdf;False
95f36467e608;SA SOCORROS MÉDICOS;Region 5;2023-11-09;;Transação Individual;65.0;85;;;Saúde;;https://www.gov.br/pgfn/pt-br/assuntos/divida-ativa-da-uniao/transparencia-fiscal-1/painel-dos-parcelamentos/termos-de-transacao/5a-regiao/TermodeTransaoIndividualSASocorrosMdicostarjado.pdf;False
95f962c1cb2c;GIOMBELLI MAQUINAS AGRICOLAS LTDA;Region 4;2025-03-24;10799681.49;Transação Individual;68.87;145;;;Máquinas agrícolas;Imóvel de matrícula nº 11023 do Registro de Ubiratã/PR, avaliado em R$ 7.703.800,00, a ser indicado à penhora na execução fiscal nº 5002723-35.2013.4.04.7005, Escritura pública de hipoteca em favor da União, caso indeferida a penhora do imóvel;https://www.gov.br/pgfn/pt-br/assuntos/divida-ativa-da-uniao/transparencia-fiscal-1/painel-dos-parcelamentos/termos-de-transacao/4a-regiao/TermodeTransaoIndividualGiombelliMaquinasAgricolasLTDA.pdf;False
9631bc112b98;FARMACIA DO POVO BRASILEIRO LTDA EM RECUPERAÇÃO JUDICIAL;Region 5;2022-01-28;;Transação Individual;50.0;84;;True;Farmacêutico/varejo;;https://www.gov.br/pgfn/pt-br/assuntos/divida-ativa-da-uniao/transparencia-fiscal-1/painel-dos-parcelamentos/termos-de-transacao/5a-regiao/termo-de-transacao-individual-farmacia-do-povo-brasileiro-ltda-em-recuperacao-judicial.pdf;False
9669ad8fb8d1;MARCHESAN IMPLEMENTOS E MÁQUINAS AGRÍCOLAS TATU S/A;Region 3;2023-07-31;;Transação individual;;48;4.0;True;Agronegócio (implementos e máquinas agrícolas);Bens listados no Anexo IV (não detalhados no corpo do texto);https://www.gov.br/pgfn/pt-br/assuntos/divida-ativa-da-uniao/transparencia-fiscal-1/painel-dos-parcelamentos/termos-de-transacao/3a-regiao/TermodeTransacaoIndividualMarchesanImplementoseMquinasAgrcolasTatuSAtarjado.pdf;False
969f07eabaec;INSTITUTO NEUROPSIQUIÁTRICO DE CAMPINA GRANDE SC LTDA;Region 5;2023-10-26;6265739.16;Transação Individual - Plano de Regularização Fiscal;65.0;1;;;Saúde (instituto neuropsiquiátrico);;https://www.gov.br/pgfn/pt-br/assuntos/divida-ativa-da-uniao/transparencia-fiscal-1/painel-dos-parcelamentos/termos-de-transacao/5a-regiao/TermodeTransaoIndividualInstitutoNeuropsiquitricodeCampinaGrandeSCLTDAtarjado.pdf;False
96bfc8d3ac7f;FOREVER LIVING PRODUCTS BRASIL LTDA;Region 2;2023-03-22;179237971.43;Transação Individual;;54;;;Not identified;5% da receita bruta mensal da DEVEDORA, Penhora nos processos judiciais relativos à dívida transacionada, Manutenção das garantias já existentes;https://www.gov.br/pgfn/pt-br/assuntos/divida-ativa-da-uniao/transparencia-fiscal-1/painel-dos-parcelamentos/termos-de-transacao/2a-regiao/TermodeTransacaoIndividualForeverLivingProductsBrasil.pdf;False
973165dddfc1;COMPANHIA DE SANEAMENTO AMBIENTAL DO MARANHÃO-CAEMA;Region 1;2024-10-30;615966831.42;Transação Tributária Individual;;;;;Saneamento;Garantia do Estado do Maranhão (GARANTIDOR);https://www.gov.br/pgfn/pt-br/assuntos/divida-ativa-da-uniao/transparencia-fiscal-1/painel-dos-parcelamentos/termos-de-transacao/1a-regiao/ITermoAditivodeTransaoIndividualCompanhiadeSaneamentoAmbientaldoMaranhoCAEMAtarjado1r.pdf;False
9755e8c3d123;INIPLA VEÍCULOS LTDA. – EM RECUPERAÇÃO JUDICIAL (e outras empresas do grupo: RWRV SERVIÇOS DE COBRANÇA LTDA., A.J.C. COMÉRCIO E INTERMEDIAÇÃO DE NEGÓCIOS LTDA., ROTEFI PARTICIPAÇÕES E EMPREENDIMENTOS LTDA., MAFEDER PARTICIPAÇÕES E EMPREEDIMENTOS LTDA., B.A. EXPORTAÇÃO E EMPREENDIMENTOS IMOBILIÁRIOS LTDA.);Region 3;2023-05-30;;Transação Individual;;120;;True;Comércio de veículos;Penhora de imóveis (Anexo IV e V), Penhora de marcas (Anexo VI);https://www.gov.br/pgfn/pt-br/assuntos/divida-ativa-da-uniao/transparencia-fiscal-1/painel-dos-parcelamentos/termos-de-transacao/3a-regiao/copy_of_TermodeTransaoIndividualIniplaVeculosLTDAemrcuperaojudicialtarjado.pdf;False
977cc7279687;EMPRESA DE TRANSPORTE COLETIVO DE DIADEMA - ETCD - EM LIQUIDAÇÃO;Region 3;2023-12-06;8648938.48;Transação Individual (FGTS);30.88;80;;;Transporte público/coletivo;Município de Diadema/SP, na condição de sucessor, arcará com os pagamentos das parcelas e sucederá a ETCD nas execuções dos créditos de FGTS, Manutenção automática dos gravames decorrentes de arrolamento de bens, medida cautelar fiscal e garantias prestadas administrativamente ou em execução fiscal;https://www.gov.br/pgfn/pt-br/assuntos/divida-ativa-da-uniao/transparencia-fiscal-1/painel-dos-parcelamentos/termos-de-transacao/3a-regiao/TermodeTransaoIndividualEmpresadeTransporteColetivodeDiademaInformaesSigilosasSuprimidas.pdf;False
979ca60e21e4;SUPER LÍDER DISTRIBUIDORA DE CARNES EIRELI e outros (grupo econômico: Meat Center Comercial de Carnes Ltda, Supermercado Santa Cruz Ltda, Super Mercado Lider Ltda, Zeferino Esteves de Avila Neto - ME, Willian Leite de Melo - ME, e pessoas físicas José da Cruz, Terezinha Cruz, Zeferino Esteves de Avila Neto, Joao Carlos Goncalves Cruz, Willian Leite de Melo, Francisco Carlos Cruz, Pedro de Souza Pinto Neto);Region 3;2024-02-19;;Transação Individual (modalidades DEMAIS e PREV);50.0;108;8.0;;Comércio de carnes/supermercados (varejo alimentício);Imóveis listados no Anexo III (penhora a ser formalizada em até 60 dias);https://www.gov.br/pgfn/pt-br/assuntos/divida-ativa-da-uniao/transparencia-fiscal-1/painel-dos-parcelamentos/termos-de-transacao/3a-regiao/TermodeTransaoIndividualSuperLderDistribuidoradeCarnesEirelitarjado.pdf;False
979d042513d9;GARCA MOTORES ELETRICOS LTDA (GME);Region 3;2025-06-02;179698195.29;Transação individual (Termo Aditivo de repactuação);70.0;;;;Not identified;Manutenção automática dos gravames decorrentes de arrolamento de bens, medida cautelar fiscal, penhoras ou garantias prestadas administrativamente;https://www.gov.br/pgfn/pt-br/assuntos/divida-ativa-da-uniao/transparencia-fiscal-1/painel-dos-parcelamentos/termos-de-transacao/3a-regiao/TermodeTransaoIndividualGMEGaraMotoresEltricos.pdf;False
980f556ddb3a;Insuagro Agroindustrial S/A;Region 4;2025-03-24;32674323.68;Transação individual;53.23;108;4.0;;Agroindústria;Bens constantes no Anexo II (penhora nas execuções fiscais);https://www.gov.br/pgfn/pt-br/assuntos/divida-ativa-da-uniao/transparencia-fiscal-1/painel-dos-parcelamentos/termos-de-transacao/4a-regiao/TermodeTransaoIndividualInsuagroAgroindustrialS.A;False
989aee54f1f3;EXPRESSO SUL AMERICANO LTDA.;Region 3;2022-04-25;42586733.49;Transação Individual;50.0;84;;;Transporte de cargas;Imóvel de propriedade da Requerente, situado na Rua Constante Piovan, nº 362, Bairro Industrial, Anhanguera, Osasco/SP, matrículas nº 26.547 e 26.546, do 2º Oficial de Registro de Imóveis de Osasco, Veículos de propriedade da Requerente, ainda que alienados fiduciariamente a alguma instituição financeira, identificados no Anexo III;https://www.gov.br/pgfn/pt-br/assuntos/divida-ativa-da-uniao/transparencia-fiscal-1/painel-dos-parcelamentos/termos-de-transacao/3a-regiao/TERMODETRANSAOINDIVIDUALEXPRESSOSULAMERICANO.pdf;False
99375717034e;MUNICIPIO DE GURUPI;Region 1;2023-09-28;2278847.15;Transação Individual Tributária - Modalidade 63 (débitos com FGTS);28.85;80;;;Administração pública municipal;;https://www.gov.br/pgfn/pt-br/assuntos/divida-ativa-da-uniao/transparencia-fiscal-1/painel-dos-parcelamentos/termos-de-transacao/1a-regiao/TermodeTransaoIndividualMunicipiodeGurupiFGTStarjado.pdf;False
99c202e85e90;RIBEIRO ENGENHARIA LTDA;Region 2;2022-06-20;;2º Aditivo ao Termo de Transação Individual;;;;;Construção civil/engenharia;;https://www.gov.br/pgfn/pt-br/assuntos/divida-ativa-da-uniao/transparencia-fiscal-1/painel-dos-parcelamentos/termos-de-transacao/2a-regiao/IITermoAditivodeTransaoIndividualRibeiroEngenhariaLTDAtarjado.pdf;False
9af42f05d367;SANTA CASA DE MISERICÓRDIA DE CASTELO;Region 2;2024-03-29;2318641.6;Transação Individual (Modalidade 7);;105;;;Saúde/Assistência hospitalar (entidade filantrópica);;https://www.gov.br/pgfn/pt-br/assuntos/divida-ativa-da-uniao/transparencia-fiscal-1/painel-dos-parcelamentos/termos-de-transacao/2a-regiao/TermodeTransaoIndividualSantaCasadeMisericrdiadeCasteloTarjado.pdf;False
9b9ca31367f4;GMLOG TRANSPORTES - CNPJ: 92.521.475/0001-41;Region 4;2024-04-23;;Transação Individual;;48;6.0;True;Transporte/Logística;Imóveis dados em garantia à penhora (citados em obrigação de indicação nos processos judiciais);https://www.gov.br/pgfn/pt-br/assuntos/divida-ativa-da-uniao/transparencia-fiscal-1/painel-dos-parcelamentos/termos-de-transacao/4a-regiao/TermodeTransaoIndividualGmlogTransportes.pdf;False
9bb20bf49ae1;Líber Empreendimentos Imobiliários Ltda.;Region 5;2024-01-08;;Transação Individual;;;;;Imobiliário;imóvel matrícula n. 12.739, Registro de Imóveis do 8º Ofício, Recife, Pernambuco, Livro n. 02, ficha 3;https://www.gov.br/pgfn/pt-br/assuntos/divida-ativa-da-uniao/transparencia-fiscal-1/painel-dos-parcelamentos/termos-de-transacao/5a-regiao/TermodeTransaoIndividualLiberEmpreendimentosImobiliriosLTDATarjado.pdf;False
9be5b734a892;HEANLU INDÚSTRIA DE CONFECÇÕES LIMITADA EM RECUPERAÇÃO JUDICIAL;Region 3;2023-07-26;2046074.81;Transação Individual;44.14;18;0.0;True;Confecções/Vestuário;;https://www.gov.br/pgfn/pt-br/assuntos/divida-ativa-da-uniao/transparencia-fiscal-1/painel-dos-parcelamentos/termos-de-transacao/3a-regiao/TermodeTransaoIndividualHeanluIndstriadeConfecesLimitada.pdf;False
9c033f8178a3;VIAÇÃO OURO E PRATA S/A;Region 4;2025-02-21;;Transação individual (Programa Emergencial de Regularização Fiscal de Apoio ao Rio Grande do Sul - Transação SOS-RS);;120;0.0;;Transporte (rodoviário de passageiros);Marca da empresa - INPI nº 900679018, bem incorpóreo avaliado em R$ 225.512.000,00, Penhora a ser formalizada nas execuções fiscais, Manutenção de gravames existentes (arrolamento de bens, medida cautelar fiscal, penhoras ou garantias já prestadas);https://www.gov.br/pgfn/pt-br/assuntos/divida-ativa-da-uniao/transparencia-fiscal-1/painel-dos-parcelamentos/termos-de-transacao/4a-regiao/TermodeTransaoIndividualViaoOuroePrataSA.pdf;False
9c596179b8f3;QUESALON DISTRIBUIDORA DE PRODUTOS FARMACEUTICOS LTDA;Region 5;2021-08-27;;Transação Individual (Portaria PGFN nº 9.917/2020);50.0;84;;;Distribuição de produtos farmacêuticos;;https://www.gov.br/pgfn/pt-br/assuntos/divida-ativa-da-uniao/transparencia-fiscal-1/painel-dos-parcelamentos/termos-de-transacao/5a-regiao/termo-de-transacao-individual-quesalon.pdf;False
9c70d5fc1e0d;"GRUPO HABBIB'S (VOX LINE – CONTACT CENTER INTERMEDIARIO DE PEDIDOS LTDA.; GRUPO GENNIUS BRASIL PRODUÇÃO E COMERCIALIZAÇÃO DE ALIMENTOS S.A; GENNIUS BRASIL HOLDING DE PARTICIPAÇÕES E EMPREENDIMENTOS S.A.; MERCATO EXPRESS HOLDING DE PARTICIPAÇÃO LTDA)";Region 3;2024-03-11;96608732.84;Transação Individual;38.32;36;;;Alimentação/Franquia (fast-food);;https://www.gov.br/pgfn/pt-br/assuntos/divida-ativa-da-uniao/transparencia-fiscal-1/painel-dos-parcelamentos/termos-de-transacao/3a-regiao/TermodeTransaoIndividualVoxLineContactCenterIntermediariodePedidosLTDATarjadocompactado.pdf;False
9c9af10431c4;MARITUCS ALIMENTOS LIMITADA;Region 3;2024-10-25;34917837.32;Transação Individual;48.85;60;;;Alimentos;Fiança dos sócios (Onofre Gabriel da Silva, Daniel da Silva, Eliseu da Silva, Jussara da Silva Santos, Marcos da Silva), Manutenção de gravames de arrolamento de bens, medida cautelar fiscal e garantias já prestadas;https://www.gov.br/pgfn/pt-br/assuntos/divida-ativa-da-uniao/transparencia-fiscal-1/painel-dos-parcelamentos/termos-de-transacao/3a-regiao/TermodeTransaoIndividualMaritucsAlimentosLTDATarjado.pdf;False
9d2aa19cdef3;JOD'S CONFECCOES LTDA EM RECUPERACAO JUDICIAL;Region 3;2025-05-30;;Transação Individual;70.0;84;;True;Confecções/Vestuário;Imóveis de titularidade da Requerente, matriculados no 1º CRI de Bragança Paulista sob os n. 43584, 43585, 43586, 43587, 43587, 43588, 43591, 43592 e 43593;https://www.gov.br/pgfn/pt-br/assuntos/divida-ativa-da-uniao/transparencia-fiscal-1/painel-dos-parcelamentos/termos-de-transacao/3a-regiao/TermodeTransaoIndividualJodsConfecesLTDA.pdf;False
9dd259612b5c;PAMPA TELECOMUNICAÇÕES E ELETRICIDADE LTDA;Region 4;2025-05-07;;Transação Individual - Plano de Pagamento à Vista do Débito Fiscal;;;;;Telecomunicações e eletricidade;;https://www.gov.br/pgfn/pt-br/assuntos/divida-ativa-da-uniao/transparencia-fiscal-1/painel-dos-parcelamentos/termos-de-transacao/4a-regiao/TermodeTransaoIndividualPampaTelecomunicaeseEletricidadeLTDANeocorpInvestimentosLTDAAssisRobertoSanchotenedeSouza.pdf;False
9e0a2a5db158;GRAND BRASIL COMÉRCIO DE VEÍCULOS E PEÇAS LTDA;Region 3;2024-09-25;;Transação Individual - modalidade DEMAIS;;36;;;Comércio de veículos e peças;Mantém-se as garantias dos débitos eventualmente existentes até a quitação integral do saldo devedor do Acordo de Transação;https://www.gov.br/pgfn/pt-br/assuntos/divida-ativa-da-uniao/transparencia-fiscal-1/painel-dos-parcelamentos/termos-de-transacao/3a-regiao/TermodeTransaoIndividualGrandBrasilComrciodeVeculosePeasLTDATarjado.pdf;False
9e51185447b2;UNICA VOLO ARMAZENAGEM E LOGISTICA LTDA;Region 3;2024-12-16;;Transação Individual (modalidades DEMAIS e PREV);65.0;36;;False;Armazenagem e logística;Manutenção automática dos gravames decorrentes de arrolamento de bens, medida cautelar fiscal e garantias prestadas administrativamente ou em ações de execução fiscal ou qualquer outra ação judicial, Manutenção das garantias dos débitos eventualmente existentes até a quitação integral do saldo devedor;https://www.gov.br/pgfn/pt-br/assuntos/divida-ativa-da-uniao/transparencia-fiscal-1/painel-dos-parcelamentos/termos-de-transacao/3a-regiao/copy_of_TermodeTransaoIndivualUnicaVoloArmazenagemeLogisticaLTDATarjado.pdf;False
9eae8a1a2674;Grupo Belarmino da Ascenção Marta (VB Transportes e Turismo Ltda. e outras empresas do grupo econômico - Auto Viação Brasil Luxo Ltda., Transportes Capellini Ltda., Viação Campos do Ouros Ltda., Viação Transguarulhense Ltda., Construtora Boanova Ltda., Embralixo Empresa Bragantina de Varrição Coleta de Lixo Ltda., Nossa Senhora de Fátima Auto Ônibus Ltda., Rápido Luxo Campinas Ltda., Rápido Sumaré Ltda., Sambaíba Transportes Urbanos Ltda., Empresa São José Ltda., Urca Urbano de Campinas Ltda., Vallesul Transportes e Turismo Ltda., VB Transportes de Cargas Ltda., Via Norte Transportes Urbanos Ltda., Viação Atual Ltda., Viação Avante Ltda., Viação Boa Vista Ltda., Viação Lira Ltda., Auto Viação Ouro Verde Ltda., Viação São Paulo Ltda., Vila Real Transportes e Serviços Ltda., West Side Viagens e Turismo Ltda., Empresa Auto Ônibus São Jorge Ltda., Tuca Transportes Urbanos Campinas Ltda., Viação Itu Ltda.);Region 3;2025-01-20;2142057649.49;Transação Individual (art. 171 do CTN, Lei nº 13.988/2020 e Portaria PGFN nº 6.757/2022);50.577;30;;;Transporte coletivo de passageiros (ônibus urbano e rodoviário) e serviços correlatos (construção civil, coleta de lixo, transporte de cargas);Contrato nº 021/19 (SEI nº 6020.2019/0002396-8) celebrado pela Prefeitura do Município de São Paulo com a Sambaíba Transportes Urbanos Ltda., no valor de R$ 3.135.223.280,00, Oferecimento de bem à penhora nos autos das execuções fiscais nº 805936.2016.403.6130, nº 780478.2016.403.6130, nº 50077897720234036130 e nº 719383.2016.403.6144, Manutenção automática dos gravames decorrentes de arrolamento de bens, medida cautelar fiscal e garantias prestadas administrativamente ou em ações de execução fiscal/judicial;https://www.gov.br/pgfn/pt-br/assuntos/divida-ativa-da-uniao/transparencia-fiscal-1/painel-dos-parcelamentos/termos-de-transacao/3a-regiao/TermodeTransaoIndividualVBTransporteseTurismoLTDAAutoViaoBrasilLuxoLTDATransportesCapelliniLTDAViaoCamposdoOurosLTDAViaoTransguarulhenseLTDAConstrutoraBoaNovaLTDA.pdf;False
9f1498138e03;AZUL LINHAS AÉREAS BRASILEIRAS S/A;Region 3;2024-12-13;214809006.94;Transação Individual (Primeiro Aditivo);;118;;;Aviação/Transporte aéreo;;https://www.gov.br/pgfn/pt-br/assuntos/divida-ativa-da-uniao/transparencia-fiscal-1/painel-dos-parcelamentos/termos-de-transacao/3a-regiao/PrimeiroAdtivoaoTermodeTransaoIndividualAzulLinhasAreasBrasileirasSATarjado.pdf;False
9f1811d1da63;MINERAÇÃO MÔNEGO LTDA (CNPJ: 88.142.708/0001-28);Region 4;2023-09-11;101268622.57;Transação Individual;41.0;120;;;Mineração;Imóveis descritos no Anexo V, objeto de penhora nas execuções fiscais;https://www.gov.br/pgfn/pt-br/assuntos/divida-ativa-da-uniao/transparencia-fiscal-1/painel-dos-parcelamentos/termos-de-transacao/4a-regiao/TermodeTransacaoIndividualMineracaoMonegoLTDA.pdf;False
9f3bc5a473cd;CANTAREIRA CONSTRUÇÕES E EMPREENDIMENTOS IMOBILIÁRIOS LTDA – EM RECUPERAÇÃO JUDICIAL;Region 4;2020-05-29;11459394.75;Transação Individual Tributária;;;;True;Construção civil/imobiliário;Imóvel matriculado sob nº 40.710 no 2º Registro de Imóveis de Maringá, Imóvel matriculado sob nº 37.904 no 3º Registro de Imóveis de Maringá;https://www.gov.br/pgfn/pt-br/assuntos/divida-ativa-da-uniao/transparencia-fiscal-1/painel-dos-parcelamentos/termos-de-transacao/4a-regiao/termo-de-transacao-individual_cantareira-construcoes-e-empreendimentos.pdf;False
9f4cb62f0751;SOLUÇÃO SERVIÇOS COMÉRCIO E CONSTRUÇÃO LTDA (EIRELI);Region 5;2023-03-21;;Transação Individual;;120;;;Construção civil / Comércio;Manutenção automática dos gravames decorrentes de arrolamento de bens, de medida cautelar fiscal e das garantias prestadas administrativamente ou nas ações de execução fiscal ou em qualquer outra ação judicial;https://www.gov.br/pgfn/pt-br/assuntos/divida-ativa-da-uniao/transparencia-fiscal-1/painel-dos-parcelamentos/termos-de-transacao/5a-regiao/TermodeTransaoIndividualSoluoServiosComrcioeConstruoLTDAInformaesSigilosasSuprimidas.pdf;False
9f9618644592;IESDE BRASIL S.A.;Region 4;2024-04-11;;Transação Individual;;48;4.0;;Educação;Gravames decorrentes de arrolamento de bens, medida cautelar fiscal, penhora ou garantias prestadas administrativamente ou em execução fiscal ou outra ação judicial (mantidos);https://www.gov.br/pgfn/pt-br/assuntos/divida-ativa-da-uniao/transparencia-fiscal-1/painel-dos-parcelamentos/termos-de-transacao/4a-regiao/TermodeTransaoIndividualIesdeBrasilSATarjado.pdf;False
9f99e1609988;VIAÇÃO VALE DO RIBEIRA TRANSPORTE E TURISMO LTDA;Region 3;2024-12-12;;Transação Individual;65.0;120;;;Transporte e turismo;Imóvel de matrícula nº 804, situado na Estrada Municipal do Arapongal, s/n, avaliado em R$3.076.426,51, Veículos descritos no arrolamento constante do processo nº 15983000329/2006-25;https://www.gov.br/pgfn/pt-br/assuntos/divida-ativa-da-uniao/transparencia-fiscal-1/painel-dos-parcelamentos/termos-de-transacao/3a-regiao/TermodeTransaoIndividualViaoValedoRibeiraTransporteeTurismoLTDATarjado.pdf;False
9face3fe35b6;GRUPO VIA (VIA ENGENHARIA S.A. e VIA EMPREENDIMENTOS IMOBILIÁRIOS S/A e SPEs);Region 1;2021-07-06;118017030.52;Transação individual;;120;;True;Construção civil/incorporação imobiliária;Hipoteca de bens imóveis relacionados no ANEXO II, valor total R$ 34.484.200,00 (matrículas 8319, 1654 e 32.184 no 4º RIDFT);https://www.gov.br/pgfn/pt-br/assuntos/divida-ativa-da-uniao/transparencia-fiscal-1/painel-dos-parcelamentos/termos-de-transacao/1a-regiao/termo-de-transacao-individual-via-empreendimentos.pdf;False
9fb179083a6b;COMITÊ OLÍMPICO BRASILEIRO;Region 2;2021-12-01;773367.91;Termo Aditivo de Transação Individual;;;;;Esporte/entretenimento;;https://www.gov.br/pgfn/pt-br/assuntos/divida-ativa-da-uniao/transparencia-fiscal-1/painel-dos-parcelamentos/termos-de-transacao/2a-regiao/IITermoAditivodeTransaoIndividualComitOlmpicoBrasileirotarjado.pdf;False
9fc478682b72;HOSPITAL ALFA S/A e outras (grupo econômico - Rua Visconde de Jequitinhonha, 1144);Region 5;2025-06-12;;Transação Individual (3º Termo Aditivo);70.0;18;;True;Saúde (hospitalar) / Imobiliário / Agronegócio (grupo econômico);;https://www.gov.br/pgfn/pt-br/assuntos/divida-ativa-da-uniao/transparencia-fiscal-1/painel-dos-parcelamentos/termos-de-transacao/5a-regiao/TermodeTransaoIndividualHospitalAlfaSAGardenAtlanticusEmpre.Imob.LTDASemDbitosRspAgrcolaLTDASemDbitosGamaSadeSAAntigoHospitalDaBahiaSACapitoRibelinhoEmpreendimentosImobilia.pdf;False
a06b2952312c;CONSTRAN S/A - CONSTRUÇÕES E COMÉRCIO (e grupo econômico: UTC Engenharia S/A, UTC Participações S/A, UTC Desenvolvimento Imobiliário S/A, Transmix Engenharia Indústria e Comércio S/A, Patrimonial Volga S/A, Cobrazil Engenharia e Construções S/A, Cobrazil Construções S/A, Consórcio Constran-UTC São Manoel, Consórcio Construtor Viracopos, Consórcio Ferrovia de Integração, Consórcio TUC Construções);Region 3;2024-02-27;;Transação Individual;70.0;48;;True;Construção civil / Engenharia e Infraestrutura;Manutenção automática dos gravames decorrentes de arrolamento de bens, medida cautelar fiscal e garantias prestadas administrativamente ou em execuções fiscais/ações judiciais, Cessão do valor de indenização (precatório) reconhecido à Requerente Constran S/A em processo de liquidação, até o montante necessário à liquidação da transação, Penhora do crédito reconhecido à Requerente Constran S/A nos autos de processo judicial, a ser formalizada na Execução Fiscal;https://www.gov.br/pgfn/pt-br/assuntos/divida-ativa-da-uniao/transparencia-fiscal-1/painel-dos-parcelamentos/termos-de-transacao/3a-regiao/TermodeTransaoIndividualConstranSAConstruoeComrciotarjada.pdf;False
a06ea23fe1e7;INSTITUTO DE PREVIDÊNCIA SOCIAL DO MUNICÍPIO DE CAMPINAS - CAMPREV;Region 3;2024-08-15;53110196.25;Transação Individual;61.1;120;6.0;;Previdência social (autarquia municipal);;https://www.gov.br/pgfn/pt-br/assuntos/divida-ativa-da-uniao/transparencia-fiscal-1/painel-dos-parcelamentos/termos-de-transacao/3a-regiao/TermodeTransaoIndividualInstitutodePrevidnciaSocialdoMunicpiodeCampinasCamprevTarjado.pdf;False
a0f153cddf76;ASSOCIAÇÃO HOSPITAL DE CARIDADE DE SANTO ÂNGELO;Region 4;2022-06-09;;Transação Individual;;145;;;Saúde/Hospitalar;Bens penhorados nas execuções fiscais nº 5004478-12.2018.4.04.7105, 5004737-70.2019.4.04.7105, 5004155-75.2016.4.04.7105 e 5004955-35.2018.4.04.7105 (Anexo IV), Crédito decorrente do Cumprimento de Sentença nº 0020158-33.1999.4.01.3400 (9ª Vara Federal do Distrito Federal);https://www.gov.br/pgfn/pt-br/assuntos/divida-ativa-da-uniao/transparencia-fiscal-1/painel-dos-parcelamentos/termos-de-transacao/4a-regiao/TermodeTransaoIndividualAssociaoHospitalardeCaridadedeSantongeloTarjado.pdf;False
a18f0dd02b67;UNIMED DO ABC COOPERATIVA DE TRABALHO MÉDICO;Region 3;2024-05-13;29813082.37;Transação Individual;60.78;48;;;Saúde/medicina (cooperativa de trabalho médico);;https://www.gov.br/pgfn/pt-br/assuntos/divida-ativa-da-uniao/transparencia-fiscal-1/painel-dos-parcelamentos/termos-de-transacao/3a-regiao/TermodeTransaoIndividualUnimeddoABCCooperativadeTrabalhoMdicoTarjado.pdf;False
a1a63d437ac5;TERMARI COMERCIAL IMPORTADORA E EXPORTADORA LTDA EM RECUPERAÇÃO JUDICIAL;Region 2;2024-02-29;12328824.95;Transação individual;65.0;108;6.0;True;Comércio importador e exportador;Ficam mantidas as demais garantias associadas aos débitos transacionados, conforme determina o art. 7º, II, da Portaria PGFN nº 6.757/2022;https://www.gov.br/pgfn/pt-br/assuntos/divida-ativa-da-uniao/transparencia-fiscal-1/painel-dos-parcelamentos/termos-de-transacao/2a-regiao/TermodeTransaoIndividualTermariComercialImportadoraeExportadoraLTDATarjado.pdf;False
a1b46ab3f9c4;GRUPO ASSIS FORTES (SERVI-SAN LTDA e outras);Region 1;2020-07-31;;Transação Individual;;84;;True;Segurança/Vigilância e Embalagens Plásticas;Penhora de imóveis relacionados no Anexo III, Alienação fiduciária sobre bens móveis ou imóveis, Cessão fiduciária de direitos sobre coisas móveis, títulos de crédito, direitos creditórios ou recebíveis futuros;https://www.gov.br/pgfn/pt-br/assuntos/divida-ativa-da-uniao/transparencia-fiscal-1/painel-dos-parcelamentos/termos-de-transacao/1a-regiao/TermodeTransacaoIndividualServiSan.pdf;False
a1cb0d82f8b1;CENTRO PARANAENSE DE DIAGNÓSTICO ECOGRÁFICO GUIDO A. V. PEREZ LTDA., EM RECUPERAÇÃO JUDICIAL;Region 4;2023-10-25;791949.77;Transação Individual;;;;True;Saúde/Diagnóstico por imagem;;https://www.gov.br/pgfn/pt-br/assuntos/divida-ativa-da-uniao/transparencia-fiscal-1/painel-dos-parcelamentos/termos-de-transacao/4a-regiao/TermodeTransaoIndividualCentroParanaensedeDiagnsticoEcogrficoGuidoAVPerezLTDAemrecuperaojudicialtarjado.pdf;False
a212abafa5c6;MIRANDA COMÉRCIO E CONSTRUÇÕES LTDA;Region 3;2023-02-20;67636990.13;Transação individual;65.0;36;0.0;;Comércio e construção;;https://www.gov.br/pgfn/pt-br/assuntos/divida-ativa-da-uniao/transparencia-fiscal-1/painel-dos-parcelamentos/termos-de-transacao/3a-regiao/TermodeTransaoIndividualMirandaComrcioeConstrueseConstruesLTDA.pdf;False
a245b0cebfbb;NORDISK TIMBER LTDA;Region 1;2024-07-01;15058386.94;Transação Individual;65.0;60;;;Agronegócio/madeireiro;Imóvel rural denominado Fazenda Patuá, localizado na Estrada do Centrão km 24, Fazenda Patauá, Marabá/PA, com área de 3.001ha, avaliado em R$ 28.000.000,00;https://www.gov.br/pgfn/pt-br/assuntos/divida-ativa-da-uniao/transparencia-fiscal-1/painel-dos-parcelamentos/termos-de-transacao/1a-regiao/TermodeTransaoIndividualNordiskTimberLTDAtarjado.pdf;False
a24b8f70a7c9;"BIMBO DO BRASIL LTDA (codevedora/sucessora); débitos de titularidade do grupo econômico FIRENZE/PÃO GOSTOSO";Region 2;2021-01-19;205565985.66;Transação individual;49.02;84;;;Alimentício (panificação industrial);Depósitos judiciais vinculados às execuções fiscais do grupo PÃO GOSTOSO/FIRENZE, calculados em R$19.168.191,07 em novembro de 2020, Apólices de seguro-garantia vinculadas às execuções fiscais, cujos valores de face totalizam R$27.715.556,89, Imóvel industrial (matrícula nº 35.368, Jaboatão dos Guararapes-PE), avaliado em R$30.000.000,00, Prédio (matrícula nº 27.234-A, Rio de Janeiro-RJ), avaliado em R$25.633.000,00, Terreno (matrícula 195.014, São Paulo-SP), avaliado em R$106.646.000,00;https://www.gov.br/pgfn/pt-br/assuntos/divida-ativa-da-uniao/transparencia-fiscal-1/painel-dos-parcelamentos/termos-de-transacao/2a-regiao/TermodeTransacaoIndividualBimbodoBrasil.pdf;False
a2639aa95363;AGROMAIA INDÚSTRIA E COMÉRCIO IMPORTAÇÃO E EXPORTAÇÃO DE PRODUTOS AGROPECUÁRIOS LTDA e outras (grupo Maia/Agromaia);Region 3;2022-09-28;47308430.94;Transação individual (recuperação judicial);50.13;60;;True;Agronegócio;Imóvel residencial (casa) com 383,35 m², Lote de terreno urbano com 384,15 m², Lote de terreno com 480,36 m² (item c), Lote de terreno com 480,36 m² (item d), Lote de terreno com 480,36 m² (item e);https://www.gov.br/pgfn/pt-br/assuntos/divida-ativa-da-uniao/transparencia-fiscal-1/painel-dos-parcelamentos/termos-de-transacao/3a-regiao/TermodeTransaoIndividualAgromaiaLTDA2022PRFN3InformaesSigilosasSuprimidas.pdf;False
a275021273cc;AGROPECUARIA AGRITER LTDA - EPP, AGRITER AGRONEGÓCIOS LTDA e LUIZ ALBERTO BONI;Region 1;2025-06-18;111131048.41;Transação Individual;70.0;120;;;Agronegócio;Fazenda Onça – com área de 662,14 Hectares – Matrícula 175.534 – Situada no Município de Luziânia – Goiás, Fazenda Samambaia – com área de 4.155,70 hectares – Matrícula 6.892 – Situado no Município de Cristalina – Goiás, Loteamento Cidade Industrial Brasília - Fazenda Arrasta Burro, Matrícula 824, situado em Cristalina – Goiás;https://www.gov.br/pgfn/pt-br/assuntos/divida-ativa-da-uniao/transparencia-fiscal-1/painel-dos-parcelamentos/termos-de-transacao/1a-regiao/TermodeTransaoIndividualAgropecuariaAgriterLTDAEppAgriterAgronegciosLTDALuizAlbertoBoni.pdf;False
a27787ef3e95;GEOSISTEMAS ENGENHARIA E PLANEJAMENTO LTDA;Region 5;2021-07-16;;Transação individual (com termos aditivos);;;;;Engenharia/Construção;;https://www.gov.br/pgfn/pt-br/assuntos/divida-ativa-da-uniao/transparencia-fiscal-1/painel-dos-parcelamentos/termos-de-transacao/5a-regiao/terceiro-termo-aditivo-geosistemas.pdf;False
a2cca869c711;TRANSMERIDIANO TRANSPORTES RODOVIARIOS LTDA - EM RECUPERAÇÃO JUDICIAL;Region 3;2023-10-11;;Transação Individual (modalidades DEMAIS e PREV);;10;;True;Transportes/Logística;Manutenção de penhora sobre imóvel matrícula 137.356 (3º Registro de Imóveis de Campinas), Fiança pessoal dos sócios José Carlos Fernandes e Nereu dos Santos, com renúncia ao benefício de ordem, no montante de R$ 4.400.000,00, Manutenção automática de gravames de arrolamento de bens, medida cautelar fiscal e garantias já prestadas;https://www.gov.br/pgfn/pt-br/assuntos/divida-ativa-da-uniao/transparencia-fiscal-1/painel-dos-parcelamentos/termos-de-transacao/3a-regiao/TermodeTransaoIndividualTransmeridianoTransportesRodoviariosLTDA.pdf;False
a306e85da44e;CONFEDERAÇÃO BRASILEIRA DE CANOAGEM;Region 4;2022-06-03;;Transação Individual - Plano de Pagamento Parcelado;70.0;145;;;Esporte/entretenimento (canoagem);Bens já penhorados nas Execuções Fiscais nº 5015440-02.2010.404.7000 e 5079672-81.2014.404.7000;https://www.gov.br/pgfn/pt-br/assuntos/divida-ativa-da-uniao/transparencia-fiscal-1/painel-dos-parcelamentos/termos-de-transacao/4a-regiao/TermodeTransaoIndividualConfederaoBrasileiradeCanoagemTarjado.pdf;False
a389a2516eb8;CPQ BRASIL S.A;Region 3;2023-05-12;38990761.95;Transação individual;37.6;60;0.0;;Not identified;Fiança - fiador Sr. Alberto Carneiro Neto, sócio da empresa Requerente;https://www.gov.br/pgfn/pt-br/assuntos/divida-ativa-da-uniao/transparencia-fiscal-1/painel-dos-parcelamentos/termos-de-transacao/3a-regiao/TermodeTransaoIndividualCPQBrasilS.A.pdf;False
a39b05d6a977;MUNICÍPIO DE PATOS;Region 5;2020-03-17;;Transação individual;;;;;Administração pública municipal;;https://www.gov.br/pgfn/pt-br/assuntos/divida-ativa-da-uniao/transparencia-fiscal-1/painel-dos-parcelamentos/termos-de-transacao/5a-regiao/termo-de-transacao-individual-municipio-de-patos-inf-suprimidas.pdf;False
a3a593f57cd0;USINA CRUANGI S/A E OUTRAS (grupo econômico) - EM RECUPERAÇÃO JUDICIAL;Region 5;2024-11-27;;Transação Individual (Termo Aditivo);;;;True;Agronegócio (usina/agropecuária/imobiliário rural);Alienação de imóveis (Engenho Folguedo, Engenho Paraguassu Leste, Engenho Paraguaçu Oeste, Engenho Dois Rios Pedra de Fogo) ao INCRA, com destinação dos valores ao pagamento do acordo;https://www.gov.br/pgfn/pt-br/assuntos/divida-ativa-da-uniao/transparencia-fiscal-1/painel-dos-parcelamentos/termos-de-transacao/5a-regiao/TermodeTransaoIndividualUsinaCruangiSATarjado.pdf;False
a3c49c26f59d;MUNICÍPIO DE LIMOEIRO;Region 5;2023-01-10;;Transação Individual;40.0;120;;;Administração pública municipal;;https://www.gov.br/pgfn/pt-br/assuntos/divida-ativa-da-uniao/transparencia-fiscal-1/painel-dos-parcelamentos/termos-de-transacao/5a-regiao/TermodeTransaoIndividualMunicpiodeLimoeiro.pdf;False
a3fa4a5f23ff;LIDERPRIME – ADMINISTRADORA DE CARTÕES DE CRÉDITO LTDA. (Grupo Silvio Santos);Region 3;2024-01-24;;Transação Individual;64.0;120;;;Comércio/entretenimento (grupo econômico Silvio Santos - cartões de crédito, utilidades domésticas);Imóveis de propriedade da Proponente e da Interveniente Anuente Silvio Santos Participações S.A. (Anexo IV), Marca registrada no INPI 'BAÚ DA FELICIDADE', de propriedade da Interveniente Anuente BF Utilidades Domésticas Ltda (Anexo V);https://www.gov.br/pgfn/pt-br/assuntos/divida-ativa-da-uniao/transparencia-fiscal-1/painel-dos-parcelamentos/termos-de-transacao/3a-regiao/TermodeTransaoIndividualLiderprimeAdministradoradeCartesdeCrditoLTDATarjado.pdf;False
a462c5ec376b;MUNICÍPIO DE MANACAPURU/AM;Region 1;Not identified;79004392.34;Transação Individual;65.0;60;;;Administração pública municipal;Autorização para dedução dos valores devidos dos montantes a serem repassados relacionados às respectivas cotas nos Fundos de Participação ou aos precatórios federais, nos termos do art. 160, §2º, da Constituição Federal, Manutenção automática dos gravames decorrentes de arrolamento de bens, de medida cautelar fiscal e das garantias prestadas administrativamente ou nas ações de execução fiscal;https://www.gov.br/pgfn/pt-br/assuntos/divida-ativa-da-uniao/transparencia-fiscal-1/painel-dos-parcelamentos/termos-de-transacao/1a-regiao/TermoTransacaoIndividualMunicipioManacapuruAMtarjado.pdf;False
a467c37636cc;KARNE KEIJO – LOGÍSTICA INTEGRADA LTDA – EM RECUPERAÇÃO JUDICIAL;Region 5;2021-05-26;40297150.74;Transação Individual;66.84;108;0.334;True;Logística;Garantias já existentes nas respectivas execuções fiscais (mantidas pelo devedor);https://www.gov.br/pgfn/pt-br/assuntos/divida-ativa-da-uniao/transparencia-fiscal-1/painel-dos-parcelamentos/termos-de-transacao/5a-regiao/termo-de-transacao-individual-karne-keijo-x.pdf;False
a4f05df26a06;PLATINUM TRADING S/A e PETROIL DO BRASIL S/A;Region 3;2025-02-24;;Transação Individual - modalidade DEMAIS;65.0;1;;;Not identified;;https://www.gov.br/pgfn/pt-br/assuntos/divida-ativa-da-uniao/transparencia-fiscal-1/painel-dos-parcelamentos/termos-de-transacao/3a-regiao/TermodeTransaoIndividualPlatiumTradingSATarjado.pdf;False
a558892d92fa;INDÚSTRIA DE PAPÉIS SUDESTE LTDA EM RECUPERAÇÃO JUDICIAL;Region 2;Not identified;92769852.44;Transação Individual;56.68;100;0.0;True;Not identified;Mantém garantias existentes (imóveis) e acrescenta ativos da requerente, avaliados em R$ 373.335.613,65;https://www.gov.br/pgfn/pt-br/assuntos/divida-ativa-da-uniao/transparencia-fiscal-1/painel-dos-parcelamentos/termos-de-transacao/2a-regiao/SumrioIndustriadePapeisSudeste.pdf;False
a572535c548f;PRONTOCARDIO PRONTO ATENDIMENTO CARDIOLÓGICO LTDA. – EM RECUPERAÇÃO JUDICIAL;Region 5;2023-10-17;;Transação Individual;;;;True;Saúde;;https://www.gov.br/pgfn/pt-br/assuntos/divida-ativa-da-uniao/transparencia-fiscal-1/painel-dos-parcelamentos/termos-de-transacao/5a-regiao/TermodeTransaoIndividualProntoCardioProntoAtendimentoCardiolgicoLTDAInformaesSigilosasSuprimidas.pdf;False
a663eedd3120;V R CONSTRUÇÕES LTDA;Region 1;Not identified;18264808.38;Transação individual;58.52;145;;;Construção civil;Imóveis discriminados no ANEXO III (hipoteca);https://www.gov.br/pgfn/pt-br/assuntos/divida-ativa-da-uniao/transparencia-fiscal-1/painel-dos-parcelamentos/termos-de-transacao/1a-regiao/TermodeTransaoIndividualVRConstruesLTDATarjado.pdf;False
a67adb2ac32a;ALVICTO OZORES NOGUEIRA E CIA LTDA;Region 1;2023-07-26;36243294.5;Transação Individual;65.0;1;;;Not identified;Manutenção dos gravames decorrentes de arrolamento de bens, de medida cautelar fiscal e das garantias prestadas administrativamente ou nas ações de execução fiscal ou em qualquer outra ação judicial, até confirmação dos créditos de prejuízo fiscal e base negativa da CSLL;https://www.gov.br/pgfn/pt-br/assuntos/divida-ativa-da-uniao/transparencia-fiscal-1/painel-dos-parcelamentos/termos-de-transacao/1a-regiao/TermodeTransaoIndividualAlvictoOzoresNogueiraeCiaLTDAtarjado.pdf;False
a75658dd2d6f;SUPERMERCADO GLÓRIA LTDA;Region 4;2025-05-05;;Transação Individual;;60;;;Supermercados/Varejo alimentício;Manutenção automática dos gravames decorrentes de arrolamento de bens, medida cautelar fiscal, penhoras ou garantias prestadas administrativamente;https://www.gov.br/pgfn/pt-br/assuntos/divida-ativa-da-uniao/transparencia-fiscal-1/painel-dos-parcelamentos/termos-de-transacao/4a-regiao/TermodeTransaoIndividualSupermercadoGlriaLTDA.pdf;False
a764c86ab25a;IRMÃOS DI CUNTO LTDA;Region 3;2023-02-07;;Transação Individual (modalidades DEMAIS e PREV);65.0;48;6.0;;Not identified;Imóvel objeto da matrícula nº 21.564 junto ao 7º Registro de Imóveis de São Paulo-SP, de propriedade da Requerente, Imóvel objeto da matrícula nº 127.853 junto ao 9º Registro de Imóveis de São Paulo-SP, de propriedade da Requerente, Manutenção automática dos gravames decorrentes de arrolamento de bens, medida cautelar fiscal e garantias já prestadas;https://www.gov.br/pgfn/pt-br/assuntos/divida-ativa-da-uniao/transparencia-fiscal-1/painel-dos-parcelamentos/termos-de-transacao/3a-regiao/TermodeTransaoIndividualIrmosDiCuntoLTDA.pdf;False
a7752a81f184;HOPPEN, HOPPEN E CIA. LTDA. - EM RECUPERAÇÃO JUDICIAL;Region 4;2023-05-04;6885455.76;Transação Individual;;60;;True;Not identified;Bens imóveis matriculados sob nºs 1.391, 1.392, 1.396, 1.956, 4.789, 7.140, 9.203, 9.204, 9.205, 18.386, 22.755 e 17.629, junto ao Ofício do Registro de Imóveis da Comarca de Getúlio Vargas, RS, avaliados em R$ 7.406.000,00;https://www.gov.br/pgfn/pt-br/assuntos/divida-ativa-da-uniao/transparencia-fiscal-1/painel-dos-parcelamentos/termos-de-transacao/4a-regiao/TermodeTransacaoIndividualHoppeneCiaLTDA.pdf;False
a7db0a3f1c07;AUTO VIAÇÃO MARECHAL LTDA;Region 4;2024-11-26;;Transação Individual;;;3.0;;Transporte (rodoviário/coletivo de passageiros);Imóveis descritos no Anexo IV - MAXIPAR ADMINISTRADORA DE BENS E IMÓVEIS (matrículas 43105069 e 43105863) avaliados em R$ 94.500.000,00, Imóveis descritos no Anexo IV - CONSTRUTORA MOGNO LTDA (matrículas 43105621 e 43105990) avaliados em R$ 45.000.000,00, Bens já penhorados nas execuções fiscais, Garantia administrativa por hipoteca (caso não seja possível concretizar penhora);https://www.gov.br/pgfn/pt-br/assuntos/divida-ativa-da-uniao/transparencia-fiscal-1/painel-dos-parcelamentos/termos-de-transacao/4a-regiao/TermodeTransaoIndividualAutoAviaoMarechalLTDA.pdf;False
a807dbed8cba;STEMAC S/A GRUPOS GERADORES EM RECUPERAÇÃO JUDICIAL;Region 4;2023-01-06;20046764.91;Transação Individual Tributária;;120;;True;Indústria (grupos geradores de energia);;https://www.gov.br/pgfn/pt-br/assuntos/divida-ativa-da-uniao/transparencia-fiscal-1/painel-dos-parcelamentos/termos-de-transacao/4a-regiao/TermodeTransacaoIndividualSTEMACLTDA.pdf;False
a84c13ced9c7;EJ ESCOLA DE AVIAÇÃO CIVIL LTDA.;Region 3;2023-12-18;11860766.42;Transação Individual;46.15;48;0.0;;Educação/Aviação;;https://www.gov.br/pgfn/pt-br/assuntos/divida-ativa-da-uniao/transparencia-fiscal-1/painel-dos-parcelamentos/termos-de-transacao/3a-regiao/TermodeTransaoIndividualEJEscoladeAviaoCivilLTDATarjado.pdf;False
a876ac5cceea;SALGADO EMPREENDIMENTOS IMOBILIÁRIOS S/A;Region 5;2022-12-19;;Transação Individual;;1;;;Imobiliário;;https://www.gov.br/pgfn/pt-br/assuntos/divida-ativa-da-uniao/transparencia-fiscal-1/painel-dos-parcelamentos/termos-de-transacao/5a-regiao/copy_of_TermodeTransaoIndividualSalgadoEmpreendimentosImobiliriosSATarjado.pdf;False
a8ad95ec6f7e;ISAR TECNOLOGIA E INFORMAÇÃO LTDA.;Region 2;2023-11-13;16596019.68;Transação Individual;65.0;120;;;Tecnologia da informação;Corresponsabilização da empresa E-XYON LEGAL SOFTWARE LTDA. (CNPJ 39.872.381/0001-34) pelos débitos transacionados;https://www.gov.br/pgfn/pt-br/assuntos/divida-ativa-da-uniao/transparencia-fiscal-1/painel-dos-parcelamentos/termos-de-transacao/2a-regiao/TermodeTransaoIndividualExyonLegalSoftwareLTDATarjado.pdf;False
a8cca1c3e2a6;ZINZANE COMÉRCIO E CONFECÇÃO DE VESTUÁRIO LTDA;Region 2;2024-06-06;377821135.53;Transação individual;;36;;False;Vestuário/Confecção;Penhoras existentes nas execuções fiscais (Anexo IV), Fiança dos sócios administradores Claudia Maria Richa Villarinho Cavalcante e Renato Villarinho Cavalcante (100% do capital social), 6% dos recebíveis oriundos das vendas realizadas mediante cartões de crédito/débito, com valor mensal mínimo (tarjado);https://www.gov.br/pgfn/pt-br/assuntos/divida-ativa-da-uniao/transparencia-fiscal-1/painel-dos-parcelamentos/termos-de-transacao/2a-regiao/TermodeTransaoIndividualZinzaneComrcioeConfecodeVesturioLTDATarjado.pdf;False
a9a18ba9e8a2;"ESCOLA VIVA: ENSINO FUNDAMENTAL E MÉDIO S.A.; ESCOLA VIVA: ARTE EXPRESSÃO E EDUCAÇÃO INFANTIL S.A.; ATELIER CURSOS LIVRES LTDA.";Region 3;2023-10-04;;Transação Individual (modalidades DEMAIS e PREV);;24;;;Educação;Manutenção automática dos gravames decorrentes de arrolamento de bens, de medida cautelar fiscal e das garantias prestadas administrativamente ou nas ações de execução fiscal ou em qualquer outra ação judicial;https://www.gov.br/pgfn/pt-br/assuntos/divida-ativa-da-uniao/transparencia-fiscal-1/painel-dos-parcelamentos/termos-de-transacao/3a-regiao/TermodeTransaoIndividualEscolaVivaEnsinoFundamentaleMdioSAtarjado.pdf;False
a9ca583601a6;"Grupo Contuflex (Cotermang Comercial de Produtos Metalurgicos Ltda - EPP; Comercio de Acessorios Contuflex - EPP; Flexhose Flexiveis Metalicos Ltda - Baixada - ME; Contuflex Conexoes Tubos e Flexiveis Ltda (Tecforjas))";Region 3;2025-01-27;58301369.71;Transação Individual;36.4;120;;;Comércio/Indústria de produtos metalúrgicos e conexões/tubos flexíveis;Manutenção automática dos gravames decorrentes de arrolamento de bens, medida cautelar fiscal e garantias prestadas administrativamente ou em execuções fiscais/ações judiciais;https://www.gov.br/pgfn/pt-br/assuntos/divida-ativa-da-uniao/transparencia-fiscal-1/painel-dos-parcelamentos/termos-de-transacao/3a-regiao/TermodeTransaoIndividualComrciodeAcessriosContuflexLTDATarjado.pdf;False
a9ef9cd4708d;PERNAMBUCO CONSTRUTORA EMPREENDIMENTOS LTDA, PERNAMBUCO DESENVOLVIMENTO INDUSTRIAL LTDA e PERNAMBUCO FROTA LTDA (Grupo Econômico);Region 5;2024-04-29;;Transação Individual - Plano de Regularização Fiscal (Portaria PGFN nº 6.757/2022);40.0;120;;;Construção civil/imobiliário;Terreno São Lourenço (Gleba 1A) - R$ 10.584.000,00, Terreno São Lourenço (Gleba 1B) - R$ 1.666.000,00, Terreno Barra de Jangada - R$ 13.452.000,00, Manutenção de garantias já associadas aos débitos (inclusive penhoras em execuções fiscais);https://www.gov.br/pgfn/pt-br/assuntos/divida-ativa-da-uniao/transparencia-fiscal-1/painel-dos-parcelamentos/termos-de-transacao/5a-regiao/TermodeTransaoIndividualPernambucoConstrutoraEmpreendimentosLTDATarjado.pdf;False
a9f80a6e6ffe;"A. V. M. INCORPORACAO DE EMPREENDIMENTOS IMOBILIARIOS LTDA - EM RECUPERACAO JUDICIAL (corresponsáveis: ATRIUM EMPREENDIMENTOS, INCORPORACAO E CONSTRUCAO SPE LTDA; ENGECON CONSTRUCOES E COMERCIO LTDA)";Region 2;Not identified;15746589.53;Transação individual;51.1;108;0.0;True;Incorporação imobiliária / construção civil;Imóveis;https://www.gov.br/pgfn/pt-br/assuntos/divida-ativa-da-uniao/transparencia-fiscal-1/painel-dos-parcelamentos/termos-de-transacao/2a-regiao/SumrioA.V.M.IncorporaodeEmpreendimentosImobiliariosLTDAAtriumEmpreendimentosIncorporacaoeConstrucaoSPELTDAEngeconConstrueseComrcioLTDA.pdf;False
aa0bbb380ca3;Guimaraes Indústria e Comércio de Doces Eireli;Region 4;2022-09-27;25550024.12;Transação Individual;42.92;145;;;Alimentos/Doces;Hipoteca sobre 50% de terreno de cultura em Costa da Miraguaia, 2º distrito de Santo Antônio da Patrulha-RS, com área de 80.000 m², avaliado em R$ 4.465.000,00, incluindo casa de moradia, Hipoteca sobre 50% de área de terras de campo em Rincão do Alberto e Miraguaia, 2º distrito, com área superficial de 1.265.062,66 m², área do R-3/19.042 correspondente a 359.353,33 m², avaliada em R$ 1.125.000,00;https://www.gov.br/pgfn/pt-br/assuntos/divida-ativa-da-uniao/transparencia-fiscal-1/painel-dos-parcelamentos/termos-de-transacao/4a-regiao/TermodeTransaoIndividualGuimaresIndstriaeComrciodeDocesLTDA2022PRNF4InformaesSigilosasSuprimidas.pdf;False
aa31e7a0656f;INSTITUTO FLEMING DE ANALISES CLINICAS E BIOLOGICAS LTDA;Region 3;2023-03-10;;Transação individual;65.0;120;;;Saúde/Análises clínicas e laboratoriais;;https://www.gov.br/pgfn/pt-br/assuntos/divida-ativa-da-uniao/transparencia-fiscal-1/painel-dos-parcelamentos/termos-de-transacao/3a-regiao/TermodeTransaoIndividualInstitutoFlemingdeAnalisesClinicaseBiologicasLTDA.pdf;False
aa384cb171a0;SINA INDÚSTRIA DE ALIMENTOS LTDA. e outras (grupo SINA/FAS/FAMA);Region 3;2025-04-23;;Transação individual;;120;;True;Indústria de alimentos;20% do preço de venda a ser alcançado na alienação da UPI Pirapozinho (avaliada em R$ 94.769.000,00), Direitos creditórios reconhecidos no Processo nº 5016753-57.2020.4.03.6100 (exclusão do ICMS da base de cálculo do PIS/COFINS), avaliados em R$ 13.156.269,17, Participação de Maria de Fátima Butara Ferreira Abdul Massih, Simon Nemer Ferreira Abdul Massih e Andrea Ferreira Abdul Massih em diversos imóveis, avaliados conjuntamente em R$ 20.972.054,74, Penhora dos bens e direitos listados na cláusula 3.1 nos autos da Execução Fiscal nº 5018816-32.2022.4.03.6182;https://www.gov.br/pgfn/pt-br/assuntos/divida-ativa-da-uniao/transparencia-fiscal-1/painel-dos-parcelamentos/termos-de-transacao/3a-regiao/TermodeTransaoIndividualSinaIndstriadeAlimentosLTDATarjado.pdf;False
ab0440d75c03;PAMPA TELECOMUNICAÇÕES E ELETRICIDADE LTDA.;Region 4;Not identified;47696997.9;Transação Individual - Modalidade nº.24 (FGTS) e 7 (CS);;12;0.0;False;Telecomunicações e eletricidade;;https://www.gov.br/pgfn/pt-br/assuntos/divida-ativa-da-uniao/transparencia-fiscal-1/painel-dos-parcelamentos/termos-de-transacao/4a-regiao/SumrioPampaTelecomunicaeseEletricidadeLTDANeocorpInvestimentosLTDAAssisRobertoSanchotenedeSouza.pdf;False
ab2c28c87919;AVOA TRANSPORTES LTDA e AUTO DE VIAÇÃO OURINHOS ASSIS LTDA (em recuperação judicial);Region 3;2023-06-15;;Transação individual (recuperação judicial - modalidades DEMAIS e PREV);30.0;108;4.0;True;Transporte;Imóvel matriculado sob o nº 8.034 (CRI de Cândido Mota/SP), de propriedade de AUTO DE VIAÇÃO OURINHOS ASSIS LTDA, avaliado em R$ 1.660.635,00, Imóvel matriculado sob o nº 24.254 no CRI de Paraguaçu Paulista, de propriedade da AVOA TRANSPORTES LTDA, avaliado em R$ 2.980.028,00;https://www.gov.br/pgfn/pt-br/assuntos/divida-ativa-da-uniao/transparencia-fiscal-1/painel-dos-parcelamentos/termos-de-transacao/3a-regiao/TermodeTransaoIndividualAvoaTransportesLTDA.pdf;False
abceac38539f;GRUPO AFINIDADE;Region 1;2022-03-08;85856863.81;Transação Individual;40.0;84;;;Consultoria e corretagem de seguros/benefícios;Hipoteca de bens imóveis (ANEXO II-B) avaliados em R$ 28.148.708,80, Manutenção de garantias, penhoras e gravames existentes nas execuções fiscais (ANEXO II-A) avaliados em R$ 57.083.077,50, Valores bloqueados cautelarmente em execuções fiscais totalizando R$ 1.042.232,83;https://www.gov.br/pgfn/pt-br/assuntos/divida-ativa-da-uniao/transparencia-fiscal-1/painel-dos-parcelamentos/termos-de-transacao/1a-regiao/termo-de-transacao-individual-grupo-afinidade.pdf;False
ac44e6637308;CLINICA ENIO SERRA LTDA (42.152.439/0001-80);Region 2;Not identified;29236638.58;Transação Individual;50.84;120;0.0;False;Saúde/Clínica médica;Imóveis;https://www.gov.br/pgfn/pt-br/assuntos/divida-ativa-da-uniao/transparencia-fiscal-1/painel-dos-parcelamentos/termos-de-transacao/2a-regiao/SumrioClnicanioSerraLTDA.pdf;False
ad05dd60a565;FRANNEL DISTRIBUIDORA DE PETROLEO LTDA e ESPÓLIO DE FRANCISCO JOSÉ CARVALHO DE OLIVEIRA;Region 2;2022-12-12;143215426.34;Transação individual;65.0;1;;;Distribuição de combustíveis;Direitos sobre 1.600.000 toneladas de minério de ferro objeto de Escritura Pública lavrada perante o Cartório de Registro Civil e Tabelionato de Notas 'Cid Dessaune', em Vila Velha/ES, Manutenção das penhoras já constituídas nos processos de execução fiscal do DEVEDOR;https://www.gov.br/pgfn/pt-br/assuntos/divida-ativa-da-uniao/transparencia-fiscal-1/painel-dos-parcelamentos/termos-de-transacao/2a-regiao/TermodeTransacaoIndividualFrannelDistribuidoradePetroleoLTDA.pdf;False
ad1c890d2891;INDUSTRIA E COMERCIO DE BEBIDAS MDM LTDA;Region 1;Not identified;44476144.94;Transação Individual;53.78;120;;;Indústria e comércio de bebidas;Imóvel de matrícula nº 55.852, do 1º Registro de Imóveis da Comarca de Porto Velho/RO, Imóvel de matrícula nº 22.650, do 2º Registro de Imóveis da Comarca de Porto Velho/RO;https://www.gov.br/pgfn/pt-br/assuntos/divida-ativa-da-uniao/transparencia-fiscal-1/painel-dos-parcelamentos/termos-de-transacao/1a-regiao/TermodeTransaoIndividualIndstriaeComrciodeBebidasMDMLTDAtarjado.pdf;False
ad52b946f862;DESTILARIA DIAMANTE S A / AGROPECUÁRIA SÃO JERÔNIMO LTDA;Region 3;2024-06-24;15802727.65;Transação Individual;65.0;60;;;Agronegócio;Fiança de José Eduardo Manhaes Barreto, Fiança de Operacional Consultoria e Comércio de Projetos Ltda;https://www.gov.br/pgfn/pt-br/assuntos/divida-ativa-da-uniao/transparencia-fiscal-1/painel-dos-parcelamentos/termos-de-transacao/3a-regiao/TermodeTransaoIndividualDestilariaDiamanteSA.pdf;False
ad833d602488;CERMAG COMERCIAL IMPORTADORA E EXPORTADORA LTDA;Region 3;2025-04-30;99872716.77;Transação Individual;65.0;114;6.0;;Comércio importador e exportador;Manutenção automática dos gravames decorrentes de arrolamento de bens, medida cautelar fiscal e garantias prestadas administrativamente ou em ações de execução fiscal ou outra ação judicial, Crédito de precatório oriundo do cumprimento de sentença sob nº 0017912-49.2008.4.01.3400 em trâmite na 6ª Vara Federal Cível da Seção Judiciária do Distrito Federal, Manutenção das garantias dos débitos eventualmente existentes até a quitação integral do saldo devedor;https://www.gov.br/pgfn/pt-br/assuntos/divida-ativa-da-uniao/transparencia-fiscal-1/painel-dos-parcelamentos/termos-de-transacao/3a-regiao/TermodeTransaoIndividualCermagComercialImportadoraeExportadora.pdf;False
ae085ebde651;IBÉRIA INDUSTRIA DE EMBALAGENS LTDA (e demais devedoras/garantidoras do grupo econômico - CONTREM PARTICIPACOES LTDA, GALAICOS EMPREENDIMENTOS E PARTICIPACOES LTDA, IBERCOR PAPÉIS E EMBALAGENS LTDA, IBERKRAFT INDUSTRIA DE PAPEL E CELULOSE LTDA, IBEROS TRANSPORTES LTDA, IBERSUL INDÚSTRIA DE PAPEL E CELULOSE LTDA, IBERTRANS TRANSPORTES RODOVIARIOS LTDA, GONZALO GALLARDO DIAZ);Region 3;2023-11-14;1064666545.22;Transação Individual (art. 171 CTN, Lei 13.988/2020, art. 10-C Lei 10.522/2002, Portaria PGFN 9.917/2020, Portaria PGFN 2.382/2021 c.c. Portaria PGFN 6757/2022);57.41;120;0.0;True;Indústria de embalagens/papel e celulose e transportes;Veículos automotores (Anexo III) - R$ 11.722.452,00, Máquinas (Anexo IV) - R$ 22.908.826,62, Imóveis diversos (itens 5.2 e 5.3) - R$ 37.875.686,84, Imóveis de Ibéria Indústria de Embalagens Ltda (matrículas 3762, 2380, 14.772, direitos sobre 49.310 e 54.678), Imóveis de Gonzalo Gallardo Diaz (matrículas 859, 5.353, 69.253, 23.130), Imóveis das garantidoras Agueda, Sumaya e Maitê (matrículas 39.787, 39.855, 39.856, 64.443, 64.444), Imóveis da Sammalugo Empreendimentos e Participações Ltda (matrículas 29.789, 29.7920, 29.791, 36.094, 36.095, 36.096, 44.866, 44.867, 44.868);https://www.gov.br/pgfn/pt-br/assuntos/divida-ativa-da-uniao/transparencia-fiscal-1/painel-dos-parcelamentos/termos-de-transacao/3a-regiao/TermodeTransaoIndividualIbriaIndstriadeEmbalagensLTDAInformaesSigilosasSurpimidas.pdf;False
ae481e08bc82;Cerealista Superior Ltda;Region 4;2021-10-05;19421466.23;Transação Individual;61.78;120;;;Agronegócio;Precatórios expedidos e depósitos judiciais (utilizados para pagamento das parcelas), Pedidos de Restituição deferidos pela Receita Federal do Brasil, Restrições judiciais sobre veículos e quotas sociais da devedora (liberadas conforme Cláusula 7ª);https://www.gov.br/pgfn/pt-br/assuntos/divida-ativa-da-uniao/transparencia-fiscal-1/painel-dos-parcelamentos/termos-de-transacao/4a-regiao/termo-de-transacao-individual-cerealista-superior-ltda_.pdf;False
aea52edbe722;MAP CONCRETO E CONSTRUÇÕES;Region 3;2023-11-02;9251941.28;Transação individual;;60;;True;Construção civil;;https://www.gov.br/pgfn/pt-br/assuntos/divida-ativa-da-uniao/transparencia-fiscal-1/painel-dos-parcelamentos/termos-de-transacao/3a-regiao/TermodeTransaoIndiviudalMapConcretoeConstruesemrecuperaojudicial.pdf;False
aee23403c7b7;CLÍNICA SANTO ANTONIO DE PÁDUA LTDA e outros (grupo econômico: HOSPITAL DA PROVIDÊNCIA LTDA, HOSPITAL JOSÉ ALBERTO MAIA LTDA, HOSPITAL PSIQUIÁTRICO DE PERNAMBUCO LTDA, INSTITUTO DE PSIQUIATRIA DO RECIFE LTDA, SANATÓRIO PSIQUIÁTRICO DE RECUPERAÇÃO LTDA);Region 5;2021-11-25;;Transação Individual;70.0;1;;;Saúde (hospitais e clínicas, incluindo psiquiatria);;https://www.gov.br/pgfn/pt-br/assuntos/divida-ativa-da-uniao/transparencia-fiscal-1/painel-dos-parcelamentos/termos-de-transacao/5a-regiao/termo-de-transacao-do-grupo-hospital-jose-alberto-maia-assinado-e-tarjado.pdf;False
aef4abe54713;TECMASTER ENGENHARIA E CONSTRUCOES LTDA EM RECUPERACAO JUDICIAL;Region 5;2022-09-26;;Transação Individual (Portaria PGFN nº 6.757/2022);70.0;120;;True;Construção civil/Engenharia;;https://www.gov.br/pgfn/pt-br/assuntos/divida-ativa-da-uniao/transparencia-fiscal-1/painel-dos-parcelamentos/termos-de-transacao/5a-regiao/TermodeTransaoIndividualTecmasterEngenhariaeConstruesLTDA.pdf;False
afd79c06f5b0;GRUPO SINAL (MAIS DISTRIBUIDORA DE VEÍCULOS S/A e outras empresas do grupo);Region 3;2024-03-14;672692392.66;Transação Individual;45.39;15;;False;Comércio/distribuição de veículos automotores;;https://www.gov.br/pgfn/pt-br/assuntos/divida-ativa-da-uniao/transparencia-fiscal-1/painel-dos-parcelamentos/termos-de-transacao/3a-regiao/TermodeTransaoIndividualMaisDistribuidoradeVeculosSABillyDistribuidoradeVeculosLTDABisDistribuidoradeVeculosLTDAPriceDistribuidoradeVeculosLTDAGWBDistribuidoradeVeculosLTDAABCMo.pdf;False
b00ab82047c7;Grafset Condomínio Logísticos Ltda.;Region 5;2023-09-05;;Transação Individual;;48;6.0;;Logística/Condomínio industrial;Imóvel matrícula nº 29670, 35.718,15m², lotes 2, 4, 6, 8 e 10 da Quadra 3, Distrito Industrial, João Pessoa/PB, avaliado judicialmente em R$ 32.000.000,00;https://www.gov.br/pgfn/pt-br/assuntos/divida-ativa-da-uniao/transparencia-fiscal-1/painel-dos-parcelamentos/termos-de-transacao/5a-regiao/TermodeTransaoIndividualGrafsetCondomnioLogsticosLTDATarjado.pdf;False
b01022c48b74;TRANSPORTES CAPELLINI LTDA (e demais empresas do Grupo Belarmino - transportes);Region 3;2023-05-26;97854376.21;Transação Individual;37.22;60;;;Transporte (rodoviário de passageiros e cargas);Contrato nº 021/19 (SEI nº 6020.2019/0002396-8), celebrado pela Prefeitura do Município de São Paulo com Sambaíba Transportes Urbanos Ltda., no valor de R$ 3.135.223.280,00;https://www.gov.br/pgfn/pt-br/assuntos/divida-ativa-da-uniao/transparencia-fiscal-1/painel-dos-parcelamentos/termos-de-transacao/3a-regiao/TermodeTransaoIndividualTransportesCapelliniLTDAViaNorteTransportesUrbanosLTDAViaoSoPauloLTDAEmbralixoEmpresaBragantinadeVarrioeColetadeLixoLTDAEmpresaSoJosLTDANossaSenhorad.pdf;False
b01348f0f66d;ESTADO DA PARAÍBA;Region 5;2024-05-16;3657417146.0;Transação Individual (Portaria PGFN nº 6.757/2022, com referência à Portaria PGFN nº 2.382/2020 para eventual recuperação judicial);65.0;60;;;Administração pública estadual;;https://www.gov.br/pgfn/pt-br/assuntos/divida-ativa-da-uniao/transparencia-fiscal-1/painel-dos-parcelamentos/termos-de-transacao/5a-regiao/TermodeTransaoIndividualMunicpiodePedroVelhoRNtarjado.pdf;False
b061e1e6710c;EXPRESSO RENOVAÇÃO LTDA.;Region 4;2023-12-06;101536694.03;Transação Individual;;120;;;Logística/Transporte;Bens móveis (máquinas e equipamentos) com Avaliação de Mercado de R$ 8.092.918,12, MARCAS registradas nos números 827280734, 921388780 e 921726295 junto ao INPI, avaliadas em conjunto perfazendo R$ 27.535.326,37, Montante total garantidor de R$ 35.628.244,49, Bens já penhorados nos autos da Execução Fiscal nº 5009105-14.2013.4.04.7112, 19ª Vara Federal de Porto Alegre/RS;https://www.gov.br/pgfn/pt-br/assuntos/divida-ativa-da-uniao/transparencia-fiscal-1/painel-dos-parcelamentos/termos-de-transacao/4a-regiao/TermodeTransaoIndividualExpressoRenovaoEireliTarjado.pdf;False
b0c52a6621f8;ALUMBRA PRODUTOS ELÉTRICOS E ELETRÔNICOS LTDA;Region 3;2023-06-07;;Transação Individual (DEMAIS e PREV);;108;5.5;False;Comércio/Indústria de produtos elétricos e eletrônicos;Manutenção dos gravames decorrentes de arrolamento de bens, medida cautelar fiscal e garantias já prestadas administrativamente ou em execuções fiscais, inclusive penhoras sobre créditos da Ação nº 0017912-49.2008.4.01.3400, Imóveis objeto das matrículas nº [tarjado] junto ao 2º Registro de Imóveis de São Bernardo do Campo-SP, de propriedade da Garantidora (Sociedade Obreira de Participações e Administração Ltda);https://www.gov.br/pgfn/pt-br/assuntos/divida-ativa-da-uniao/transparencia-fiscal-1/painel-dos-parcelamentos/termos-de-transacao/3a-regiao/TermodeTransaoIndividualAlumbraProdutosEltricoseEletrnicosLTDATarjado.pdf;False
b11c4386d9c8;"GRUPO HABBIB'S (VOX LINE – CONTACT CENTER INTERMEDIARIO DE PEDIDOS LTDA.; GRUPO GENNIUS BRASIL PRODUÇÃO E COMERCIALIZAÇÃO DE ALIMENTOS S.A; GENNIUS BRASIL HOLDING DE PARTICIPAÇÕES E EMPREENDIMENTOS S.A.; MERCATO EXPRESS HOLDING DE PARTICIPAÇÃO LTDA)";Region 3;2024-03-11;96608732.84;Transação Individual;38.32;36;0.0;False;Alimentação/Food Service;;https://www.gov.br/pgfn/pt-br/assuntos/divida-ativa-da-uniao/transparencia-fiscal-1/painel-dos-parcelamentos/termos-de-transacao/3a-regiao/TermodeTransaoIndividualVoxLineContactCenterIntermediriodePedidosLTDAGrupoGenniusBrasilProduoeComercializaodeAlimentosS.AGenniusBrasilHoldingdeParticipaeseEmpreendimentos.pdf;False
b23cb858d1d2;DAGNESE E CIA LTDA;Region 4;2025-04-17;114552905.41;Transação Individual (Previdenciários e Demais Débitos);;120;;;Not identified;Bens penhorados em Execuções Fiscais, Escrituras públicas de garantias hipotecárias (caso bem não reste constrito);https://www.gov.br/pgfn/pt-br/assuntos/divida-ativa-da-uniao/transparencia-fiscal-1/painel-dos-parcelamentos/termos-de-transacao/4a-regiao/TermodeTransaoIndividualDagneseeCiaLTDA.pdf;False
b2d8df2a240e;IRMANDADE DA SANTA CASA DE MISERICORDIA DE SAO PAULO;Region 3;2025-06-20;317931810.24;Transação Individual;33.99;145;;;Saúde/Beneficência (hospital filantrópico);Precatórios Federais (Processos 0025041-86.2000.4.01.3400, 0018734-61.2010.4.03.6100, 0019296-85.2001.4.03.6100), Precatório Estadual (SP) - Processo 0031823-32.2020.8.26.0053, Imóveis (Matrículas 115.435, 157.123, 48.855, 268.776, 46.545 e 81.637, todos em São Paulo/SP);https://www.gov.br/pgfn/pt-br/assuntos/divida-ativa-da-uniao/transparencia-fiscal-1/painel-dos-parcelamentos/termos-de-transacao/3a-regiao/TermodeTransaoIndividualIrmandadedaSantaCasadeMisericrdiadeSoPaulo.pdf;False
b3dd3d9c4a79;NINFA INDÚSTRIA DE ALIMENTOS LTDA;Region 4;2022-05-13;;Transação Individual;70.0;120;;True;Indústria de alimentos;Imóvel de propriedade da devedora (lote rural nº 32-N-1-A do 1º Polígono, área de 78.390,90m², situado na BR 277, km 667, Medianeira/PR);https://www.gov.br/pgfn/pt-br/assuntos/divida-ativa-da-uniao/transparencia-fiscal-1/painel-dos-parcelamentos/termos-de-transacao/4a-regiao/TermodeTransacaoIndividualNinfaIndustriadeAlimentosLTDA.pdf;False
b3e7848d6a05;MADETEX COMÉRCIO E INDÚSTRIA LTDA (37.411.327/0001-66) e corresponsáveis SOFÁ DESIGN LTDA (14.148.154/0001-30), ORNAMENTO MÓVEIS LTDA (00.750.352/0001-64), TENDÊNCIA INTERIORES COMÉRCIO DE MÓVEIS EIRELI (31.049.624/0001-27);Region 5;Not identified;23354945.04;Transação Individual (Modalidade nº não especificado no documento);46.29;120;;True;Móveis (indústria e comércio de móveis);Mantém eventuais garantias existentes, Móveis (veículos);https://www.gov.br/pgfn/pt-br/assuntos/divida-ativa-da-uniao/transparencia-fiscal-1/painel-dos-parcelamentos/termos-de-transacao/5a-regiao/SumrioMadetexComrcioeIndstriaLTDASofDesignLTDAOrnamentoMveisLTDATendnciaInterioresComrciodeMveisEireli.pdf;False
b439b6df9b85;BLU PAGAMENTOS S/A, BLU INSTITUIÇÃO DE PAGAMENTO LTDA. (BLU IP), PAGCENTER GESTÃO E LOGÍSTICA LTDA.;Region 2;2024-07-09;44675625.56;Transação individual;65.0;12;;;Pagamentos/fintech (meios de pagamento e maquininhas POS);Equipamentos de informática e terminais de Pontos de Serviço – POS (máquinas de cartão), Penhora de 10% do faturamento mensal, Fiança pessoal dos sócios Bruno Giannini Lago Alonso e Luis Eduardo Torres Marinho;https://www.gov.br/pgfn/pt-br/assuntos/divida-ativa-da-uniao/transparencia-fiscal-1/painel-dos-parcelamentos/termos-de-transacao/2a-regiao/TermodeTransaoIndividualBluPagamentosLTDATarjado.pdf;False
b49506630ceb;JOD'S CONFECCOES LTDA EM RECUPERACAO JUDICIAL (CNPJ 02.424.669/0001-36);Region 3;Not identified;10595463.64;Transação individual;59.62;84;;True;Vestuário/Confecções;Mantém eventuais garantias existentes, Imóveis;https://www.gov.br/pgfn/pt-br/assuntos/divida-ativa-da-uniao/transparencia-fiscal-1/painel-dos-parcelamentos/termos-de-transacao/3a-regiao/SumrioJodsConfecesLTDA.pdf;False
b4baaf75cffa;LICEU FRANCO BRASILEIRO S/A e CENTRO EDUCACIONAL DA LAGOA;Region 2;2024-07-10;4878645.43;Transação Individual;10.0;135;;;Educação;Imóvel - Matrícula 354.779 - Rua das Laranjeiras, 13/15 - Rio de Janeiro - RJ, Imóvel - Matrícula 240.357 - Rua das Laranjeiras, 05 - Rio de Janeiro - RJ, Imóvel - Matrícula 401.019 - Rua das Laranjeiras, 07 e 11 - Rio de Janeiro - RJ, Fiança (garantia fidejussória) prestada pelos FIADORES;https://www.gov.br/pgfn/pt-br/assuntos/divida-ativa-da-uniao/transparencia-fiscal-1/painel-dos-parcelamentos/termos-de-transacao/2a-regiao/TermodeTransaoIndividualLiceuFrancoBrasileiroSAFGTStarjado.pdf;False
b4ce3a0d4f5b;BORAQUÍMICA LTDA e outros (grupo econômico);Region 3;2023-09-27;;Transação Individual;11.0;114;3.344;;Not identified;Bens imóveis, automóveis e embarcações de propriedade dos Requerentes indisponibilizados nos autos da ação cautelar fiscal nº 5018248-55.2018.4.03.6182, Fiança do sócio administrador Fábio Gonçalves Chaves e das pessoas jurídicas BUENO PRESTAÇÃO DE SERVIÇOS EIRELI e TJ-LOG ARMAZÉNS GERAIS LTDA;https://www.gov.br/pgfn/pt-br/assuntos/divida-ativa-da-uniao/transparencia-fiscal-1/painel-dos-parcelamentos/termos-de-transacao/3a-regiao/TermodeTransaoIndividualBoraquimicaLTDA.pdf;False
b4d6bea7f6c6;FRÍGORÍFICO RAINHA DA PAZ LTDA;Region 4;2021-05-19;91148691.9;Transação Individual;42.86;84;;;Agronegócio/Frigorífico;Veículos (relação detalhada no ANEXO II, dados tarjados), Equipamentos (relação detalhada no ANEXO II, dados tarjados), Imóveis (relação detalhada no ANEXO II, dados tarjados), Investimentos (relação detalhada no ANEXO II, dados tarjados);https://www.gov.br/pgfn/pt-br/assuntos/divida-ativa-da-uniao/transparencia-fiscal-1/painel-dos-parcelamentos/termos-de-transacao/4a-regiao/termo-de-transacao-individual-frigorifico-rainha-da-paz-ltda.pdf;False
b5633ba177f6;ARMIL MINERAÇÃO DO NORDESTE EIRELI;Region 5;2023-05-29;;Transação Individual;65.0;110;;;Mineração;;https://www.gov.br/pgfn/pt-br/assuntos/divida-ativa-da-uniao/transparencia-fiscal-1/painel-dos-parcelamentos/termos-de-transacao/5a-regiao/TermodeTransaoIndividualArmilMineraodoNordesteEireli.pdf;False
b58fcb7144f2;SANTA CASA DE MISERICÓRDIA DE PELOTAS;Region 4;2022-07-19;27759476.25;Transação Tributária Individual;;145;;;Saúde/Filantropia (associação filantrópica hospitalar);Matrícula nº 41.450 da 2ª Zona de Pelotas (Anexo III) - quatro lances de casas de meios águas na Rua Manduca Rodrigues, Matrícula nº 43.798 da 2ª Zona de Pelotas (Anexo IV) - terreno na Praça Sete de Julho com posto de gasolina, Matrícula nº 36.279 da 1ª Zona de Pelotas (Anexo V) - prédio de material na Rua 15 de Novembro nº 815, Imóvel conforme Livro 3-O, fl. 120, número 20.153, de 06/10/1924 (Anexo VI) - casa de moradia na Rua Manduca Rodrigues nº 419;https://www.gov.br/pgfn/pt-br/assuntos/divida-ativa-da-uniao/transparencia-fiscal-1/painel-dos-parcelamentos/termos-de-transacao/4a-regiao/TermodeTransaoIndividualSantaCasadeMisericrdiadePelotasTarjado.pdf;False
b5a3ddc010f7;MUNICÍPIO DE NOSSA SENHORA DE GLÓRIA;Region 5;2024-03-13;;Transação Individual;65.0;60;;;Administração pública municipal;;https://www.gov.br/pgfn/pt-br/assuntos/divida-ativa-da-uniao/transparencia-fiscal-1/painel-dos-parcelamentos/termos-de-transacao/5a-regiao/TermodeTransaoIndividualMunicpiodeNossaSenhoradeGlriaSEtarjado.pdf;False
b5a4c637de10;IBS INTEGRATED BUSINESS SOLUTIONS CONSULTORIA LTDA. e GLOBAL DIGITAL BUSINESSE SOLUTIONS EM TECNOLOGIA LTDA;Region 3;2024-05-15;20166499.23;Transação Individual;64.93;1;;;Consultoria/Tecnologia;;https://www.gov.br/pgfn/pt-br/assuntos/divida-ativa-da-uniao/transparencia-fiscal-1/painel-dos-parcelamentos/termos-de-transacao/3a-regiao/TermodeTransaoIndividualIBSIntegratedBusinessSolutionsConsultoriaLTDATarjado.pdf;False
b5c2c311ad9f;CWM CONSULTORIA E PARTICIPAÇÕES LTDA;Region 3;2024-10-02;;Transação Individual;64.72;36;;;Consultoria/Participações societárias;Mantém-se as garantias dos débitos eventualmente existentes até a quitação integral do saldo devedor do Acordo de Transação;https://www.gov.br/pgfn/pt-br/assuntos/divida-ativa-da-uniao/transparencia-fiscal-1/painel-dos-parcelamentos/termos-de-transacao/3a-regiao/TermodeTransacaoIndividualCWMConsultoriaeParticipacoesLTDATarjado.pdf;False
b5cbe9e65dbf;RAPIDO RORAIMA LTDA;Region 3;2024-09-30;;Transação individual;;36;;;Transporte;Manutenção das garantias dos débitos eventualmente existentes até a quitação integral do saldo devedor, Manutenção automática dos gravames decorrentes de arrolamento de bens, de medida cautelar fiscal e das garantias prestadas administrativamente ou nas ações de execução fiscal ou em qualquer outra ação judicial;https://www.gov.br/pgfn/pt-br/assuntos/divida-ativa-da-uniao/transparencia-fiscal-1/painel-dos-parcelamentos/termos-de-transacao/3a-regiao/TermodeTransaoIndividualRpidoRoraimaLTDATarjado.pdf;False
b5f58ca3469a;OXFORT CONSTRUÇÕES S.A;Region 3;2024-10-08;;Transação individual;;60;;False;Construção civil;Bem imóvel matriculado sob o nº 20.240, no Cartório de Registro de Imóveis de Itaquaquecetuba/SP, Fiança pessoal de Nivaldo Pereira Salles Filho;https://www.gov.br/pgfn/pt-br/assuntos/divida-ativa-da-uniao/transparencia-fiscal-1/painel-dos-parcelamentos/termos-de-transacao/3a-regiao/TermodeTransaoIndividualOxfortConstruesSATarjado.pdf;False
b61b331eb50d;REMATEL CONSULTORIA LTDA;Region 5;2024-01-11;;Transação Individual;;144;;;Consultoria;Manutenção automática dos gravames decorrentes de arrolamento de bens, medida cautelar fiscal e garantias prestadas administrativamente, Manutenção de penhoras eventualmente existentes nos executivos fiscais em trâmite na Justiça Federal de Pernambuco;https://www.gov.br/pgfn/pt-br/assuntos/divida-ativa-da-uniao/transparencia-fiscal-1/painel-dos-parcelamentos/termos-de-transacao/5a-regiao/TermodeTransaoIndividualRematelConsultoriaLTDATarjado.pdf;False
b64df19fdd4f;CEAM CENTRO DE ASSISTENCIA MEDICA MORATO S/S LTDA e PLENA SAUDE S/A;Region 3;2024-10-29;83012184.48;Transação individual (modalidades DEMAIS e PREV);55.84;120;;;Saúde;Manutenção automática dos gravames decorrentes de arrolamento de bens, de medida cautelar fiscal e das garantias prestadas administrativamente ou nas ações de execução fiscal ou em qualquer outra ação judicial;https://www.gov.br/pgfn/pt-br/assuntos/divida-ativa-da-uniao/transparencia-fiscal-1/painel-dos-parcelamentos/termos-de-transacao/3a-regiao/TermodeTransaoIndividualCEAMCentrodeAssistenciaMedicaMoratoSSLTDATarajado.pdf;False
b6af5677e000;CASA DE SAUDE E MATERNIDADE TEREZINHA DE JESUS LTDA;Region 2;2025-04-03;74038793.53;Transação Individual;65.0;96;;False;Saúde/hospitalar;Imóveis objeto de edificação comercial de uso hospitalar (Rua Gessyr Gonçalves Fontes, nº 139/169 e Rua Manoel Francisco Rosa, nº 156/176, São João de Meriti/RJ) - diversas matrículas, Penhora sobre 20% dos contratos de recebíveis (faturas de convênios), Penhora de 5% da receita bruta mensal da DEVEDORA;https://www.gov.br/pgfn/pt-br/assuntos/divida-ativa-da-uniao/transparencia-fiscal-1/painel-dos-parcelamentos/termos-de-transacao/2a-regiao/TermodeTransaoIndividualCasadeSadeTerezinhadeJesusLTDA.pdf;False
b6e83e128e7f;VANGUARDA REFRATÁRIOS ESPECIAIS LTDA.;Region 3;2024-06-06;;Transação Individual;65.0;120;;;Indústria (refratários);Imóvel de Matrícula 13.348, registrado no Cartório de Registro de Imóveis e Anexos de Valinhos, localizado na Rua João Previtale, nº 2.810, Casa 10 - Jardim Alto da Colina, Condomínio Residencial Le Village, Valinhos, de propriedade de terceiro que anuiu com o oferecimento da garantia;https://www.gov.br/pgfn/pt-br/assuntos/divida-ativa-da-uniao/transparencia-fiscal-1/painel-dos-parcelamentos/termos-de-transacao/3a-regiao/TermodeTransaoIndividualVanguardaRefratriosEspeciaisLTDA.pdf;False
b6f70d392b00;CARBINOX INDÚSTRIA E COMÉRCIO LTDA (53.261.533/0001-93);Region 3;Not identified;75478025.61;Transação Individual;56.0;60;;False;Industrial (metalurgia/aço inox);Fidejussória;https://www.gov.br/pgfn/pt-br/assuntos/divida-ativa-da-uniao/transparencia-fiscal-1/painel-dos-parcelamentos/termos-de-transacao/3a-regiao/SumrioCarbinoxIndstriaeComrcioLTDA.pdf;False
b74e6c978ce4;IPANEMA AGROINDUSTRIAL S.A.;Region 3;Not identified;6153209.98;Transação Individual;40.88;60;;True;Agroindústria;Mantém eventuais garantias existentes;https://www.gov.br/pgfn/pt-br/assuntos/divida-ativa-da-uniao/transparencia-fiscal-1/painel-dos-parcelamentos/termos-de-transacao/3a-regiao/SumrioIPANEMAAGROINDUSTRIALS.A..pdf;False
b781cbcd2b0e;VIAÇÃO GRACIOSA LTDA (e corresponsáveis: VIAÇÃO MARUMBI LTDA, GRACIOSA TRANSPORTE E TURISMO LTDA, EMPRESA CURITIBA CERRO AZUL LTDA);Region 4;Not identified;81821396.51;Transação Individual (FGTS - Modalidade nº 63);50.05;120;;False;Transporte (rodoviário/turismo);Imóveis;https://www.gov.br/pgfn/pt-br/assuntos/divida-ativa-da-uniao/transparencia-fiscal-1/painel-dos-parcelamentos/termos-de-transacao/4a-regiao/SumrioViaoGraciosaLTDAViaoMarumbiLTDAGraciosaTransporteeTurismoLTDAEmpresaCuritibaCerroAzulLTDAEluizaHelenaSchaedlerLidiaBeatrizSchaedlerAlvesPereira.pdf;False
b7ad5cafcb68;INTERACTV SERVICOS LIMITADA - 04.260.611/0001-20;Region 3;Not identified;12027976.79;Transação individual;57.88;120;0.0;False;Not identified;Imóveis, Fidejussória;https://www.gov.br/pgfn/pt-br/assuntos/divida-ativa-da-uniao/transparencia-fiscal-1/painel-dos-parcelamentos/termos-de-transacao/3a-regiao/SumrioInteractvServiosLTDA.pdf;False
b7aec591b728;AZUL LINHAS AEREAS BRASILEIRAS S.A.;Region 3;Not identified;2889332330.1;Transação individual;42.1;;;;Aviação/transporte aéreo;Garantia (indicador constante nas inscrições);https://www.gov.br/pgfn/pt-br/assuntos/divida-ativa-da-uniao/transparencia-fiscal-1/painel-dos-parcelamentos/termos-de-transacao/3a-regiao/AnexoI.pdf;False
b7d32685e3a5;INDÚSTRIAS GERAIS DE PARAFUSOS INGEPAL LTDA;Region 3;Not identified;76979803.41;Transação Individual;62.19;55;;;Indústria (metalurgia/parafusos);;https://www.gov.br/pgfn/pt-br/assuntos/divida-ativa-da-uniao/transparencia-fiscal-1/painel-dos-parcelamentos/termos-de-transacao/3a-regiao/TermodeTransaoIndividualIndstriasGeraisdeParafusosIngepalLTDA.pdf;False
b7d58df8fe10;PERNAMBUCO CONSTRUTORA EMPREENDIMENTOS LTDA (DEVEDORA PRINCIPAL) e outros (grupo econômico PERNAMBUCO);Region 5;2024-05-09;114195292.76;Transação Individual;58.69;96;;;Construção civil/Incorporação imobiliária;Terreno São Lourenço (Gleba 1A) - avaliação R$ 10.584.000,00 - área 1288,52 m², Terreno São Lourenço (Gleba 1B) - avaliação R$ 1.666.000,00 - área 308,58 m², Terreno Barra de Jangada - avaliação R$ 13.452.000,00 - área 1306,47 m², Total das garantias avaliado em R$ 25.702.000,00, Terreno localizado em São Lourenço da Mata-PE, avaliado em R$ 16.348.000,00, área 58.108,25 m², como garantia das CDAs 40 2 22 003489-50, 40 6 22 011273-28, 40 6 22 011274-09 e 40 7 22 002763-60;https://www.gov.br/pgfn/pt-br/assuntos/divida-ativa-da-uniao/transparencia-fiscal-1/painel-dos-parcelamentos/termos-de-transacao/5a-regiao/copy_of_TermodeTransaoIndividualPernambucoConstrutoraEmpreendimentosLTDATarjado.pdf;False
b804210a7509;AZEVEDO & TRAVASSOS S/A;Region 3;2023-05-23;;Transação individual;;120;6.0;;Construção civil/engenharia;Imóvel (matrícula tarjada) - avaliação R$ 28.960.000,00, Imóvel (matrícula tarjada) - avaliação R$ 8.800.000,00;https://www.gov.br/pgfn/pt-br/assuntos/divida-ativa-da-uniao/transparencia-fiscal-1/painel-dos-parcelamentos/termos-de-transacao/3a-regiao/TermodeTransaoIndividualAzevedoeTravassosprotegido.pdf;False
b8257337a2b4;GME - Garça Motores Elétricos Ltda;Region 3;Not identified;205306341.7;Repactuação de Transação Individual;70.0;120;;True;Not identified;Manutenção de eventuais garantias existentes nos processos em curso;https://www.gov.br/pgfn/pt-br/assuntos/divida-ativa-da-uniao/transparencia-fiscal-1/painel-dos-parcelamentos/termos-de-transacao/3a-regiao/SumrioGMEGaraMotoresEltricos.pdf;False
b82580e1a7fc;GRAFICA SANTA CRUZ LTDA;Region 2;2024-03-21;55050530.69;Transação individual;65.0;120;;;Gráfica/Indústria gráfica;10% de recebíveis oriundos dos direitos de crédito do devedor junto aos clientes/credores, Imóveis (terreno e imóveis diversos em Mendes/RJ) - detalhados em tabela, Equipamentos industriais (impressoras, corte e vinco, coladeiras, guilhotina, etc.) - detalhados em tabela;https://www.gov.br/pgfn/pt-br/assuntos/divida-ativa-da-uniao/transparencia-fiscal-1/painel-dos-parcelamentos/termos-de-transacao/2a-regiao/TermodeTransacaoIndividualGraficaSantaCruztarjado.pdf;False
b861abda2d30;BASALTO PEDREIRA E PAVIMENTAÇÃO LTDA e outras (grupo econômico) - BASALTO MINERAÇÃO LTDA, BETONIT ENGENHARIA INDÚSTRIA E COMÉRCIO LTDA, CONSTRUTORA ESTRUTURAL LTDA, ESTRUTURAL BLOCOS E TELHAS LTDA, ESTRUTURAL LOGÍSTICA INTEGRADA LTDA, ESTRUTURAL PARTICIPAÇÕES E COMÉRCIO S/A, VITERBO MACHADO LUZ MINERAÇÃO LTDA, PEDREIRA CAMPO REDONDO LTDA, PEDREIRA SAO PEDRO LTDA;Region 3;2024-11-19;428836795.81;Transação Individual;;6;;;Mineração/Construção civil (pedreiras, concreto e materiais de construção);;https://www.gov.br/pgfn/pt-br/assuntos/divida-ativa-da-uniao/transparencia-fiscal-1/painel-dos-parcelamentos/termos-de-transacao/3a-regiao/TermodeTransaoIndividualBasaltoPedreiraePavimentaoLTDATarjado.pdf;False
b88e0d79f61c;METALÚRGICA FALCÃO LTDA;Region 4;2025-02-24;32844804.33;Transação Individual;;;;;Metalurgia/Indústria;3 (três) bens imóveis localizados em Porto Alegre/RS: transcrições de nº 27.052, 34.645 e 40.952, previamente avaliados em R$ 5.220.000,00, Direitos sobre a marca Metalúrgica Falcão Ltda., registrada junto ao INPI (processo nº 827548893), previamente avaliados em R$ 10.000.000,00, Hipoteca extrajudicial em favor da União - Fazenda Nacional, caso indeferida a penhora judicial dos imóveis;https://www.gov.br/pgfn/pt-br/assuntos/divida-ativa-da-uniao/transparencia-fiscal-1/painel-dos-parcelamentos/termos-de-transacao/4a-regiao/TermodeTransaoIndividualMetalurgicaFalcao.pdf;False
b8deab7ef28e;ICOMON TECNOLOGIA LTDA. e ICOMON COMERCIAL E CONSTRUTORA LTDA;Region 3;2025-05-30;585576706.1;Transação Individual;55.57;84;;;Not identified;Fiança dos sócios (Vivien Mello Suruagy, Walter Annicchino, Roberto Guidoni Sobrinho), Contrato nº ACM 2023.057691 com a Vivo S.A. no valor de R$ 1.128.861.768,90, vencimento 30.05.2026;https://www.gov.br/pgfn/pt-br/assuntos/divida-ativa-da-uniao/transparencia-fiscal-1/painel-dos-parcelamentos/termos-de-transacao/3a-regiao/TermodeTransaoIndividualIcomonTecnologiaLTDAIcomonComercialeConstrutoraLTDA.pdf;False
b8ebf9b6a8ba;URBANA COMPANHIA DE SERVICOS URBANOS DE NATAL;Region 5;2022-03-23;;Transação Individual (Termo Aditivo) - Demais Débitos;;;;;Serviços urbanos/limpeza e conservação;;https://www.gov.br/pgfn/pt-br/assuntos/divida-ativa-da-uniao/transparencia-fiscal-1/painel-dos-parcelamentos/termos-de-transacao/5a-regiao/TermoAditivoURBANA.pdf;False
b9067adb0ac1;FAM DA AMAZONIA INDUSTRIA E COMERCIO DE AR-CONDICIONADO LTDA (FRIOTERM DA AMAZONIA INDUSTRIA E COMERCIO LTDA);Region 1;2023-10-10;11878004.59;Transação Individual;65.0;120;;;Industrial (fabricação/comércio de ar-condicionado);"Imóvel denominado 'Planta industrial, localizada na Rua Balata, 390 – D. Industrial – Manaus/AM', já ofertada à penhora nos autos nº 1026535-15.2022.4.01.3200; com penhora no rosto dos autos nº 1023128-98.2022.4.01.3200";https://www.gov.br/pgfn/pt-br/assuntos/divida-ativa-da-uniao/transparencia-fiscal-1/painel-dos-parcelamentos/termos-de-transacao/1a-regiao/TermodeTransaoIndividualFAMdaAmazniaIndstriaeComrciodeArcondicionadoLTDAtarjado.pdf;False
b9f5fd75c6c2;MOCOCA S.A PRODUTOS ALIMENTÍCIOS e KREMON DO BRASIL INDUSTRIA E COMERCIO LTDA (Grupo Mococa) - EM RECUPERAÇÃO JUDICIAL;Region 3;2025-05-05;32294528.5;Transação Individual - Termo Aditivo de Repactuação;65.0;75;;True;Alimentício;;https://www.gov.br/pgfn/pt-br/assuntos/divida-ativa-da-uniao/transparencia-fiscal-1/painel-dos-parcelamentos/termos-de-transacao/3a-regiao/TermodeTransaoIndividualMococaSAProdutosAlimentciosTarjado.pdf;False
ba254df9a2a4;DIBUTE SOFTWARE LTDA., SWR INFORMÁTICA LTDA. e CS9 SERVIÇOS DE CONSULTORIA E INFORMÁTICA LTDA. (todas em Recuperação Judicial) - Garantidora: GLOBEINBRA LLC;Region 3;2021-09-30;323000169.76;Transação Individual;;120;5.0;True;Serviços de informática;Imóveis relacionados no Anexo III (salas comerciais e vagas de garagem em Brasília, BH, Fortaleza e Salvador);https://www.gov.br/pgfn/pt-br/assuntos/divida-ativa-da-uniao/transparencia-fiscal-1/painel-dos-parcelamentos/termos-de-transacao/3a-regiao/termo-de-transacao-individual-dibute.pdf;False
baa45f4775ef;CARRETEIRO ALIMENTOS LTDA;Region 2;2025-04-29;37205273.19;Transação Individual;70.0;60;;;Alimentos;"Imóvel constituído de apartamento nº 401, Bloco 01, do Edifício Royal Country, integrante do empreendimento ""Barra Golden Green"", com 04 vagas de garagem, na Freguesia de Jacarepaguá, matrícula no 9º Ofício de Registro de Imóveis da Capital";https://www.gov.br/pgfn/pt-br/assuntos/divida-ativa-da-uniao/transparencia-fiscal-1/painel-dos-parcelamentos/termos-de-transacao/2a-regiao/TermodeTransaoIndividualCarreteiroAlimentosLTDATarjado.pdf;False
bab01a9cec7e;HOSPITAL DE CARIDADE DE CANELA;Region 4;2023-03-28;14189065.9;Transação Individual;;;;;Saúde/Hospitalar (associação beneficente sem fins lucrativos);Imóvel matrícula nº 750 do Livro nº 2 - Registro Geral, do Registro de Imóveis de Canela/RS, avaliado em R$ 16.000.000,00;https://www.gov.br/pgfn/pt-br/assuntos/divida-ativa-da-uniao/transparencia-fiscal-1/painel-dos-parcelamentos/termos-de-transacao/4a-regiao/TermodeTransaoIndividualHospitaldeCaridadedeCanelaTarjado.pdf;False
bad69acd8072;IND DE TORRONE NOSSA SENHORA DE MONTEVERGINE LTDA;Region 3;2024-03-12;14733896.56;Transação individual (DEMAIS e PREV);65.0;60;;True;Indústria alimentícia (doces/torrone);Fiança pessoal dos sócios João Rafael Altério e Francisco Altério (Termo de Garantia Fidejussória - Anexo II), Manutenção de gravames decorrentes de arrolamento de bens, medida cautelar fiscal e garantias já prestadas administrativamente ou em execuções fiscais;https://www.gov.br/pgfn/pt-br/assuntos/divida-ativa-da-uniao/transparencia-fiscal-1/painel-dos-parcelamentos/termos-de-transacao/3a-regiao/TermodeTransaoIndividualInddeTorroneNossaSenhoradeMontevergineLTDAtarjado.pdf;False
bb579e989f5a;GEOSISTEMAS ENGENHARIA E PLANEJAMENTO LTDA;Region 5;2021-07-06;;Transação individual (Segundo Termo Aditivo);;;;;Engenharia/Planejamento;;https://www.gov.br/pgfn/pt-br/assuntos/divida-ativa-da-uniao/transparencia-fiscal-1/painel-dos-parcelamentos/termos-de-transacao/5a-regiao/segundo-termo-aditivo-geosistemas.pdf;False
bb63f658e49b;GRAX LUBRIFICANTES ESPECIAIS LTDA – EM RECUPERAÇÃO JUDICIAL;Region 3;2023-07-07;;Transação individual (Plano de Recuperação Judicial);;60;;True;Not identified;1 Envasadora Semi Automática 2B (60 MM), valor R$ 18.900,00, 1 Envasadora Automática Rotativa 8 Bicos, valor R$ 440.000,00, 1 Misturadora 7.500L Aço Carbono, valor R$ 167.906,30, 1 Sistema de Pesagem, valor R$ 64.100,00, 1 GM Captiva Sport FWD, ano 2009/2010, valor FIPE R$ 39.359,00, 1 Hyundai Tucson GLS 27L, ano 2007, valor FIPE R$ 31.706,00;https://www.gov.br/pgfn/pt-br/assuntos/divida-ativa-da-uniao/transparencia-fiscal-1/painel-dos-parcelamentos/termos-de-transacao/3a-regiao/TermodeTransaoIndividualGraxLubrificantesEspeciaisLTDA.pdf;False
bb8fb826e71e;MUNICÍPIO DE CAICÓ;Region 5;2023-12-11;;Transação Individual - Plano de Regularização Fiscal;65.0;60;;;Administração pública municipal;Ficam mantidas todas as garantias eventualmente já associadas aos débitos incluídos nesta transação individual, até a sua plena quitação, inclusive penhoras prévias em execuções fiscais.;https://www.gov.br/pgfn/pt-br/assuntos/divida-ativa-da-uniao/transparencia-fiscal-1/painel-dos-parcelamentos/termos-de-transacao/5a-regiao/TermodeTransaoIndividualMunicpiodeCaicTarjado.pdf;False
bbbe7427b414;APPA SERVIÇOS TEMPORÁRIOS E EFETIVOS LTDA e outras (grupo econômico com várias empresas de terceirização de serviços e pessoas físicas - dados tarjados);Region 3;2024-08-19;;Transação Individual;;120;;;Serviços terceirizados/temporários;Imóveis listados no Anexo IV, já arrolados na medida cautelar fiscal nº 5000418-37.2022.403.6182, no valor total de R$157.483.744,00, Recebíveis oriundos do contrato derivado do Registro de Preços nº 90002/2024 (processo administrativo nº 13032.99544/2024-71), no valor de R$30.024.983,64, firmado com a União Federal;https://www.gov.br/pgfn/pt-br/assuntos/divida-ativa-da-uniao/transparencia-fiscal-1/painel-dos-parcelamentos/termos-de-transacao/3a-regiao/TransaoIndividualGrupoAppaServiosTemporrioseEfetivosLTDATarjado.pdf;False
bbea7b92bc1c;IGB ELETRÔNICA S/A (em recuperação judicial) e sua subsidiária EMPRESA BRASILEIRA DE TECNOLOGIA DIGITAL LTDA – EBTD (em recuperação judicial);Region 1;2022-07-04;588966866.32;Transação Individual;70.0;120;;True;Eletroeletrônicos/tecnologia (marcas Gradiente, Safe Phone, entre outras);Hipoteca/penhora sobre a Planta Industrial Açaí (terreno, edificações, acessórios e demais benfeitorias), situada à Avenida Açaí, nº 875, Distrito Industrial – Manaus/AM, matrículas nº 662 e nº 1.724, avaliada em R$ 168.000.000,00, Penhor de direitos incidentes sobre as marcas caracterizadas no ANEXO II-B (ex.: Gradiente, Safe Phone, entre outras);https://www.gov.br/pgfn/pt-br/assuntos/divida-ativa-da-uniao/transparencia-fiscal-1/painel-dos-parcelamentos/termos-de-transacao/1a-regiao/TermodeTransaoIndividualIGBEletrnicaSA.pdf;False
bbfc8a413d08;CIA NOVOSUL INDUSTRIA E COMERCIO e outros (grupo econômico: DUNAS COSTEIRAS TURISMO LTDA, COMETA - PARTICIPAÇÕES LTDA, FOX S/A SERVIÇOS E PARTICIPAÇÕES, WEBERTUR VIAGENS E TURISMO LTDA - ME, PLÍNIO PAESE SEGUNDO);Region 4;2022-10-28;30181001.22;Transação Individual - Plano de Pagamento Parcelado do Débito Fiscal;;;;;Turismo/Participações e Comércio (grupo econômico diversificado - turismo, comércio, participações societárias);Penhora sobre área de terras em Mostardas/RS (Fazenda Esperança, matrículas 26.783 e 26.784), avaliada em R$ 13.551.851,00, de titularidade de Dunas Costeiras Turismo Ltda, Imóvel comercial na Rua Voluntários da Pátria/Rua Ernesto Alves, Porto Alegre (matrícula 37.283), avaliado em R$ 2.900.000,00, de titularidade de Fox Serviços e Participações S/A, Depósito na Rua da Conceição nº 165, Porto Alegre (matrícula 13.743), avaliado em R$ 3.200.000,00, de titularidade de Cometa Participações Ltda, Terreno em Lages/SC, matrícula 8.697, avaliado em R$ 303.750,00, Terreno em Lages/SC, matrícula 28.961-A (sem avaliação informada), Imóvel matrícula 3.417 do 4º Ofício de RI de Lages/SC, penhorado na Execução Fiscal nº 5020651-92.2019.4.04.7100/RS, avaliado em R$ 3.333.331,65, Fiança de Delair Reli Sbabo Paese, Celma Paese e Delia Paese;https://www.gov.br/pgfn/pt-br/assuntos/divida-ativa-da-uniao/transparencia-fiscal-1/painel-dos-parcelamentos/termos-de-transacao/4a-regiao/TermodeTransaoIndividualCIANovosulIndustriaeComrcioTarjado.pdf;False
bc1cf9551c65;DINIZ ENGENHARIA LTDA;Region 5;2020-11-24;;Transação Individual;50.0;84;;False;Engenharia/Construção;;https://www.gov.br/pgfn/pt-br/assuntos/divida-ativa-da-uniao/transparencia-fiscal-1/painel-dos-parcelamentos/termos-de-transacao/5a-regiao/termo-de-transacao-individual-diniz-engenharia;False
bc222e8f8c4a;M M FRANQUIA LTDA;Region 3;2024-08-22;;Transação Individual (modalidades DEMAIS e PREV);65.0;48;;False;"Franquia/comércio (estética - ""PRO CORPO ESTETICA"" conforme assinatura)";Manutenção automática dos gravames decorrentes de arrolamento de bens, medida cautelar fiscal e garantias prestadas administrativamente ou em ações de execução fiscal ou outra ação judicial;https://www.gov.br/pgfn/pt-br/assuntos/divida-ativa-da-uniao/transparencia-fiscal-1/painel-dos-parcelamentos/termos-de-transacao/3a-regiao/TermodeTransacaoIndividualMMFranquiaLTDAassinado.pdf;False
bc4f806236eb;PROJEÇÃO ENGENHARIA PAULISTA DE OBRAS EIRELI;Region 3;2024-10-29;;Transação Individual;65.0;36;;;Engenharia/Construção Civil;;https://www.gov.br/pgfn/pt-br/assuntos/divida-ativa-da-uniao/transparencia-fiscal-1/painel-dos-parcelamentos/termos-de-transacao/3a-regiao/TermodeTransaoIndividualProjeoEngenhariaPaulistadeObrasEireliTarjado.pdf;False
bca9dce2010c;COMPANHIA PAULISTA DE FORÇA E LUZ (CPFL PAULISTA);Region 3;2022-12-27;1288173845.79;Transação Individual;;60;;;Energia elétrica;Apólices de Seguro Garantia, Carta de Fiança;https://www.gov.br/pgfn/pt-br/assuntos/divida-ativa-da-uniao/transparencia-fiscal-1/painel-dos-parcelamentos/termos-de-transacao/3a-regiao/TermodeTransaoIndividualCompanhiaPaulistadeForaeLuzInformaesSigilosasSuprimidas.pdf;False
bdf8f9bd9c4f;"HOSPITAL ALFA S/A – EM RECUPERAÇÃO JUDICIAL; FR CONSTRUÇÕES E INCORPORAÇÕES LTDA – EM RECUPERAÇÃO JUDICIAL; FTOP Construções e Incorporações Ltda.; Quadrade Empreendimentos Imobiliários Ltda; Capri Empreendimento Imobiliário Ltda. (SEM DÉBITOS); VPF Administração e Participações S/A (SEM DÉBITOS)";Region 5;2024-05-08;;Transação Individual (Termo Aditivo);70.0;31;;True;Saúde/Construção civil e incorporação imobiliária;;https://www.gov.br/pgfn/pt-br/assuntos/divida-ativa-da-uniao/transparencia-fiscal-1/painel-dos-parcelamentos/termos-de-transacao/5a-regiao/TermodeTransaoIndividualHospitalAlfaSATarjado.pdf;False
be61815468f0;LATASA INDÚSTRIA E COMÉRCIO LTDA. e outras (grupo econômico LATASA);Region 3;2023-12-21;;Transação Individual;57.0;120;;;Reciclagem/comércio de metais e alumínio;Bens imóveis, conforme relatório do Anexo VI, no valor consolidado de R$ (valor venal atribuído), Direitos sobre marcas e patentes descritos no Anexo VII, Seguro garantia no valor de R$ (valor tarjado) a ser apresentado em até 90 dias da assinatura do termo;https://www.gov.br/pgfn/pt-br/assuntos/divida-ativa-da-uniao/transparencia-fiscal-1/painel-dos-parcelamentos/termos-de-transacao/3a-regiao/TermodeTransacaoIndividualLatasaIndstriaeComrcioLTDAtarjado.pdf;False
be9b83454d55;GRANENERGIA INVESTIMENTOS S/A e MTO REAL ESTATE PARTICIPACOES EIRELI;Region 2;2023-06-06;97445402.88;Transação individual;;120;;;Not identified;Hipoteca dos imóveis de matrículas 65.650, 16.455 e 6.969, registrados perante o Cartório do 1º Ofício de Registro de Imóveis de Mogi das Cruzes/SP, avaliados em R$117.468.000,00;https://www.gov.br/pgfn/pt-br/assuntos/divida-ativa-da-uniao/transparencia-fiscal-1/painel-dos-parcelamentos/termos-de-transacao/2a-regiao/TermodeTransacaoIndividualGranenergiaInvestimentosSA.pdf;False
bea769543de9;INDÚSTRIA ORIENTAL LTDA;Region 5;2023-11-06;;Transação Individual;;;4.0;;Not identified;Imóvel matrícula 62.115 - 2ª Circunscrição Imobiliária de Aracaju/Sergipe, Imóvel matrícula (tarjada) - Circunscrição Imobiliária de Aracaju/Sergipe;https://www.gov.br/pgfn/pt-br/assuntos/divida-ativa-da-uniao/transparencia-fiscal-1/painel-dos-parcelamentos/termos-de-transacao/5a-regiao/TermodeTransaoIndividualIndstriaOrientalLTDAInformaesSigilosasSuprimidas.pdf;False
bea8eabec93c;INTERNATIONAL CHRISTIAN SCHOOL OF RIO DE JANEIRO;Region 2;Not identified;120319.99;Transação individual;;45;;;Educação;Bens integrantes do acervo da DEVEDORA (ANEXO VI), Veículo Ford Ranger XLT 4x4 Diesel, ano 2013, Veículo Volkswagen Fox G-II Flex Manual 1.0, ano 2010, 7% (sete por cento) da receita bruta mensal da DEVEDORA em caso de rescisão;https://www.gov.br/pgfn/pt-br/assuntos/divida-ativa-da-uniao/transparencia-fiscal-1/painel-dos-parcelamentos/termos-de-transacao/2a-regiao/TermodeTransacaoIndividualInternationalChristianSchoolofRiodeJaneirotarjado.pdf;False
beb1042bb295;GF6 EMPREENDIMENTOS IMOBILIARIOS LTDA;Region 1;2024-04-16;13783002.86;Transação Individual;32.19;120;;;Not identified;Bens imóveis (Anexo II) avaliados em R$ 13.240.000,00, Hipoteca ou penhora dos bens do ANEXO II;https://www.gov.br/pgfn/pt-br/assuntos/divida-ativa-da-uniao/transparencia-fiscal-1/painel-dos-parcelamentos/termos-de-transacao/1a-regiao/TermodeTransaoIndividualGF6EmpreendimentosImobiliriosLTDA.pdf;False
beb943584fbe;ARQUITEC – ARQUITETURA, ENGENHARIA E CONSTRUÇÃO LTDA – EM RECUPERAÇÃO JUDICIAL;Region 5;2021-10-28;7848.01;Transação individual (Primeiro Termo Aditivo);26.1;;;True;Construção civil/Arquitetura e Engenharia;;https://www.gov.br/pgfn/pt-br/assuntos/divida-ativa-da-uniao/transparencia-fiscal-1/painel-dos-parcelamentos/termos-de-transacao/5a-regiao/TermoaditivoIArquitec.pdf;False
bedb16dbf275;SUSTENTARE SANEAMENTO S/A, MODERNNA AMBIENTAL S/A e QUALIX SERVIÇOS AMBIENTAIS S.A. (atual denominação de SUSTENTARE SERVIÇOS AMBIENTAIS S.A.);Region 3;2020-04-23;176089567.52;Transação Individual;49.65;84;;True;Saneamento/serviços ambientais;Recebíveis oriundos do contrato nº 19/2019 celebrado entre o Serviço de Limpeza Urbana do Distrito Federal – SLU/DF e SUSTENTARE SANEAMENTO, com parcelas vincendas somando aproximadamente R$ 386.749.914,66, Imóvel objeto da matrícula nº 43.086 junto ao 1º Registro de Imóveis de Feira de Santana, de propriedade da QUALIX;https://www.gov.br/pgfn/pt-br/assuntos/divida-ativa-da-uniao/transparencia-fiscal-1/painel-dos-parcelamentos/termos-de-transacao/3a-regiao/TermodeTransaoIndividualSustentareSaneamentoS.AModernnaAmbientalS.AQualixServiosAmbientaisS.ASustentareServiosAmbientaisS.A.pdf;False
bf7a3e0dc9ad;COMPANHIA DE SANEAMENTO DO PARÁ (COSANPA);Region 1;2023-07-19;1348277795.83;Transação individual (Primeiro Termo Aditivo);;120;;;Saneamento básico;Fiança do Estado do Pará (GARANTIDOR);https://www.gov.br/pgfn/pt-br/assuntos/divida-ativa-da-uniao/transparencia-fiscal-1/painel-dos-parcelamentos/termos-de-transacao/1a-regiao/PrimeirotermoaditivotransaoindividualCosanpaInformaesSigilosasSuprimidas.pdf;False
c024089c3aa8;CARGOBRAS COMERCIAL LTDA;Region 4;2024-11-08;;Transação Individual;;145;;;Comércio;Bem imóvel matriculado sob o nº 12.929 no CRI de São Francisco do Sul/SC, Bem imóvel matriculado sob o nº 12.930 no CRI de São Francisco do Sul/SC, Bem imóvel matriculado sob o nº 13.220 no CRI de São Francisco do Sul/SC;https://www.gov.br/pgfn/pt-br/assuntos/divida-ativa-da-uniao/transparencia-fiscal-1/painel-dos-parcelamentos/termos-de-transacao/4a-regiao/TermodeTransaoIndividualCargobrasComercialLTDA.pdf;False
c02f2e0bf227;Vinícola Perini Ltda;Region 4;2022-02-24;;Transação Individual;;84;;;Agronegócio/Vinícola;Bem imóvel (registro em cartório de imóveis conforme Cláusula 16), Garantias listadas no ANEXO II (não detalhadas no corpo do documento);https://www.gov.br/pgfn/pt-br/assuntos/divida-ativa-da-uniao/transparencia-fiscal-1/painel-dos-parcelamentos/termos-de-transacao/4a-regiao/termo-de-transacao-individual-vinicola-perini-ltda_.pdf;False
c07cb7db3855;SALGADO EMPREENDIMENTOS IMOBILIARIOS S/A (10.383.750/0001-43) e SALGADO AGROPECUÁRIA S/A (35.483.965/0001-67);Region 5;Not identified;102438750.38;Transação individual;56.39;96;0.0;False;Agronegócio/Imobiliário;Manutenção de eventuais garantias eventualmente existentes nos processos em curso, Imóveis;https://www.gov.br/pgfn/pt-br/assuntos/divida-ativa-da-uniao/transparencia-fiscal-1/painel-dos-parcelamentos/termos-de-transacao/5a-regiao/TermodeTransaoIndividualSalgadoEmpreendimentosImobiliriosSASumrio.pdf;False
c10b8a361df6;Grupo Habitacional (Habitacional Empreendimentos LTDA e outras 12 empresas - ver anexo);Region 5;2024-09-30;;Transação Individual (Aditivo);;;;;Construção civil/habitacional;;https://www.gov.br/pgfn/pt-br/assuntos/divida-ativa-da-uniao/transparencia-fiscal-1/painel-dos-parcelamentos/termos-de-transacao/5a-regiao/TermoaditivoHabitacionalEmpreendimentosLTDAtarjado.pdf;False
c12c93bd1a16;TNS TRANSPORTES & LOGISTICA LTDA;Region 5;2023-09-28;;Transação Individual (2º Termo Aditivo);65.0;112;;;Transportes e logística;;https://www.gov.br/pgfn/pt-br/assuntos/divida-ativa-da-uniao/transparencia-fiscal-1/painel-dos-parcelamentos/termos-de-transacao/5a-regiao/TermodeTransaoIndividualAditivo2TNSTransportesLogsticaLTDA.pdf;False
c16c091d11fd;COOPERATIVA DE COLONIZACAO AGROPECUARIA E INDUSTRIAL PINDORAMA LTDA;Region 5;2022-03-01;;Transação Individual - Plano de Regularização Fiscal;70.0;145;;;Agronegócio (cooperativa agropecuária e industrial);Bem imóvel de Matrícula nº 5244, registrado no Cartório de Registro de Imóveis da Comarca de Penedo/AL, incluindo acessões como plantações de cana-de-açúcar ou outras benfeitorias;https://www.gov.br/pgfn/pt-br/assuntos/divida-ativa-da-uniao/transparencia-fiscal-1/painel-dos-parcelamentos/termos-de-transacao/5a-regiao/TermodeTransaoindividualCooperativaPindorama.pdf;False
c1b351249e58;ALPITEL BRASIL IMPLANTAÇÕES DE SISTEMAS LTDA, PSC DO BRASIL ADMINISTRAÇÃO DE OBRAS EIRELI e CONSÓRCIO PSC – ALPITEL;Region 3;2023-09-03;83996451.32;Transação Individual;42.22;48;;True;Not identified;;https://www.gov.br/pgfn/pt-br/assuntos/divida-ativa-da-uniao/transparencia-fiscal-1/painel-dos-parcelamentos/termos-de-transacao/3a-regiao/TermodeTransaoIndividualAlpitelBrasilImplantaesdeSistemasLTDATarjado.pdf;False
c26c8cb9cd81;Massa Falida de Emilio Romani Sociedade Anônima;Region 4;2020-04-30;391002.49;Transação Individual - Pagamento à vista (Débitos Previdenciários e Demais Débitos);50.0;1;;;Not identified;;https://www.gov.br/pgfn/pt-br/assuntos/divida-ativa-da-uniao/transparencia-fiscal-1/painel-dos-parcelamentos/termos-de-transacao/4a-regiao/termo-de-transacao-individual_massa-falida-emilio-romani.pdf;False
c2be99fe7198;ASSOCIAÇÃO CHAPECOENSE DE FUTEBOL;Region 4;2022-12-07;17384634.22;Transação Individual - PERSE;;;;;futebol/entretenimento;;https://www.gov.br/pgfn/pt-br/assuntos/divida-ativa-da-uniao/transparencia-fiscal-1/painel-dos-parcelamentos/termos-de-transacao/4a-regiao/TermodeTransaoIndividualAssociaoChapecoensedeFutebolTarjado.pdf;False
c3368e00d696;LOCATUDO BRASIL SERVICOS DE LOCACAO DE MÁQUINAS E EQUIPAMENTOS LTDA;Region 5;2025-03-20;;Transação Individual;65.0;84;;;Locação de máquinas e equipamentos;Bens penhorados ou porventura descritos como garantia (utilização não excluída pela transação);https://www.gov.br/pgfn/pt-br/assuntos/divida-ativa-da-uniao/transparencia-fiscal-1/painel-dos-parcelamentos/termos-de-transacao/5a-regiao/TermodeTransaoIndividualLocatudoBrasilServiosdeLocaodeMquinaseEquipamentosLTDATarjado.pdf;False
c3659cbb241c;"Indústria Cerâmica Fragnani Ltda e outras empresas do grupo econômico (Mineradora Água Branca Ltda; Incenor Indústria Cerâmica do Nordeste Ltda; Tecnogrés Revestimentos Cerâmicos Ltda; Agropecuária Fragnani Ltda; Fragnani Empreendimentos e Participações Ltda)";Region 1;2022-11-04;293903630.97;Transação Individual - Plano de Regularização Fiscal;65.0;120;;;Cerâmica/Revestimentos e Agronegócio;Hipoteca de bens imóveis relacionados no ANEXO II (total aproximado R$ 66.839.652,43), Penhor de bens móveis (máquinas, equipamentos e veículos) relacionados no ANEXO II (total aproximado R$ 320.215.932,00), Garantidores hipotecantes pessoas físicas: Ricardo Luiz Fragnani, Leda Cristina Bettin Fragnani, Filomena Cristina Fragnani, Evelyn Cristina Fragnani, Valdemar Fragnani Neto e Ricardo Fragnani, oferecendo bens próprios em garantia, Transformação em pagamento definitivo dos depósitos judiciais existentes nas Execuções Fiscais n. 0000590-15.2009.8.06.0146 e 0000334-20.2017.403.6143;https://www.gov.br/pgfn/pt-br/assuntos/divida-ativa-da-uniao/transparencia-fiscal-1/painel-dos-parcelamentos/termos-de-transacao/1a-regiao/TermodeTransaoIndividualPSFNeBAInformaesSigilosasSuprimidasassinado.pdf;False
c36fa9b7d44c;ABF ENGENHARIA SERVICOS E COMERCIO LTDA;Region 5;2023-11-13;;Transação Individual;65.0;120;;True;Construção civil/engenharia;Lote de terreno próprio nº 3-A (remembramento dos lotes 3, 4 e 5, quadra AE, loteamento Costa Azul, Rua José Ferrão, Pau Amarelo, Recife/PE - matrícula nº 59.239), Gleba de terras próprias desmembrada do Engenho Caiará, área remanescente 9.198,28m² (matrícula nº 11.463), Caminhão modelo 1718, Mercedes Benz, ano 2009, placa MTC 8373, Caminhão modelo 1718, Mercedes Benz, ano 2011, placa OCZ6H18, Caminhão modelo 1718, Mercedes Benz, ano 2011, placa OCZ6H28, Caminhão modelo 1718, Mercedes Benz, ano 2011, placa OCZ6H29, Caminhão modelo 1718, Mercedes Benz, ano 2011, placa MTZ6I94, Caminhão modelo 1718, Mercedes Benz, ano 2011, placa OCZ6H19, Caminhão modelo 1718, Mercedes Benz, ano 2009, placa MTC 8395, Caminhão modelo 1718, Mercedes Benz, ano 2009, placa MTC 8397, Caminhão modelo 1718, Mercedes Benz, ano 2009, placa MTD 8053, Caminhão modelo 1718, Mercedes Benz, ano 2009, placa MTD 0853, Caminhão modelo 1718, Mercedes Benz, ano 2009, placa MTC 0854, Caminhão modelo 1718, Mercedes Benz, ano 2009, placa MTC 8396, Caminhão modelo 1718, Mercedes Benz, ano 2009, placa MTC 0852, Caminhão modelo 2425, Mercedes Benz, ano 2011, placa ODC 4597, Caminhão modelo 710, Mercedes Benz, ano 2011, placa ODCA4F94, Caminhão modelo 710, Mercedes Benz, ano 2011, placa ODCA4F91, Caminhão modelo 710, Mercedes Benz, ano 2011, placa ODC4F95, Manutenção de garantias/penhoras já existentes em execuções fiscais;https://www.gov.br/pgfn/pt-br/assuntos/divida-ativa-da-uniao/transparencia-fiscal-1/painel-dos-parcelamentos/termos-de-transacao/5a-regiao/TermodeTransaoIndividualABFEngenhariaServioseComrcioLTDA.pdf;False
c3740403933d;MEGACRIL INDÚSTRIA E COMÉRCIO DE PRODUTOS ACRÍLICOS E METALÚRGICOS LTDA e outros (Luiz Carlos Gastaldo, Palmetto Participações Ltda, Pedra Bela Participações Ltda, Acrimet Produtos para Escritório Ltda, Super Paper Produtos para Escritório Ltda, Inforoffice Distribuidora de Produtos para Escritório Ltda, Naperville Empreendimentos e Participações Ltda, Regina Augusta da Silveira Leite Gastaldo, Natalia Augusta Gastaldo da Silva, Luiz Carlos Gastaldo Filho);Region 3;2024-03-14;76592469.95;Transação Individual;65.0;60;;False;Indústria e comércio de produtos acrílicos e metalúrgicos;Bens tornados indisponíveis nos autos da cautelar fiscal 5004735-59.2020.4.03.6114, a serem transformados em penhora, Imóveis de propriedade de Luiz Carlos Gastaldo (diversas matrículas em São Bernardo do Campo, Mogi Mirim, Bragança Paulista e Caraguatatuba), Imóvel de propriedade de Megacril Indústria e Comércio de Acrílicos e Metalúrgicos Ltda (Matrícula 63.106), Imóveis de propriedade de Natalia Augusta Gastaldo da Silva (Matrículas 119.565, 119.581, 119.588, 119.600, 51.223), Imóveis de propriedade de Naperville Empreendimentos e Participações Ltda (Matrículas 16.586 a 16.592 em Jaguariúna);https://www.gov.br/pgfn/pt-br/assuntos/divida-ativa-da-uniao/transparencia-fiscal-1/painel-dos-parcelamentos/termos-de-transacao/3a-regiao/TermodeTransaoIndividualMegacrilIndstriaeComrciodeProdutosAcrlicoseMetalrgicosLTDATarjado.pdf;False
c3909d8d37c7;GOLDLABEL ETIQUETAS LTDA EPP;Region 3;2024-03-25;10868598.78;Transação Individual;50.49;145;;;Not identified;;https://www.gov.br/pgfn/pt-br/assuntos/divida-ativa-da-uniao/transparencia-fiscal-1/painel-dos-parcelamentos/termos-de-transacao/3a-regiao/TermodeTransaoIndividualGoldlabelEtiquetasLTDATarjado.pdf;False
c3ac5d71a2cb;REUNIDAS S/A TRANSPORTES COLETIVOS - EM RECUPERAÇÃO JUDICIAL, REUNIDAS TRANSPORTADORA RODOVIÁRIA DE CARGAS S.A. - EM RECUPERAÇÃO JUDICIAL, REAL TRANSPORTE E TURISMO S.A - EM RECUPERAÇÃO JUDICIAL, REUNIDAS TRANSPORTES S/A;Region 4;2023-06-30;;Transação Individual;;;;True;Transporte rodoviário (cargas e passageiros);"Penhora sobre imóveis diversos (matrículas identificadas no Anexo II e Cláusula 11), Imóvel situado na Rodovia BR 116 nº 23.580 ou Rua Francisco Sobânia nº 1.195, bairro CIC – Cidade Industrial, Curitiba/PR, Loja ""V"" (5) e boxes 33 e 34, do Super Mercado Municipal de Florianópolis/SC, Matrícula nº 29.535, do RI de Caçador/SC, Imóvel 36.381, do RI de Curitiba/PR, Travessa Itararé, nº 43, conjunto comercial nº 11, Edifício Itararé, Centro, Curitiba/PR, Penhora a ser requerida perante juízos das execuções fiscais sobre imóveis das matrículas do RI de Tubarão/SC, RI de Florianópolis/SC e RI de Fpolis/SC, Penhora sobre imóveis das matrículas do RI de Caçador/SC, RI de Cascavel/PR e RI de Lages/SC";https://www.gov.br/pgfn/pt-br/assuntos/divida-ativa-da-uniao/transparencia-fiscal-1/painel-dos-parcelamentos/termos-de-transacao/4a-regiao/TermodeTransaoIndividualReunidasSATransportesColetivosemrecuperaojudicialtarjado.pdf;False
c4546d1c28fb;OI S.A.;Region 2;2023-01-06;863333059.23;Transação Individual;70.0;120;;True;Telecomunicações;Gravame registrado no INPI incidente sobre a marca OI FIBRA, avaliada em R$ 475.000.000,00 em 24/08/2021;https://www.gov.br/pgfn/pt-br/assuntos/divida-ativa-da-uniao/transparencia-fiscal-1/painel-dos-parcelamentos/termos-de-transacao/2a-regiao/TermodeTransacaoIndividualOiSA.pdf;False
c45e2b24e863;TRANSITA TRANSPORTES LTDA;Region 3;2024-09-04;14853423.95;Transação Individual;;60;;;Transporte;Manutenção automática de gravames decorrentes de arrolamento de bens, medida cautelar fiscal e garantias já prestadas, Fiança pessoal dos sócios Diva Michelucci Guazzelli e Nicolino de Simone (Anexo III);https://www.gov.br/pgfn/pt-br/assuntos/divida-ativa-da-uniao/transparencia-fiscal-1/painel-dos-parcelamentos/termos-de-transacao/3a-regiao/TermodeTransaoIndividualTransitaTransportesLTDAtarjado.pdf;False
c479993624b3;TONDO EMBALAGENS LTDA - EM RECUPERAÇÃO JUDICIAL;Region 4;Not identified;60615777.83;Transação Individual;19.06;120;;True;Embalagens/Indústria;Manutenção de todas as garantias existentes (indisponibilidades/penhoras/bloqueios) nos processos relacionados aos créditos negociados;https://www.gov.br/pgfn/pt-br/assuntos/divida-ativa-da-uniao/transparencia-fiscal-1/painel-dos-parcelamentos/termos-de-transacao/4a-regiao/TermodeTransaoIndividualTondoEmbalagensLTDA.pdf;False
c4aff9e9c020;NETUNO ALIMENTOS S/A e NETUNO INTERNACIONAL S/A. - EM RECUPERACAO JUDICIAL;Region 5;2022-12-22;;Transação Individual;70.0;12;;True;Alimentos;Cessão de créditos de precatórios (Precatório nº 0337904-67.2021.4.05.0000, Precatório nº 0472651-51.2021.4.05.0000 e Precatório nº 0333920-75.2021.4.05.0000);https://www.gov.br/pgfn/pt-br/assuntos/divida-ativa-da-uniao/transparencia-fiscal-1/painel-dos-parcelamentos/termos-de-transacao/5a-regiao/TermodeTransaoIndividualNetunoAlimentosSANetunoInternacionalSA..pdf;False
c4b0db827a95;CAMPO LARGO PATRIMONIAL LTDA;Region 1;2025-05-27;17707015.47;Transação individual;65.0;120;;;Not identified;"Imóvel denominado ""Fazenda Boa Sorte"" registrado no cartório de Imóveis de Xique-Xique/Ba sob nº 1.269, localizado no Município de Itaguaçu da Bahia/BA, de propriedade da devedora CAMPO LARGO PATRIMONIAL LTDA (16.990.436/0001-05), com valor de avaliação de R$ 34.862.041,20";https://www.gov.br/pgfn/pt-br/assuntos/divida-ativa-da-uniao/transparencia-fiscal-1/painel-dos-parcelamentos/termos-de-transacao/1a-regiao/TermodeTransaoIndividualeAnexosCampoLargoPatrimonialLTDA.pdf;False
c5740054b054;POLIPRINT INDUSTRIA E COMERCIO DE EMBALAGENS PLASTICAS LTDA e ST FLEX EMBALAGENS FLEXIVEIS - EIRELI;Region 3;2023-08-14;106183010.97;Transação Individual;95.55;120;;;Indústria de embalagens plásticas;;https://www.gov.br/pgfn/pt-br/assuntos/divida-ativa-da-uniao/transparencia-fiscal-1/painel-dos-parcelamentos/termos-de-transacao/3a-regiao/TermodeTransaoIndividualPoliprintIndstriaeComrciodeEmbalagensPlasticasLTDASTFlexEmbalagensFlexiveisEIRELI.pdf;False
c588e9a853d3;AELBRA EDUCAÇÃO SUPERIOR – GRADUAÇÃO E PÓS-GRADUAÇÃO S.A. EM RECUPERAÇÃO JUDICIAL;Region 4;2024-02-07;;Transação individual (FGTS) - Primeiro Termo Aditivo;;;;True;Educação;;https://www.gov.br/pgfn/pt-br/assuntos/divida-ativa-da-uniao/transparencia-fiscal-1/painel-dos-parcelamentos/termos-de-transacao/4a-regiao/TermodeTransaoIndividualAELBRAEducaoSuperiorGraduaoePsgraduaoS.A.pdf;False
c58e7f53258e;Grupo Schmidt (ADMINISTRADORA SCHMIDT S.A, PORCELANA SCHMIDT S.A, PONDEROSA - ADMINISTRAÇÃO, INDÚSTRIA E COMÉRCIO S.A, SCHMIDT INDÚSTRIA, COMÉRCIO, IMPORTAÇÃO E EXPORTAÇÃO LTDA, MAUÁ - ADMINISTRADORA DE BENS S.A, CL - INDÚSTRIA E COMÉRCIO S.A, CERAMINA INDÚSTRIA CERÂMICA E MINERAÇÃO LTDA, REFLORITA REFLORESTAMENTO ITAQUI LTDA, e devedoras/intervenientes anuentes A3M ADM. E LOCAÇÃO DE IMÓVEIS EIRELI, TIQUETO IMÓVEIS LTDA, RIVABEM & CIA. LTDA, KM 19 - EMPREENDIMENTOS E INCORPORACOES LTDA, STUDIO ENGENHARIA E CONSTRUCOES CIVIS LTDA, M.R. LOCAÇÃO E ADMINISTRAÇÃO DE IMÓVEIS LTDA);Region 4;Not identified;;"Transação Individual (PGFN) - Débitos em Recuperação Judicial, modalidades ""DEMAIS - até 120 meses - RJ - Redução de até 70%"" e ""PREVIDENCIÁRIOS - até 60 meses - RJ - Redução de 70%""";;120;;True;Indústria cerâmica (louças de mesa) / administração e locação de imóveis;Garantias constituídas nas execuções fiscais relativas aos débitos transacionados, mantidas até o final do cumprimento da avença (Cláusula 12), Penhora a ser requerida sobre os bens listados no Anexo III, grupo 'Unidade Produtiva Isolada (UPI) Campo Largo' (Cláusula 12, Parágrafo segundo);https://www.gov.br/pgfn/pt-br/assuntos/divida-ativa-da-uniao/transparencia-fiscal-1/painel-dos-parcelamentos/termos-de-transacao/4a-regiao/TermodeTransaoIndividualSCHMIDTINDUSTRIALTDA.pdf;False
c5ad6edec39d;CONSTRUTORA ROMA LTDA.;Region 2;2024-01-29;907218.41;Transação individual (FGTS);;;;;Construção civil;Bens integrantes do ativo (máquinas e equipamentos) descritos no ANEXO VI, Veículos diversos (Fiat/Strada, Fiat/Palio, caminhões, reboques, caminhões basculantes, Volks/Gol) descritos no ANEXO VI, 5% da receita bruta mensal da DEVEDORA, a ser depositada judicialmente a partir da decisão que reconhecer a rescisão do acordo;https://www.gov.br/pgfn/pt-br/assuntos/divida-ativa-da-uniao/transparencia-fiscal-1/painel-dos-parcelamentos/termos-de-transacao/2a-regiao/TermodeTransaoIndividualConstrutoraRomaLTDAtarjado.pdf;False
c5b48649249a;INDUSTRIAL ARBHORES COMPENSADOS - EIRELI - EPP;Region 4;2025-05-08;46802913.15;Transação Individual;49.11;36;;;Indústria de madeira/compensados;Caminhão Mercedes Benz, modelo AXOR 2644S6X4, placas QHW0I64, Automóvel FIAT STRADA HD WK CW, placas BBM3H88, Automóvel FIAT STRADA Working, placas BBJ0358, Automóvel RENAULT KWID, placas RHB7A92, Automóvel VW GOL 1.0, placas ISB9D13, Engate SR/RANDON SP SRTM FL, placas EFV6G86, Engate FACCHINI, AOT2C65, Imóvel matrícula nº 427 do Registro de Imóveis da Comarca de Palmas-PR, Imóvel matrícula nº 12.818 do Registro de Imóveis da Comarca de Ponte Serrada-SC;https://www.gov.br/pgfn/pt-br/assuntos/divida-ativa-da-uniao/transparencia-fiscal-1/painel-dos-parcelamentos/termos-de-transacao/4a-regiao/TermodeTransaoIndividualIndustrialArbhoresCompensadosEireliEPP.pdf;False
c5f70205ae7f;MASSUCATO INDUSTRIA E COMERCIO LTDA;Region 3;2025-02-10;;Transação individual;65.0;60;;;Industrial;Fiança dos sócios Alcides Roberto Massucato e Amadeu Francisco Massucato, com responsabilidade solidária pelo total da dívida consolidada (sem descontos), Manutenção de gravames decorrentes de arrolamento de bens, medida cautelar fiscal e garantias já prestadas;https://www.gov.br/pgfn/pt-br/assuntos/divida-ativa-da-uniao/transparencia-fiscal-1/painel-dos-parcelamentos/termos-de-transacao/3a-regiao/TermodeTransaoIndividualMassicatoIndstriaeComrcioLTDATarjado.pdf;False
c6258dd7bf7c;Not identified;Region 1;Not identified;;Not identified;;;;;Not identified;;https://www.gov.br/pgfn/pt-br/assuntos/divida-ativa-da-uniao/transparencia-fiscal-1/painel-dos-parcelamentos/termos-de-transacao/1a-regiao/AGESPISAguaseEsgotosdoPiauSAAnexoI.pdf;False
c63d16578643;"OSX BRASIL S/A - em recuperação judicial (CNPJ 09.112.685/0001-32); OSX BRASIL Porto do Açu S/A - em recuperação judicial (CNPJ 11.198.242/0001-58); OSX Serviços Operacionais Ltda - em recuperação judicial (CNPJ 11.437.203/0001-66)";Region 2;2025-07-09;230077786.41;Transação Individual;63.39;60;;True;Naval/Óleo e gás;Contratos e recebíveis;https://www.gov.br/pgfn/pt-br/assuntos/divida-ativa-da-uniao/transparencia-fiscal-1/painel-dos-parcelamentos/termos-de-transacao/2a-regiao/SumrioOSXBrasilSAOsxBrasilPortoDoAuOSXServiosOperacionaisLTDA.pdf;False
c704b6702b7d;TRIUNFO AGROINDUSTRIAL LTDA - EM RECUPERACAO JUDICIAL;Region 5;2021-06-14;;Transação Individual;70.0;1;;True;Agroindústria/Agronegócio (cana-de-açúcar);Bem imóvel de Matrícula nº 296 (Fazenda QUEBRA CARRO), registrado no Cartório do Único Ofício da Comarca de Pilar/AL, livro 2-B, fl. 014, incluindo acessões como plantações de cana-de-açúcar ou outras benfeitorias, oferecido à penhora na Execução Fiscal nº 0801609-64.2020.4.05.8000, garantindo as inscrições CSAL201900653 e FGAL201900652, Requerimento administrativo de antecipação de garantia via REGULARIZE PGFN para as inscrições nº 43 8 19 000002-68, 43 8 19 000026-35, 43 8 20 000002-35, 43 8 20 000066-08 e 43 8 21 000004-23, com o mesmo imóvel Fazenda QUEBRA CARRO;https://www.gov.br/pgfn/pt-br/assuntos/divida-ativa-da-uniao/transparencia-fiscal-1/painel-dos-parcelamentos/termos-de-transacao/5a-regiao/TermodeTransacaoIndividualTriunfoAgroindustrialemrecuperacaojudicial.pdf;False
c79e44a09460;SPILTAG INDUSTRIAL LTDA;Region 3;2024-03-13;;Transação individual (modalidades DEMAIS e PREV);;120;;False;Industrial;Imóvel matriculado sob o número 68.973 (2º Cartório de Registro de Imóveis de Marília/SP) - Av. Carlos Tosin, 1083, Distrito Industrial, Marília/SP, Imóvel matriculado sob o número 15.959 (2º Cartório de Registro de Imóveis de Marília/SP) - Chácara Fagulas, Rua José Castelo Teixeira, nº 154, Máquinas, equipamentos, móveis, utensílios e veículos de propriedade da Requerente;https://www.gov.br/pgfn/pt-br/assuntos/divida-ativa-da-uniao/transparencia-fiscal-1/painel-dos-parcelamentos/termos-de-transacao/3a-regiao/TermodeTransaoIndividualSpiltagIndustrialLTDATarajado.pdf;False
c7c94692ddb8;G&P PROJETOS E SISTEMAS S.A;Region 3;2023-11-06;46476893.83;Transação Individual;;60;;;Not identified;"Mantidas as garantias já existentes até a assinatura do acordo; não serão prestadas garantias adicionais";https://www.gov.br/pgfn/pt-br/assuntos/divida-ativa-da-uniao/transparencia-fiscal-1/painel-dos-parcelamentos/termos-de-transacao/3a-regiao/TermodetransaoIndividualGPprojetosesistemasS.A.pdf;False
c7e6fd73969a;ANALISES CLINICAS DR. MAURILIO DE ALMEIDA S/S - ME e SISCONTROL - CONTROLE DE QUALIDADE LTDA;Region 5;2024-03-07;;Transação Individual (Plano de Regularização Fiscal - Portaria PGFN 6.757/2022);65.0;104;;;Saúde/análises clínicas;Apartamento nº [tarjado] no Edf. [tarjado], de propriedade do Sr. Fábio Antônio Rocha de Souza, Apartamento nº [tarjado] no Edf. [tarjado], de propriedade do Sr. Fábio Antônio Rocha de Souza, Imóvel situado na Parque Solon de Lucena, nº 81, Centro, João Pessoa-PB, de propriedade da Análises Clínicas Dr. Maurilio de Almeida S/S – ME, Veículo JEEP COMPASS LIMITED, placa RLR8G84, de propriedade da Análises Clínicas Dr. Maurilio de Almeida S/S – ME, Veículo Renault Kwid ZEN 10MT, placa RLR7C90, de propriedade da Análises Clínicas Dr. Maurilio de Almeida S/S – ME, Veículo Renault Kwid ZEN 10MT, placa QSL4H15, de propriedade da Análises Clínicas Dr. Maurilio de Almeida S/S – ME, Veículo VW Voyage TL MBV, placa PZF3978, de propriedade da Análises Clínicas Dr. Maurilio de Almeida S/S – ME;https://www.gov.br/pgfn/pt-br/assuntos/divida-ativa-da-uniao/transparencia-fiscal-1/painel-dos-parcelamentos/termos-de-transacao/5a-regiao/TermodeTransaoIndividualGrupoAnlisesClnicasDr.MaurliodeAlmeidaSStarjado.pdf;False
c832d084571d;Not identified;Region 4;2023-07-03;148354284.0;Transação individual;;;;;Alimentação/Refeições Coletivas;"Sede empresarial do Grupo (imóvel/CRI de Santa Cruz do Sul/RS), Marca ""Prato Feito""";https://www.gov.br/pgfn/pt-br/assuntos/divida-ativa-da-uniao/transparencia-fiscal-1/painel-dos-parcelamentos/termos-de-transacao/4a-regiao/TermodeTransacaoIndividualPratoFeitoAlimentacaoeServicosLTDA.pdf;False
c840ac015db7;TALUDE COMERCIAL E CONSTRUTORA LTDA;Region 3;2024-12-05;;Transação individual;65.0;36;;;Construção civil/comercial;Manutenção automática dos gravames decorrentes de arrolamento de bens, medida cautelar fiscal e garantias prestadas administrativamente ou em ações de execução fiscal;https://www.gov.br/pgfn/pt-br/assuntos/divida-ativa-da-uniao/transparencia-fiscal-1/painel-dos-parcelamentos/termos-de-transacao/3a-regiao/TermodeTransaoIndividualTaludeComercialeConstrutoraLTDATarjado.pdf;False
c8809c88ddf4;MUNICIPIO DE FLORES;Region 5;2025-04-07;;Transação Individual;65.0;120;;False;Administração pública municipal;Bens penhorados ou porventura descritos no termo, alienáveis via sistema COMPREI em caso de inadimplência, Não liberação de garantias já existentes no âmbito judicial/administrativo;https://www.gov.br/pgfn/pt-br/assuntos/divida-ativa-da-uniao/transparencia-fiscal-1/painel-dos-parcelamentos/termos-de-transacao/5a-regiao/TermodeTransaoIndividualMunicpiodeFloresTarjado.pdf;False
c89dd81e2a54;GRUPO PROSIMULADOR (PROSIMULADOR TECNOLOGIA DE TRÂNSITO S/A, TECNOWISE TECNOLOGIA DE TRÂNSITO LTDA UNIPESSOAL, IMONITORE TECNOLOGIA E SEVIÇOS S.A., CL TECNOLOGIA S.A, APROCONDUTOR TECNOLOGIA DE TRÂNSITO E SERVIÇOS S.A);Region 3;2023-10-17;191108763.25;Transação Individual;51.77;60;;;Tecnologia de trânsito/fiscalização eletrônica;Fiança - encargo recaindo sobre a pessoa do sócio Wagner Dutra de Lima;https://www.gov.br/pgfn/pt-br/assuntos/divida-ativa-da-uniao/transparencia-fiscal-1/painel-dos-parcelamentos/termos-de-transacao/3a-regiao/TermodeTransaoIndividualProsimuladorTecnologiadeTrnsitoSATarjadocompactado.pdf;False
c8afd221d3dd;Coopecardio - Cooperativa de Trabalho dos Médicos Cardiologistas de Pernambuco;Region 5;2025-05-23;10846571.65;Transação Individual;;50;;;Saúde (cooperativa médica - cardiologia);Manutenção automática dos gravames decorrentes de arrolamento de bens, medida cautelar fiscal, penhoras ou garantias prestadas administrativamente;https://www.gov.br/pgfn/pt-br/assuntos/divida-ativa-da-uniao/transparencia-fiscal-1/painel-dos-parcelamentos/termos-de-transacao/5a-regiao/TermodeTransaoIndividualCoopecardioCooperativadeTrabalhodosMdicosCardiologistasdePernambuco.pdf;False
c949d027f36c;831 PARTICIPAÇÕES S.A.;Region 3;2023-11-13;160396592.38;Transação individual;38.34;36;0.0;;Not identified;;https://www.gov.br/pgfn/pt-br/assuntos/divida-ativa-da-uniao/transparencia-fiscal-1/painel-dos-parcelamentos/termos-de-transacao/3a-regiao/TermodeTransaoIndividual831ParticipaesSATarjado.pdf;False
c977f1683df2;Not identified;Region 3;2021-07-02;;Transação individual;;145;;;Transporte coletivo/ônibus urbano;;https://www.gov.br/pgfn/pt-br/assuntos/divida-ativa-da-uniao/transparencia-fiscal-1/painel-dos-parcelamentos/termos-de-transacao/3a-regiao/termo-de-transacao-individual-grupo-ruas_anexo-4.pdf;False
c996ec6f35ec;ASSOCIAÇÃO SOCIEDADE BRASILEIRA DE INSTRUÇÃO (ASBI) - mantenedora da UNIVERSIDADE CANDIDO MENDES (UCAM) - e SOPLANTEL - PLANEJAMENTO E ASSISTÊNCIA TÉCNICA E ESPECIALIZADA S/A;Region 2;2022-03-09;1174543322.38;Transação individual;70.0;145;;True;Educação;Prédio de 6 andares mais Subsolo, Térreo, G-II e P com 4.961 m², Rua Joana Angélica, 63, Ipanema-RJ, matrícula 33952, avaliado em R$ 102.000.000,00, Imóvel com área total 159.680 m², Estrada das Canoas, 3520, São Conrado-RJ, matrícula 88079, avaliado em R$ 125.000.000,00, Prédio com 13 andares e 7.811 m², Praça Pio X, 7, Centro-RJ, matrícula 26257 2-BB, avaliado em R$ 46.525.752,84, Imóvel 1.970 m², Rua da Assembleia, 10 - 1º andar, Centro-RJ, matrícula 21920 2-AS, avaliado em R$ 15.000.000,00, Imóvel 1.970 m², Rua da Assembleia, 10 - 2º andar, Centro-RJ, matrícula 21920 2-AS, avaliado em R$ 15.000.000,00, Imóvel 1.970 m², Rua da Assembleia, 10 - 3º andar, Centro-RJ, matrícula 21920 2-AS, avaliado em R$ 15.000.000,00, Imóvel 1.970 m², Rua da Assembleia, 10 - 4º andar, Centro-RJ, matrícula 21920 2-AS, avaliado em R$ 15.000.000,00, Imóvel 1.970 m², Rua da Assembleia, 10 - 5º andar, Centro-RJ, matrícula 21920 2-AS, avaliado em R$ 15.000.000,00, Imóvel 1.970 m², Rua da Assembleia, 10 - 6º andar, Centro-RJ, matrícula 21920 2-AS, avaliado em R$ 15.000.000,00, Imóvel 1.970 m², Rua da Assembleia, 10 - 7º andar, Centro-RJ, matrícula 21920 2-AS, avaliado em R$ 15.000.000,00, Imóvel 703 m², Rua da Assembleia, 10 - Loja 117, Centro-RJ, matrícula 42440, avaliado em R$ 6.000.000,00, Imóvel 13.490 m², Rua Anita Peçanha, 100 - Parque São Caetano, Campos dos Goytacazes-RJ, matrícula 16.209, avaliado em R$ 62.815.116,13, Gravame sobre a marca IUPERJ registrado no INPI, Fiança dos GARANTIDORES (INSTITUTO CANDIDO MENDES, ANDREYA MENDES DE ALMEIDA SCHERER NAVARRO, LUIZ FERNANDO MENDES DE ALMEIDA);https://www.gov.br/pgfn/pt-br/assuntos/divida-ativa-da-uniao/transparencia-fiscal-1/painel-dos-parcelamentos/termos-de-transacao/2a-regiao/TermodeTransacaoIndividualUCAMUniversidadeCandidoMendes.pdf;False
c9b6980b3eb8;GRUPO DISBRAVE (DISTRIBUIDORA BRASILIA DE VEICULOS S/A e outras empresas do grupo, e Carlos Alberto Giansella Taurisano);Region 1;2021-09-06;272067718.64;Transação Individual;45.0;84;;;Comércio de veículos e combustíveis (concessionárias, postos de combustível, locação de veículos);Hipoteca de primeiro grau sobre bens imóveis relacionados no ANEXO II, Bloco de edifícios, posto de gasolina e terreno na SEP 503 Norte, Terreno matrícula 159.070, Bloco com salas comerciais na SEP Norte 504;https://www.gov.br/pgfn/pt-br/assuntos/divida-ativa-da-uniao/transparencia-fiscal-1/painel-dos-parcelamentos/termos-de-transacao/1a-regiao/termo-de-transacao-individual-disbrave.pdf;False
c9d193ed563a;Not identified;Region 5;2023-12-13;;Transação Individual;65.0;120;;True;Not identified;Manutenção automática dos gravames decorrentes de arrolamento de bens, medida cautelar fiscal e garantias prestadas administrativamente, Manutenção de penhoras já existentes nos executivos fiscais;https://www.gov.br/pgfn/pt-br/assuntos/divida-ativa-da-uniao/transparencia-fiscal-1/painel-dos-parcelamentos/termos-de-transacao/5a-regiao/TermodeTransaoIndividualReFComrcioeServiosSAInformaesSigilosasSuprimidas.pdf;False
c9d9ce6290b7;Município de Miranda/MS;Region 3;2025-05-13;28400446.86;Transação Individual;41.94;120;;;Administração pública municipal;;https://www.gov.br/pgfn/pt-br/assuntos/divida-ativa-da-uniao/transparencia-fiscal-1/painel-dos-parcelamentos/termos-de-transacao/3a-regiao/TermodeTransaoIndividualMunicpiodeMirandaMSTarjado.pdf;False
c9e6fe1bee66;Azul Linhas Aéreas Brasileiras S.A;Region 3;2024-10-04;1095280063.28;Transação Individual;29.91;120;1.706;;Aviação/transporte aéreo;;https://www.gov.br/pgfn/pt-br/assuntos/divida-ativa-da-uniao/transparencia-fiscal-1/painel-dos-parcelamentos/termos-de-transacao/3a-regiao/TermodeTransaoIndividualAzulLinhasAreasBrasileirasSATarjado.pdf;False
c9fb7afacb51;GRUPO INBRA (INBRAFILTRO INDÚSTRIA E COMÉRCIO DE FILTROS LTDA e outras empresas do grupo);Region 3;2024-06-07;358823553.36;Transação Individual;54.8;42;2.1;;Indústria/comércio (filtros, blindados, defesa, materiais de segurança, vidros, têxtil, tecnologia/defesa, aeroespacial) e imobiliário;;https://www.gov.br/pgfn/pt-br/assuntos/divida-ativa-da-uniao/transparencia-fiscal-1/painel-dos-parcelamentos/termos-de-transacao/3a-regiao/TermodeTransaoIndividualInbrafiltroIndstriaeComrciodeFiltrosLTDAInbrablindadosLTDAInbradefesaComrciodeMateriaisdeSeguranaLTDAInbraGlassComrcioLTDAInbraTextilIndstriaeComrcio.pdf;False
ca0581ee73bd;DIALLI DISTRIBUIDORA DE ALIMENTOS LTDA.;Region 4;Not identified;;Transação Individual;;120;;;Distribuição de alimentos;Registro da marca da empresa no INPI (n. 828288283), sobre a qual será registrada penhora na Execução Fiscal n.º 5006781-78.2022.4.04.7001;https://www.gov.br/pgfn/pt-br/assuntos/divida-ativa-da-uniao/transparencia-fiscal-1/painel-dos-parcelamentos/termos-de-transacao/4a-regiao/TermodeTransaoIndividualDialliDistribuidoradeAlimentosLTDA.pdf;False
ca181b5eb571;PROVIDER SOLUCOES TECNOLOGICAS LTDA - EM RECUPERACAO JUDICIAL;Region 5;2021-05-17;;Transação Individual - Plano de Regularização Fiscal;70.0;120;;True;Tecnologia;;https://www.gov.br/pgfn/pt-br/assuntos/divida-ativa-da-uniao/transparencia-fiscal-1/painel-dos-parcelamentos/termos-de-transacao/5a-regiao/termo-de-transacao-individual-provider-x.pdf;False
ca36de08d6bd;BLUE ANGELS SEGURANCA PRIVADA E TRANSPORTE DE VALORES LTDA;Region 3;2023-08-15;98673163.41;Transação individual;64.73;36;;;Segurança privada e transporte de valores;Mantidas as garantias já existentes até a assinatura do acordo (não foram prestadas garantias adicionais);https://www.gov.br/pgfn/pt-br/assuntos/divida-ativa-da-uniao/transparencia-fiscal-1/painel-dos-parcelamentos/termos-de-transacao/3a-regiao/TermodetransaoIndividualBlueAngelSeguranaPrivadaeTransportedeValoresLTDAInformaesSigilosasSuprimidas.pdf;False
ca4f9f5994b8;PRÓ-CLÍNICAS CLÍNICA DE DIAGNÓSTICO E TRATAMENTO LTDA.;Region 2;2024-12-13;1510474.53;Transação Individual (FGTS) - Modalidade 6;;110;;;Saúde (clínica de diagnóstico e tratamento);Imóvel de matrícula (dados tarjados), registrado no 7º Ofício de Campos dos Goytacazes, de propriedade da DEVEDORA;https://www.gov.br/pgfn/pt-br/assuntos/divida-ativa-da-uniao/transparencia-fiscal-1/painel-dos-parcelamentos/termos-de-transacao/2a-regiao/TermodeTransaoIndividualPrClnicadeDiagnsticoeTratamentoLTDAFGTStarjado.pdf;False
ca5f6143baf7;COBAP COMERCIO E BENEFICIAMENTO DE ARTEFATOS DE PAPEL LTDA;Region 5;2022-03-24;;Transação Individual;50.0;84;;;Indústria de papel/embalagens;;https://www.gov.br/pgfn/pt-br/assuntos/divida-ativa-da-uniao/transparencia-fiscal-1/painel-dos-parcelamentos/termos-de-transacao/5a-regiao/TermodeTransaoIndividualCobapComercioeBeneficiamentodeArtefatosdePapelLTDA.pdf;False
ca6fbf9d7835;PERNAMBUCO QUÍMICA S/A;Region 5;2021-08-25;916348.04;Transação Individual;30.55;;;;Not identified;;https://www.gov.br/pgfn/pt-br/assuntos/divida-ativa-da-uniao/transparencia-fiscal-1/painel-dos-parcelamentos/termos-de-transacao/5a-regiao/transacao-individual_pe-quimica_primeiro-aditivo.pdf;False
ca900e0012ff;ENFIL SA CONTROLE AMBIENTAL - EM RECUPERACAO JUDICIAL e CALCAR CONSTRUÇÕES LTDA - EM RECUPERACAO JUDICIAL;Region 3;2022-06-16;51145868.54;Transação individual (recuperação judicial);70.0;120;;True;Not identified;Terreno em São Roque/SP, Conjunto comercial na cidade de São Paulo/SP;https://www.gov.br/pgfn/pt-br/assuntos/divida-ativa-da-uniao/transparencia-fiscal-1/painel-dos-parcelamentos/termos-de-transacao/3a-regiao/TermodeTransaoIndividualENFILSACONTROLEAMBIENTALInformaesSigilosasSuprimidas.pdf;False
ca92bc217b47;Grupo Gazeta de Alagoas (TV Gazeta de Alagoas, Grafica Editora Gazeta de Alagoas, Radio Gazeta de Alagoas, Radio Clube de Alagoas, Gazeta de Alagoas Ltda - em Recuperação Judicial) e Fernando Affonso Collor de Mello;Region 5;2022-12-30;;Transação Individual;70.0;145;;True;Comunicação/mídia (TV, rádio e gráfica editora);Penhoras em execuções fiscais (mantidas);https://www.gov.br/pgfn/pt-br/assuntos/divida-ativa-da-uniao/transparencia-fiscal-1/painel-dos-parcelamentos/termos-de-transacao/5a-regiao/TermodeTransaoIndividualOAMPRFN5InformaesSigilosasSuprimidas.pdf;False
cad776a1e80b;VIAÇÃO CIDADE DO AÇO LTDA - EM RECUPERAÇÃO JUDICIAL;Region 2;2024-07-12;37017499.81;Transação individual;70.0;120;;True;Transporte;Imóvel de propriedade da devedora, constante do anexo VI.;https://www.gov.br/pgfn/pt-br/assuntos/divida-ativa-da-uniao/transparencia-fiscal-1/painel-dos-parcelamentos/termos-de-transacao/2a-regiao/TermodeTransaoIndividualViaoCidadedoAoLTDAemrecuperaojudicialtarjado.pdf;False
cb171a95d3d0;PRONTOCARDIO PRONTO ATENDIMENTO CARDIOLÓGICO LTDA. – EM RECUPERAÇÃO JUDICIAL;Region 5;2023-10-11;;Transação Individual;;120;;True;Saúde (cardiologia/pronto atendimento);Manutenção automática dos gravames decorrentes de arrolamento de bens, medida cautelar fiscal e garantias prestadas administrativamente ou em ações de execução fiscal;https://www.gov.br/pgfn/pt-br/assuntos/divida-ativa-da-uniao/transparencia-fiscal-1/painel-dos-parcelamentos/termos-de-transacao/5a-regiao/TermodeTransaoIndividualProntocardioProntoAtendimentoCardiolgicoLTDATarjado5regio.pdf;False
cb537af85667;LAVOURA INDÚSTRIA E COMÉRCIO OESTE S/A em recuperação judicial;Region 4;2023-03-22;;Transação Individual;;120;;True;Agronegócio;;https://www.gov.br/pgfn/pt-br/assuntos/divida-ativa-da-uniao/transparencia-fiscal-1/painel-dos-parcelamentos/termos-de-transacao/4a-regiao/TermodeTransacaoIndividualLavouraIndustriaeComercioSA.pdf;False
cb596b53b2a0;SINA INDUSTRIA DE ALIMENTOS LTDA EM RECUPERACAO JUDICIAL (e outras empresas do grupo: SINA INDUSTRIA DE OLEOS VEGETAIS LTDA, FAS EMPREENDIMENTOS E INCORPORACAO LTDA, FAMA INDUSTRIA E COMERCIO DE ALIMENTOS LTDA, CROMAIS DISTRIBUIDORA DE PRODUTOS INDUSTRIALIZADOS LTDA, DVR REPRESENTACAO COMERCIAL LTDA, DOFAR DISTRIBUIDORA DE RACOES E FARELOS LTDA, MULTIOLEOS OLEOS E FARELOS LTDA, DOV OLEOS VEGETAIS LTDA, FAROLEO COMERCIO DE PRODUTOS ALIMENTICIOS LTDA, W.A.S. COMERCIO DE ALIMENTOS LTDA, ZUNER CORRETORA DE ALIMENTOS LTDA);Region 3;Not identified;1348146923.96;Transação Individual - Demais Débitos e Débitos Previdenciários (CNPJ 10.156.658/0001-40, PRFN3);81.54;120;;True;Alimentos/Agronegócio (óleos vegetais, rações, farelos, alimentos);;https://www.gov.br/pgfn/pt-br/assuntos/divida-ativa-da-uniao/transparencia-fiscal-1/painel-dos-parcelamentos/termos-de-transacao/3a-regiao/AnexoISINAINDSTRIADEALIMENTOSLTDA.pdf;False
cbb947241dfb;Município de Palmares;Region 5;2023-10-31;6695452.6;Transação Individual - Modalidade 17 (Plano de Regularização Fiscal - débitos de FGTS);15.0;84;;;Administração pública municipal;Mantidas todas as garantias já associadas aos débitos incluídos na transação individual, inclusive penhoras em execuções fiscais, até a efetiva quitação;https://www.gov.br/pgfn/pt-br/assuntos/divida-ativa-da-uniao/transparencia-fiscal-1/painel-dos-parcelamentos/termos-de-transacao/5a-regiao/TermodeTransaoIndividualMunicpioPalmaresLTDATarjado.pdf;False
cc2edb8bb80c;LAPA - ASSISTENCIA MEDICA LTDA;Region 3;2024-11-25;98440086.36;Transação Individual;56.62;120;;False;Saúde/assistência médica;Matrícula 11123: registrado no 10º Cartório de Registro de Imóveis de São Paulo, localizado na Rua Brigadeiro Gavião Peixoto, nº. 123, Matrícula 58738: registrado no 10º Cartório de Registro de Imóveis de São Paulo, localizado na Rua Brigadeiro Gavião Peixoto, nº. 159, Matrícula 79851: registrado no 10º Cartório de Registro de Imóveis de São Paulo, localizado na Rua Brigadeiro Gavião Peixoto, nº. 143, Matrícula 82349: registrado no 10º Cartório de Registro de Imóveis de São Paulo, localizado na Rua Brigadeiro Gavião Peixoto, nº. 179, Contrato nº 68, entre Lapa Assistência Médica Ltda. e Central Nacional Unimed-Cooperativa Central, Contrato entre Sul América Companhia de Seguro Saúde, Sul América Companhia de Seguros, Sul América Serviços de Saúde S/A e Lapa Assistência Médica Ltda.;https://www.gov.br/pgfn/pt-br/assuntos/divida-ativa-da-uniao/transparencia-fiscal-1/painel-dos-parcelamentos/termos-de-transacao/3a-regiao/TermodeTransaoIndividualLapaAssistnciaMdicaLTDATarajado.pdf;False
cc2f5cb919db;1001 INDÚSTRIA DE ARTEFATOS DE BORRACHA LTDA, PAGE INDÚSTRIA DE ARTEFATOS DE BORRACHA LTDA, FLEXOMARINE S/A;Region 3;2024-11-28;;Transação individual;58.25;60;;;Indústria de artefatos de borracha;Fiança dos sócios da empresa requerente, Imóvel matriculado sob o número 1627 do 17º CRI de São Paulo, avaliado em R$ 2.500.000,00, Imóvel matriculado sob o número 14.012 do 17º CRI de São Paulo, avaliado em R$ 2.500.000,00;https://www.gov.br/pgfn/pt-br/assuntos/divida-ativa-da-uniao/transparencia-fiscal-1/painel-dos-parcelamentos/termos-de-transacao/3a-regiao/TermodeTransaoIndividual1001IndstriadeArtefatosdeBorrachaLTDATarjado.pdf;False
cc4496380a9b;AGROPECUÁRIA VITAMAIS LTDA EM RECUPERAÇÃO JUDICIAL (03.568.048/0001-99) e ECOFERTIL AGROPECUARIA LTDA EM RECUPERAÇÃO JUDICIAL (07.617.675/0001-23);Region 5;Not identified;14488100.26;Transação individual;35.28;1;;True;Agronegócio;Manutenção de eventuais garantias eventualmente existentes nos processos em curso;https://www.gov.br/pgfn/pt-br/assuntos/divida-ativa-da-uniao/transparencia-fiscal-1/painel-dos-parcelamentos/termos-de-transacao/5a-regiao/TermodeTransaoIndividualAgropecuriaVitamaisLTDASumrio.pdf;False
cc4b62c40226;TRILOBIT COMERCIO, MONTAGEM E FABRICACAO DE PLACAS ELETRONICAS LTDA EM RECUPERACAO JUDICIAL;Region 3;2024-03-11;;Transação individual (recuperação judicial);;84;;True;Not identified;;https://www.gov.br/pgfn/pt-br/assuntos/divida-ativa-da-uniao/transparencia-fiscal-1/painel-dos-parcelamentos/termos-de-transacao/3a-regiao/TermodeTransaoIndividualTrilobittarjado.pdf;False
cc7f39849329;WOW NUTRITION INDÚSTRIA E COMÉRCIO S.A - EM RECUPERAÇÃO JUDICIAL;Region 3;2023-12-21;89350123.29;Transação Individual;47.76;36;;True;Indústria alimentícia/nutrição;;https://www.gov.br/pgfn/pt-br/assuntos/divida-ativa-da-uniao/transparencia-fiscal-1/painel-dos-parcelamentos/termos-de-transacao/3a-regiao/TermodeTransaoIndividualWowNutritionIndstriaeComrcioSATarajado.pdf;False
cd193b9c2182;SOCIEDADE EDUCACIONAL LEONARDO DA VINCI LTDA. / GRUPO EDUCACIONAL UNIFICADO LTDA.;Region 2;2024-03-08;92962.03;Transação Individual - Modalidade 13;65.0;38;;;Educação;depósito judicial em dinheiro, carta de fiança bancária, seguro garantia, outra garantia suficiente e idônea;https://www.gov.br/pgfn/pt-br/assuntos/divida-ativa-da-uniao/transparencia-fiscal-1/painel-dos-parcelamentos/termos-de-transacao/2a-regiao/TermodeTransaoIndividualSociedadeEducacionalLeonardodaVinciLTDATarjado.pdf;False
cd3e1142dc26;GOL LINHAS AEREAS S.A.;Region 2;Not identified;1157208751.3;Transação individual (débitos inscritos em DAU previdenciários e não previdenciários, incluindo reparcelamento de confissão de débitos e débitos objeto de procedimentos administrativos/processos judiciais);;60;;;Aviação civil / transporte aéreo;;https://www.gov.br/pgfn/pt-br/assuntos/divida-ativa-da-uniao/transparencia-fiscal-1/painel-dos-parcelamentos/termos-de-transacao/2a-regiao/AnexoIcompactado.pdf;False
cd6aa2a03618;Pozza S. A. Indústria Moveleira (e devedores solidários: BRV Móveis Ltda, Elare Apoio Administrativo Ltda, BDF Metalúrgica Ltda, VP Indústria de Móveis Ltda, GPB Participações e Investimentos Ltda, Volnei Benini, Rodrigo Pereira Benini);Region 4;2025-02-19;917714.92;Transação Individual (Termo Aditivo);;;;;Indústria moveleira;;https://www.gov.br/pgfn/pt-br/assuntos/divida-ativa-da-uniao/transparencia-fiscal-1/painel-dos-parcelamentos/termos-de-transacao/4a-regiao/AditivoPozzaSA.pdf;False
cd738624deed;Grupo Hospital Santa Lúcia (Hospital Santa Lúcia Ltda., Santa Rita – Clínica Médica e Serviços Hospitalares Ltda., São Francisco Serviços para Hospitais Ltda., Instituto de Oxigenioterapia Hiperbárica Santa Lúcia Ltda., Associação Beneficente do Hospital Santa Lúcia);Region 4;2023-06-07;103431820.0;Transação Individual - Plano de Pagamento Parcelado;;;;;Saúde/Hospitalar;Cotas-partes dos anuentes (pessoas físicas) relativas a imóveis descritos em matrículas (avaliados em R$ 48.002.455,23);https://www.gov.br/pgfn/pt-br/assuntos/divida-ativa-da-uniao/transparencia-fiscal-1/painel-dos-parcelamentos/termos-de-transacao/4a-regiao/TermodeTransacaoIndividualHospitalSantaLuciaLTDA.pdf;False
cd7e62b30f29;GRUPO JC GONTIJO;Region 1;2023-02-10;195827854.03;Transação Individual;50.0;84;;;Construção civil/incorporação imobiliária e hotelaria;Hipoteca de imóveis (ANEXO II), avaliados em R$ 72.751.827,00, Seguro-garantia no valor de R$ 80.998.562,49, emitido pela BMG Seguros S.A., Fiança pessoal de José Celso Valadares Gontijo no valor de R$ 17.530.274,75;https://www.gov.br/pgfn/pt-br/assuntos/divida-ativa-da-uniao/transparencia-fiscal-1/painel-dos-parcelamentos/termos-de-transacao/1a-regiao/TermoTransaoIndividualJCGontijoAssinado09.03.2023TARJADA.pdf;False
cd8170d159d8;VIAÇÃO ACARI S/A (corresponsável: EXPRESSO NOSSA SENHORA DA GLÓRIA LTDA.);Region 2;2024-01-23;31651806.26;Transação individual;65.0;44;;;Transporte (rodoviário/coletivo);Corresponsabilização da empresa EXPRESSO NOSSA SENHORA DA GLÓRIA LTDA., Imóvel de mat. [tarjado] (ANEXO VI), Imóvel de mat. [tarjado] (ANEXO VII);https://www.gov.br/pgfn/pt-br/assuntos/divida-ativa-da-uniao/transparencia-fiscal-1/painel-dos-parcelamentos/termos-de-transacao/2a-regiao/TermodeTransaoIndividualViaoAcariSATarjado.pdf;False
cda142f656a0;NORDON INDUSTRIAS METALURGICAS S/A;Region 3;2024-11-03;40971289.39;Transação Individual;65.0;36;;;Metalúrgico/Industrial;Manutenção automática dos gravames decorrentes de arrolamento de bens, medida cautelar fiscal e garantias prestadas administrativamente ou em ações de execução fiscal, Uso do sistema COMPREI para eventual alienação de bens já penhorados em Execuções Fiscais (imóveis penhorados nos autos 127893020014036126 e 119888020024036126);https://www.gov.br/pgfn/pt-br/assuntos/divida-ativa-da-uniao/transparencia-fiscal-1/painel-dos-parcelamentos/termos-de-transacao/3a-regiao/TermodeTransaoIndividualNordonIndstriasMetalrgicasSATarjado.pdf;False
ce006ab53af0;GRUPO AGROMINAS;Region 1;2021-08-01;93649365.63;Transação Individual (excepcional);;60;;;Agronegócio/Florestal;Bens imóveis relacionados no Anexo III, Alienação fiduciária sobre os bens do Anexo III, Conversão em renda de depósitos judiciais;https://www.gov.br/pgfn/pt-br/assuntos/divida-ativa-da-uniao/transparencia-fiscal-1/painel-dos-parcelamentos/termos-de-transacao/1a-regiao/TermodeTransaoIndividualAgrominas.pdf;False
ce2371d1fb33;BEIRA ALTA COSMETICOS LTDA;Region 3;2023-04-14;49545374.64;Transação individual;65.0;120;;;Cosméticos;Imóvel matriculado sob nº 39.313 do Livro 2 no Registro de Imóveis no Cartório do 1º ofício da comarca da Guarulhos do Estado de São Paulo, Imóvel matriculado sob nº 39.314 do Livro 2 no Registro de Imóveis no Cartório do 1º ofício da comarca da Guarulhos do Estado de São Paulo, Veículo TOYOTA COROLLA XEI 2020/2021 - PLACA SP/DSV9G88, Veículo FORD/CARGO 1119 2016/2017 – PLACA SP/GJX6989, Veículo FORD/CARGO 816 S 2015/2016 – PLACA SP/FFW1366, Manutenção automática dos gravames decorrentes de arrolamento de bens, medida cautelar fiscal e garantias já prestadas;https://www.gov.br/pgfn/pt-br/assuntos/divida-ativa-da-uniao/transparencia-fiscal-1/painel-dos-parcelamentos/termos-de-transacao/3a-regiao/TermodeTransaoIndividualBeiraAltaCosmticosLTDA.pdf;False
ce722fde47e2;Grupo econômico PLANALTO TRANSPORTES LTDA (e demais: VEÍSA VEÍCULOS LTDA, JMT AGROPECUARIA LTDA, JMT ADMINISTRAÇÃO E PARTICIPAÇÕES LTDA, FORMOSA PARTICIPAÇÕES LTDA);Region 4;2022-04-13;;Transação Individual Tributária;70.0;145;;True;Transporte/Comércio de veículos/Agropecuária (grupo econômico diversificado);Manutenção automática dos gravames decorrentes de arrolamento de bens, medida cautelar fiscal e garantias prestadas administrativamente (não há exigência de novas garantias reais ou fidejussórias para participantes PERSE);https://www.gov.br/pgfn/pt-br/assuntos/divida-ativa-da-uniao/transparencia-fiscal-1/painel-dos-parcelamentos/termos-de-transacao/4a-regiao/TermodeTransacaoIndividualPlanaltotransportesRJAnexoIAnexoII.pdf;False
ceabc8d9bfef;RODOVIÁRIO NOVO HORIZONTE LTDA;Region 3;2023-11-23;11673801.93;Transação individual;50.67;48;;;Transporte rodoviário;;https://www.gov.br/pgfn/pt-br/assuntos/divida-ativa-da-uniao/transparencia-fiscal-1/painel-dos-parcelamentos/termos-de-transacao/3a-regiao/TermodeTransaoIndividualRodovirioNovoHorizonteLTDA.pdf;False
cedecb5da371;TRIUNFO AGROINDUSTRIAL LTDA - EM RECUPERACAO JUDICIAL;Region 5;2021-06-14;;Transação Individual (Portaria PGFN nº 9.917/2020) - pagamento à vista;70.0;1;;True;Agroindústria/Agronegócio (usina de açúcar/cana-de-açúcar);Bem imóvel de Matrícula nº 296, registrado no Cartório do Único Ofício da Comarca de Pilar/AL, livro 2-B, fl. 014, denominado Fazenda QUEBRA CARRO, incluindo suas acessões (plantações de cana-de-açúcar ou outras benfeitorias);https://www.gov.br/pgfn/pt-br/assuntos/divida-ativa-da-uniao/transparencia-fiscal-1/painel-dos-parcelamentos/termos-de-transacao/5a-regiao/termo-de-transacao-individual-triunfo.pdf;False
cf06dc8fac10;TRANS APUCARANA TRANSPORTES RODOVIÁRIOS LTDA;Region 3;2024-12-19;28429626.93;Transação Individual (modalidades DEMAIS e PREV);42.29;100;;;Transporte rodoviário;Manutenção automática dos gravames decorrentes de arrolamento de bens, medida cautelar fiscal e garantias prestadas administrativamente ou em ações de execução fiscal/judicial, Manutenção das garantias dos débitos eventualmente existentes até a quitação integral do saldo devedor;https://www.gov.br/pgfn/pt-br/assuntos/divida-ativa-da-uniao/transparencia-fiscal-1/painel-dos-parcelamentos/termos-de-transacao/3a-regiao/TermodeTransaoIndividualTransApucaranaTransportesRodoviriosLTDATarjado.pdf;False
cf1cfda5a665;ABENGOA BIOENERGIA AGROINDUSTRIA LTDA - EM RECUPERAÇÃO JUDICIAL;Region 3;2021-05-31;92636083.88;Transação individual (com garantia);70.0;107;;True;Agronegócio/Bioenergia;Hipoteca sobre imóveis matrículas nºs 72.770 e 72.771 (Usina São João), incluindo móveis e benfeitorias, Substituição de garantia (hipoteca e alienação fiduciária) da unidade fabril São Luís (matrículas 863 e 17.440) pela garantia sobre os imóveis 72.770 e 72.771;https://www.gov.br/pgfn/pt-br/assuntos/divida-ativa-da-uniao/transparencia-fiscal-1/painel-dos-parcelamentos/termos-de-transacao/3a-regiao/termo-de-transacao-individual-abengoa-x.pdf;False
cf5863d65b95;Not identified;Region 2;2021-09-03;175131360.17;Transação individual;;120;;True;Transporte/Logística;Imóvel objeto da matrícula nº 1.376 do Ofício Único do Cartório de Rio das Ostras (RJ), avaliado em R$ 38.000.000,00, Terreno objeto da matrícula nº 43.583 do 1º Cartório de Registro de Imóveis de Guarulhos (substituído conforme cláusula 4.3), Terreno objeto de matrícula nº 117.983 do 1º Cartório de Registro de Imóveis de Guarulhos - SP, Terreno objeto de matrícula nº 117.984 do 1º Cartório de Registro de Imóveis de Guarulhos - SP;https://www.gov.br/pgfn/pt-br/assuntos/divida-ativa-da-uniao/transparencia-fiscal-1/painel-dos-parcelamentos/termos-de-transacao/2a-regiao/TermodeTransacaoIndividualSuperpesaCIAdeTransportesEspeciaiseIntermodaisemrecuperacaojudicial.pdf;False
cf69397d07a9;VALTELLINA DO BRASIL SERVIÇOS PARA INDÚSTRIA LTDA;Region 2;2024-10-21;44388838.32;Transação individual;40.0;1;;;Indústria;Apólice de seguro garantia emitida pela BMG Seguros S.A.;https://www.gov.br/pgfn/pt-br/assuntos/divida-ativa-da-uniao/transparencia-fiscal-1/painel-dos-parcelamentos/termos-de-transacao/2a-regiao/TermodeTransaoIndividualValtellinadoBrasilServiosparaIndstriaLTDAtarjado.pdf;False
cfb94790b1fc;IRMANDADE DE SANTA IZABEL DE CABO FRIO;Region 2;2024-05-28;61567321.53;Transação Individual;52.85;145;;;Saúde/filantropia (santa casa/hospital);"Imóvel constituído pelo Lote 06, da Quadra ""C"", localizado no bairro Tocaia, em Cabo Frio/RJ, Matrícula 37.210, do Cartório de Registro de Imóveis do 1º e 4º Distrito de Cabo Frio/RJ, Imóvel localizado na Rua Barão do Rio Branco, 72, bairro Passagem, em Cabo Frio/RJ, Matrícula nº 11.341, do Cartório de Registro de Imóveis do 1º e 4º Distrito de Cabo Frio/RJ";https://www.gov.br/pgfn/pt-br/assuntos/divida-ativa-da-uniao/transparencia-fiscal-1/painel-dos-parcelamentos/termos-de-transacao/2a-regiao/TermodeTransaoIndividualIrmandadedeSantaIzabeldeCaboFrioPGFNtarjado.pdf;False
d0178e7405ed;REI FRANGO AVICULTURA LTDA e outros (grupo econômico Hildebrand);Region 3;2023-02-14;;Transação individual;70.0;12;0.1;False;Agronegócio (avicultura);Manutenção automática dos gravames decorrentes de arrolamento de bens, medida cautelar fiscal e garantias prestadas administrativamente ou em ações de execução fiscal ou outra ação judicial;https://www.gov.br/pgfn/pt-br/assuntos/divida-ativa-da-uniao/transparencia-fiscal-1/painel-dos-parcelamentos/termos-de-transacao/3a-regiao/TermodeTransaoIndividualReidoFrangoInformaesSigilosasSuprimidas.pdf;False
d0af9bca9602;ARMAVALE - ARMAZENS GERAIS DO VALE DO PARAÍBA LTDA;Region 3;2024-03-14;;Transação individual (DEMAIS e PREV);65.0;120;;True;Armazéns gerais/logística (agronegócio);Bem imóvel matriculado sob o nº 43.404, no CRI da Comarca de Jacareí, São Paulo, de propriedade da Requerente;https://www.gov.br/pgfn/pt-br/assuntos/divida-ativa-da-uniao/transparencia-fiscal-1/painel-dos-parcelamentos/termos-de-transacao/3a-regiao/TermodeTransaoIndivudualArmavaleArmazensGeraisdoValedoParabaLTDAtarjado.pdf;False
d0daf66fa687;ESTRUTURAS METALICAS BRASIL LTDA e MONTAGEM ESTRUTURAL BRASIL LTDA;Region 3;2024-05-29;;Transação Individual (modalidades DEMAIS, PREV e Contribuição Social LC 110/2001);;120;;False;Metalurgia/Construção metálica;Hipoteca de imóvel de matrícula nº 27.166, do 2º Cartório de Registro de Imóveis de Marília/SP, avaliado em R$ 11.650.000,00, 17 veículos automotores listados no Anexo IV, avaliados conjuntamente em R$ 2.559.556,00, Carta de Fiança no valor de R$ 1.000.000,00;https://www.gov.br/pgfn/pt-br/assuntos/divida-ativa-da-uniao/transparencia-fiscal-1/painel-dos-parcelamentos/termos-de-transacao/3a-regiao/TermodeTransaoIndividualEstruturasMetalicasBrasilLTDATarjado.pdf;False
d0fcf55725ff;EMPARSANCO S/A – EM RECUPERAÇÃO JUDICIAL, EMPARSANCO ENGENHARIA S/A e H. GUEDES CONSTRUÇÕES E EMPREENDIMENTOS LTDA (Grupo Emparsanco);Region 3;2024-02-06;;Transação individual (recuperação judicial);;60;;True;Not identified;;https://www.gov.br/pgfn/pt-br/assuntos/divida-ativa-da-uniao/transparencia-fiscal-1/painel-dos-parcelamentos/termos-de-transacao/3a-regiao/TermodeTransaoIndividualEmparsancoSATarjado3Regio.pdf;False
d107b6d6557e;Not identified;Region 4;Not identified;80467340.69;0077 - DEMAIS DEBITOS -PJ- DEMAIS- ATE 120 MESES - REDUCAO DE ATE 65% (Transação Individual) e 0078 - DEBITOS PREVIDENCIARIOS -PJ- DEMAIS- ATE 60 MESES -REDUCAO DE ATE 65%;;120;;;Not identified;;https://www.gov.br/pgfn/pt-br/assuntos/divida-ativa-da-uniao/transparencia-fiscal-1/painel-dos-parcelamentos/termos-de-transacao/4a-regiao/AnexoIViaoGraciosaLTDAViaoMarumbiLTDAGraciosaTransporteeTurismoLTDAEmpresaCuritibaCerroAzulLTDAEluizaHelenaSchaedlerLidiaBeatrizSchaedlerAlvesPereira.pdf;False
d111e2e09b81;Lenita Comércio, Importação, Exportação de Confecções Ltda.;Region 3;2025-01-23;;Transação Individual (Aditivo - Plano de Regularização Fiscal);;119;;;Comércio/Importação/Exportação de Confecções;;https://www.gov.br/pgfn/pt-br/assuntos/divida-ativa-da-uniao/transparencia-fiscal-1/painel-dos-parcelamentos/termos-de-transacao/3a-regiao/TermodeTransaoIndividualLenitaComrcioImportaoExportaodeConfecesLTDAPrimeiroTermoAditivoTarjado.pdf;False
d1660ea6a13a;PGL DISTRIBUIÇÃO DE ALIMENTOS LTDA.;Region 4;2022-08-09;38017574.87;Transação Individual;;;;True;Distribuição de alimentos;Hipoteca de imóveis do DEVEDOR (Anexo II), avaliados em R$ 27.900.000,00, Hipoteca de imóveis do INTERVENIENTE GARANTE Lindonor Peruzzo (valor tarjado);https://www.gov.br/pgfn/pt-br/assuntos/divida-ativa-da-uniao/transparencia-fiscal-1/painel-dos-parcelamentos/termos-de-transacao/4a-regiao/TermodeTransacaoIndividualPGLDistribuicaodeAlimentosLTDA.pdf;False
d1848179e0aa;CIA TEXTIL PE DE SERRA - EM RECUPERACAO JUDICIAL e ARTEFIL ARARIPINA TECIDOS E FIBRAS LTDA;Region 5;2022-11-16;;Transação Individual;65.0;;;True;Têxtil;;https://www.gov.br/pgfn/pt-br/assuntos/divida-ativa-da-uniao/transparencia-fiscal-1/painel-dos-parcelamentos/termos-de-transacao/5a-regiao/TermodeTransaoIndividualCiaTxtilPdeSerraArtefilAraripinaTecidoseFibrasLTDA.pdf;False
d1ade37ccfc1;FORTE BOI - INDUSTRIA DE ALIMENTOS LTDA;Region 2;2023-04-10;98147936.33;Transação Individual;65.0;120;;;Alimentos/Agroindústria (frigorífico);Imóvel em Montanha/ES - Fazenda Boi Gordo, Imóvel em Montanha/ES - Fazenda Tranquilidade, Imóvel em Montanha/ES - Fazenda São Domingos, Imóvel em Linhares/ES - Fazenda Bela Vista, Imóvel em Linhares/ES - Fazenda Dona Zilda, Imóvel em Linhares/ES - Fazenda Progresso, Imóvel em Linhares/ES - Fazenda Pantanal, Penhora na execução fiscal nº 50252667420194025001;https://www.gov.br/pgfn/pt-br/assuntos/divida-ativa-da-uniao/transparencia-fiscal-1/painel-dos-parcelamentos/termos-de-transacao/2a-regiao/TermodeTransaoIndividualForteBoiIndstriadeAlimentosLTDAtarjado.pdf;False
d1c05e5a0515;"PW BRASIL EXPORT SA e outras (grupo ""PW Brasil"": PW BRASIL EXPORT SA, CIAUTO ADMINISTRAÇÃO DE IMÓVEIS LTDA, UNIROUPAS UNIÃO INDÚSTRIA DE ROUPAS LTDA., RFX EMPREENDIMENTOS LTDA)";Region 2;2024-05-07;25289029.07;Transação Individual;65.0;60;;;Indústria/comércio de vestuário e administração de imóveis;Imóvel objeto da Matrícula n. 7.546, do Cartório de Registro de Imóveis de Baixo Gandu, terreno urbano com Galpão de 4.810,24 m2, avaliado por profissionais, Penhora de 20% sobre o faturamento das empresas, a ser implementada via execução fiscal, diante de eventual rescisão deste acordo;https://www.gov.br/pgfn/pt-br/assuntos/divida-ativa-da-uniao/transparencia-fiscal-1/painel-dos-parcelamentos/termos-de-transacao/2a-regiao/TermodeTransaoIndividualPWBrasilExportSATermoAditivoTarjado.pdf;False
d1cdf92cb513;CONSTRUTORA G & F LTDA;Region 5;2024-08-21;3291589.89;Transação individual (Termo Aditivo);87.65;1;;;Construção civil;;https://www.gov.br/pgfn/pt-br/assuntos/divida-ativa-da-uniao/transparencia-fiscal-1/painel-dos-parcelamentos/termos-de-transacao/5a-regiao/TermoAditivoConstrutoraGFLTDAtarjado.pdf;False
d21e2934819e;URBANA COMPANHIA DE SERVIÇOS URBANOS DE NATAL;Region 5;2021-12-22;;Transação Individual (Portaria PGFN nº 9.917/2020);50.0;84;;False;Serviços urbanos/limpeza pública;;https://www.gov.br/pgfn/pt-br/assuntos/divida-ativa-da-uniao/transparencia-fiscal-1/painel-dos-parcelamentos/termos-de-transacao/5a-regiao/TermodeTransaoIndividualUrbana.pdf;False
d247601bf807;AUTO VIAÇÃO NOSSA SENHORA DO CARMO LTDA, AUTO VIAÇÃO SÃO JOSÉ DOS PINHAIS LTDA e ROYAL ADMINISTRAÇÃO E PARTICIPAÇÕES LTDA;Region 4;2024-06-04;;Transação Individual;;120;5.0;;Transporte (viação/ônibus);Imóvel matrícula 85.057 (antiga 54.188), 5º CRI de Curitiba/PR, avaliado em R$ 51.436.000,00, Imóvel matrícula 73.551, 1º CRI de São José dos Pinhais/PR, avaliado em R$ 34.479.000,00, Imóvel matrícula 306, CRI da Comarca de Caracol-PI (a ser penhorado), Fiança pessoal dos intervenientes garantes (HBF Participações e Holding Ltda, Neyd Torres Brunatto, João Carlos Torres Brunatto, Maria Helena Franceschi Pineroli e Dante Luiz Franceschi);https://www.gov.br/pgfn/pt-br/assuntos/divida-ativa-da-uniao/transparencia-fiscal-1/painel-dos-parcelamentos/termos-de-transacao/4a-regiao/TermodeTransaoIndividualAutoViaoNossaSenhoradoCarmoLTDA.pdf;False
d2e4e242b6fd;GRANRIVA GRANITOS LTDA;Region 2;2022-10-31;;Transação Individual;;120;;True;Extração e beneficiamento de granitos (mineração/materiais de construção);Fiança (garantia fidejussória prestada pelos GARANTIDORES/fiadores Renner Antônio Riva e Sônia Helena Suella Riva);https://www.gov.br/pgfn/pt-br/assuntos/divida-ativa-da-uniao/transparencia-fiscal-1/painel-dos-parcelamentos/termos-de-transacao/2a-regiao/TermodeTransacaoIndividualGranrivaGranitosLTDA.pdf;False
d32d5ddbf6af;COBAP COMERCIO E BENEFICIAMENTO DE ARTEFATOS DE PAPEL LTDA;Region 5;2022-03-24;;Transação Individual (Portaria PGFN nº 9.917/2020);50.0;84;;;Papel/embalagens (comércio e beneficiamento de artefatos de papel);;https://www.gov.br/pgfn/pt-br/assuntos/divida-ativa-da-uniao/transparencia-fiscal-1/painel-dos-parcelamentos/termos-de-transacao/5a-regiao/TermodeTransaoIndividualCOBAPComrcioeBeneficiamentodeArtefatosdePapelLTDA.pdf;False
d36f4c6e026a;MUNICIPIO DE MATA GRANDE/AL;Region 5;2024-07-12;;Transação Individual;65.0;120;;;Administração pública municipal;;https://www.gov.br/pgfn/pt-br/assuntos/divida-ativa-da-uniao/transparencia-fiscal-1/painel-dos-parcelamentos/termos-de-transacao/5a-regiao/TermodeTransaoIndividualMunicpiodeMataGrandeALTarjado.pdf;False
d3b4f0f44b75;TV ÔMEGA LTDA (REDETV!) e demais empresas do grupo (PROMO TV COMERCIAL LTDA, REDETV INTERACTIVE LTDA, TELETV SERVIÇOS INTERATIVOS LTDA, TV MIDIA PUBLICIDADE COMERCIAL LTDA, MIDIA TV COMERCIAL LTDA, IT INTERATIVIDADE TELEFONICA LTDA, TVI COMUNICAÇÃO INTERATIVA LTDA, TECNET TELEINFORMÁTICA LTDA, TECNET COMÉRCIO E SERVIÇOS LTDA, TECPLAN TELEINFORMÁTICA LTDA, SANDETUR VIAGENS E TURISMO LTDA);Region 3;2023-02-28;;Transação Individual;65.0;120;;;Mídia/televisão (radiodifusão e publicidade televisiva);"Espaços publicitários em mídia televisiva (cotas de patrocínio, ações de merchandising e comerciais avulsos de 30"", 60"" e 90"") vinculados à grade de programação da REDETV! nas praças de São Paulo, Rio de Janeiro, Belo Horizonte, Recife e Fortaleza, no valor correspondente à totalidade do débito transacionado, Manutenção automática dos gravames decorrentes de arrolamento de bens, medida cautelar fiscal e garantias prestadas administrativamente ou em ações de execução fiscal ou outra ação judicial";https://www.gov.br/pgfn/pt-br/assuntos/divida-ativa-da-uniao/transparencia-fiscal-1/painel-dos-parcelamentos/termos-de-transacao/3a-regiao/19839.103602_2022152aTVMEGALTDA2.pdf;False
d3ff7319d8c6;LE SAC COMERCIAL CENTER COUROS LTDA.;Region 3;2022-03-17;22870893.57;Transação individual;;120;;True;Couros/Comércio;Manutenção automática dos gravames decorrentes de arrolamento de bens, medida cautelar fiscal e garantias prestadas administrativamente ou em ações de execução fiscal ou outra ação judicial;https://www.gov.br/pgfn/pt-br/assuntos/divida-ativa-da-uniao/transparencia-fiscal-1/painel-dos-parcelamentos/termos-de-transacao/3a-regiao/termo-de-transacao-individual-les-sac-comercial-center-couros.pdf;False
d48ea78b0862;MUNICÍPIO DE POCONÉ/MT;Region 1;2023-12-11;51619614.35;Transação Individual;55.91;60;;;Administração Pública Municipal;Autorização para dedução dos valores devidos dos montantes a serem repassados relacionados às respectivas cotas nos Fundos de Participação ou aos precatórios federais, nos termos do art. 160, §2º, da Constituição Federal, Manutenção automática dos gravames decorrentes de arrolamento de bens, de medida cautelar fiscal e das garantias prestadas administrativamente ou nas ações de execução fiscal ou em qualquer outra ação judicial;https://www.gov.br/pgfn/pt-br/assuntos/divida-ativa-da-uniao/transparencia-fiscal-1/painel-dos-parcelamentos/termos-de-transacao/1a-regiao/TermodeTransacaoIndivualMunicpiodePoconMTtarjado.pdf;False
d494570b0008;Atacadão Hiper Frios Ltda;Region 5;2024-04-19;;Transação Individual;70.0;;;;Comércio atacadista de alimentos (frios/laticínios);Bens penhorados ou porventura descritos no termo como garantia (a serem alienados em caso de rescisão);https://www.gov.br/pgfn/pt-br/assuntos/divida-ativa-da-uniao/transparencia-fiscal-1/painel-dos-parcelamentos/termos-de-transacao/5a-regiao/TermodeTransaoIndividualAtacadoHiperFriosLTDATarjado.pdf;False
d4cc0824dd23;ABF ENGENHARIA SERVICOS E COMERCIO LTDA;Region 5;2024-02-29;;Transação Individual (Termo Aditivo);65.0;117;;;Engenharia/Construção;;https://www.gov.br/pgfn/pt-br/assuntos/divida-ativa-da-uniao/transparencia-fiscal-1/painel-dos-parcelamentos/termos-de-transacao/5a-regiao/TermodeTransaoIndividualAditivoABFEngenhariaServioseComrcioLTDA.pdf;False
d52660e4c14c;AMARAL D'ÁVILA ENGENHARIA DE AVALIAÇÕES LTDA.;Region 3;2023-09-14;18329317.58;Transação Individual;52.9;40;;;Engenharia/Avaliações;;https://www.gov.br/pgfn/pt-br/assuntos/divida-ativa-da-uniao/transparencia-fiscal-1/painel-dos-parcelamentos/termos-de-transacao/3a-regiao/TermodeTransaoIndividualAmaralDvilaEngenhariadeAvaliaesLTDA.pdf;False
d56fd7e0cc66;TS LOCAÇÃO DE GUINCHO LTDA;Region 5;2023-05-31;;Transação Individual;;133;4.0;;Transporte/guincho (locação de veículos de guincho);Caminhão Guindaste XCT110_BRI, CHASSI: LXGCPA451NA003627, avaliado em R$ 2.913.719,21, Caminhão Guindaste XCT110_BRI, CHASSI: LXGCPA451NA003630, avaliado em R$ 2.854.225,00;https://www.gov.br/pgfn/pt-br/assuntos/divida-ativa-da-uniao/transparencia-fiscal-1/painel-dos-parcelamentos/termos-de-transacao/5a-regiao/TermodeTransaoIndividualTSLocaodeGuinchoLTDATarjado.pdf;False
d5b5fb4f1dc3;CONSTRUTORA TRIUNFO S.A. e grupo econômico (TIISA INFRAESTRUTURA E INVESTIMENTOS S.A, IT – SISTEMAS CONSTRUTIVOS S.A, THC – TRIUNFO HOLDING DE CONSTRUÇÕES LTDA, THP – TRIUNFO HOLDING DE PARTICIPAÇÕES S.A.);Region 4;2025-04-25;753652929.13;Transação Individual;;120;;True;Construção civil/infraestrutura;Imóveis relacionados no Anexo IV, Marca CONSTRUTORA TRIUNFO registrada no INPI processo n. 827557124, Fiança da THP – Triunfo Holding de Participações S.A., Créditos relacionados a ações judiciais em andamento (penhora), Precatórios (autos 00260660320014013400 e 00393429620044013400);https://www.gov.br/pgfn/pt-br/assuntos/divida-ativa-da-uniao/transparencia-fiscal-1/painel-dos-parcelamentos/termos-de-transacao/4a-regiao/TermodeTransaoIndividualConstrutoraTriunfoSATiisaIfraestruturaeInvestimentosSAITSistemasConstrutivosSATHCTriunfoHoldingdeConstruesLTDA.pdf;False
d5bd7cce9aff;CREDIX - INCENTIVOS E BENEFÍCIOS LTDA e RKS COMERCIO E REPRESENTAÇÕES LTDA (grupo econômico de fato, com corresponsabilidade de João Kepler Braga);Region 5;2023-08-02;;Transação Individual - Plano de Regularização Fiscal (Portaria PGFN nº 6.757/2022);65.0;120;;;Not identified;;https://www.gov.br/pgfn/pt-br/assuntos/divida-ativa-da-uniao/transparencia-fiscal-1/painel-dos-parcelamentos/termos-de-transacao/5a-regiao/TermodeTransaoIndividualCredixIncentivoseBenefciosLTDARKSComrcioeRepresentaesLTDA.pdf;False
d60354782d0d;VINHEDOS INDÚSTRIA E COMÉRCIO DE PAPÉIS EIRELI (CNPJ 01.039.778/0001-77) e grupo econômico (K.E.M. ADMINISTRAÇÃO DE BENS LTDA, ALFE ASSESSORIA E COBRANÇAS EIRELI, Roberto de Vargas);Region 4;2023-08-10;98427903.44;Transação Individual;;84;;;Not identified;Imóveis de propriedade de Marina de Vargas, descritos no Anexo IV, Maquinário descrito no Anexo IV, avaliado em R$ 16.800.000,00;https://www.gov.br/pgfn/pt-br/assuntos/divida-ativa-da-uniao/transparencia-fiscal-1/painel-dos-parcelamentos/termos-de-transacao/4a-regiao/TermodeTransaoIndividualVinhedosIndstriaeComrciodePapisLTDATarjado.pdf;False
d64578d5399f;ARQUITEC – ARQUITETURA, ENGENHARIA E CONSTRUÇÃO LTDA – EM RECUPERAÇÃO JUDICIAL;Region 5;2022-03-09;88553.5;Transação individual (termo aditivo) - Previdenciário;;;;True;Construção civil/Engenharia e Arquitetura;;https://www.gov.br/pgfn/pt-br/assuntos/divida-ativa-da-uniao/transparencia-fiscal-1/painel-dos-parcelamentos/termos-de-transacao/5a-regiao/TermoaditivoIIArquitec.pdf;False
d67b6690e5d4;IRMANDADE DE SANTA IZABEL DE CABO FRIO;Region 2;2024-06-21;385592.35;Transação individual FGTS;65.0;100;;;Saúde/Assistência (Santa Casa/Irmandade hospitalar);Imóvel - Lote 06, Quadra C, bairro Tocaia, Cabo Frio/RJ, Matrícula 37.210, Imóvel - Rua Barão do Rio Branco, 72, bairro Passagem, Cabo Frio/RJ, Matrícula 11.341;https://www.gov.br/pgfn/pt-br/assuntos/divida-ativa-da-uniao/transparencia-fiscal-1/painel-dos-parcelamentos/termos-de-transacao/2a-regiao/TermodeTransaoIndividualIrmandadedeSantaIzabeldeCaboFrioFGTStarjado.pdf;False
d68d28fd7e31;SO GELO INDUSTRIA E COMERCIO LTDA;Region 3;2025-01-14;;Transação Individual;65.0;60;;;Indústria e comércio (gelo);Fiança prestada pelo sócio da empresa requerente (Sérgio Paulo Fernandes Mauad), com anuência da esposa (Marta Regina Lobato Mauad), Manutenção automática dos gravames decorrentes de arrolamento de bens, medida cautelar fiscal e garantias prestadas administrativamente ou em ações de execução fiscal;https://www.gov.br/pgfn/pt-br/assuntos/divida-ativa-da-uniao/transparencia-fiscal-1/painel-dos-parcelamentos/termos-de-transacao/3a-regiao/TermodeTransaoIndividualSOGeloIndstriaeComrcioLTDATarjado.pdf;False
d6a10249f7b1;J. ALVES VERÍSSIMO INDÚSTRIA COMÉRCIO E IMPORTAÇÃO LTDA, VERPAR S/A e VEGA INDUSTRIAL MERCANTIL DE PRODUTOS ALIMENTÍCIOS LTDA;Region 3;2025-03-20;403914315.16;Transação Individual;65.0;2;10.0;False;Alimentício/Industrial;Manutenção automática dos gravames decorrentes de arrolamento de bens, medida cautelar fiscal e garantias prestadas administrativamente ou em execução fiscal, Cessão de créditos/precatórios nº 01406063520234039900, 01406072020234039900 e 00450449620234039900;https://www.gov.br/pgfn/pt-br/assuntos/divida-ativa-da-uniao/transparencia-fiscal-1/painel-dos-parcelamentos/termos-de-transacao/3a-regiao/TermodeTransaoIndividualJ.AlvesVerssimoIndstriaComrcioeImportaoLTDATarjado.pdf;False
d6bbff31a092;PORTO DO RECIFE S/A;Region 5;2024-10-07;39634372.72;Transação Individual (revisão);76.98;12;;False;Portuário/Logística;Bens já penhorados ou descritos no termo (imóvel inserido na plataforma Comprei em caso de rescisão);https://www.gov.br/pgfn/pt-br/assuntos/divida-ativa-da-uniao/transparencia-fiscal-1/painel-dos-parcelamentos/termos-de-transacao/5a-regiao/TermodeTransaoIndividualPortodoRecifeSATarjado.pdf;False
d6ccd016d2eb;COUROS BOM RETIRO LTDA (grupo econômico envolvendo COUROS BOM RETIRO LTDA, CBR INDÚSTRIA E COMÉRCIO DE COUROS LTDA, CURTUME BAGÉ LTDA, CURTUME KOROBRAS LTDA, ARDEP EMPREENDIMENTOS E PARTICIPAÇÕES LTDA, SERENITY PARTICIPAÇÕES SOCIETÁRIAS S/S LTDA, PV EMPREENDIMENTOS IMOBILIÁRIOS E PARTICIPAÇÕES S/S LTDA, MEDICOUROS COMÉRCIO DE COUROS LTDA, SAN DIEGO PARTICIPAÇÕES LTDA, AAJ COMÉRCIO DE COUROS LTDA, FUTURE INDÚSTRIA DE COUROS LTDA, e pessoas físicas Gilmar Harth, Jeniffer Harth, Diovana Harth, Eli Harth);Region 4;2025-02-26;57888524.04;Transação Individual;;;;;Couro/curtume (indústria e comércio de couros);Imóvel - Matrícula nº 5.822, Livro nº 2, Registro de Imóveis de Patrocínio Paulista/SP, avaliado em R$ 27.886.906,00, de propriedade de PV Empreendimentos Imobiliários e Participações Ltda, Imóvel - Matrícula nº 991, Livro nº 2, Ofício de Registros Públicos de Roca Sales/RS, avaliado em R$ 33.660.620,00, de propriedade de PV Empreendimentos Imobiliários e Participações Ltda, Possibilidade de escritura pública de hipoteca em caso de indeferimento judicial da penhora;https://www.gov.br/pgfn/pt-br/assuntos/divida-ativa-da-uniao/transparencia-fiscal-1/painel-dos-parcelamentos/termos-de-transacao/4a-regiao/TermodeTransaoIndividualCourosBomRetiroLTDACBRIndstriaeComrciodeCourosLTDACurtumeBagLTDACurtumeKorobrasLTDAArdepEmpreendimentoseParticipaesLTDASerenityParticipaesSocietriasSS.pdf;False
d76f8e09c6bc;RIBEIRO ENGENHARIA LTDA;Region 2;2021-12-20;;Transação individual;70.0;145;;;Construção civil/engenharia;Área de terras medindo 30.000 m2, desmembrada de maior porção da gleba nº 13, situada em local com dados tarjados, matriculada no Cartório do 2º Ofício de Registro Geral de Imóveis de Guarapari, Oito caminhões Mercedes Benz individualizados (Anexo III), Crédito de Precatório em face do Município de Mage/RJ (Anexo IV), Lotes de terrenos nºs 18 ao 32 e mais 35 ao 40, da quadra 80, situados em Loteamento no município da Serra/ES (Anexo V), Fiança/garantia fidejussória dos GARANTIDORES;https://www.gov.br/pgfn/pt-br/assuntos/divida-ativa-da-uniao/transparencia-fiscal-1/painel-dos-parcelamentos/termos-de-transacao/2a-regiao/TermodeTransacaoIndividualRibeiroEngenhariaPrimeiroTermoAditivo.pdf;False
d797b3705207;"FORTE PATRIMONIAL LTDA e outros (grupo econômico - ""requerentes"")";Region 3;2024-02-26;106002470.5;Transação Individual;65.0;36;0.0;;Comércio de combustíveis e conveniências (postos de combustíveis/auto postos);;https://www.gov.br/pgfn/pt-br/assuntos/divida-ativa-da-uniao/transparencia-fiscal-1/painel-dos-parcelamentos/termos-de-transacao/3a-regiao/TermodeTransaoIndividualFortePatrimonialLTDATarjado.pdf;False
d79da5ff4120;VIAÇÃO PLANETA LTDA;Region 1;2023-10-07;32192076.95;Transação Individual;61.57;1;;;Transporte;Precatório (Requisição de pagamento nº 22510014439), Precatório (Requisição de pagamento nº 22510046445);https://www.gov.br/pgfn/pt-br/assuntos/divida-ativa-da-uniao/transparencia-fiscal-1/painel-dos-parcelamentos/termos-de-transacao/1a-regiao/TermodeTransaoIndividualViaoPlanetaLTDA.pdf;False
d7b755605adc;BILU INDÚSTRIA DE ALIMENTOS LTDA.;Region 4;2023-04-18;28722281.0;Transação Individual - Plano de Pagamento Parcelado;;120;;;Indústria de alimentos;Maquinário pertencente ao ativo imobilizado da devedora, avaliado em R$ 11.000.000,00;https://www.gov.br/pgfn/pt-br/assuntos/divida-ativa-da-uniao/transparencia-fiscal-1/painel-dos-parcelamentos/termos-de-transacao/4a-regiao/TermodeTransaoIndividualBiluIndstriadeAlimentosLTDATarjado.pdf;False
d7ebec6c539f;IGREJA EVANGÉLICA ASSEMBLÉIA DE DEUS;Region 1;2022-12-19;2418114.51;Transação Individual (Plano de Regularização Fiscal - FGTS);;;;;Religioso/Terceiro setor;Imóvel (descrição tarjada/ilegível no documento);https://www.gov.br/pgfn/pt-br/assuntos/divida-ativa-da-uniao/transparencia-fiscal-1/painel-dos-parcelamentos/termos-de-transacao/1a-regiao/TermodeTransaoIndividualIgrejaEvanglicaAssembleiadeDeusInformaesSigilosasSuprimidas.pdf;False
d844d27087e0;JRJ INDÚSTRIA E COMÉRCIO DE TECIDOS LTDA;Region 3;2024-11-26;28439630.19;Transação Individual;57.11;60;;;Indústria têxtil (tecidos);Fiança prestada pela sócia da empresa requerente, Sra. Tatiana Masini Gabriel de Ulhoa Cintra;https://www.gov.br/pgfn/pt-br/assuntos/divida-ativa-da-uniao/transparencia-fiscal-1/painel-dos-parcelamentos/termos-de-transacao/3a-regiao/TermodeTransaoIndividualJRJIndstriaeComrciodeTecidosLTDATarjado.pdf;False
d8455c67b011;SUDESTE TRANSPORTES COLETIVOS LTDA;Region 3;Not identified;33168071.48;Transação Individual;65.0;48;;;Transporte coletivo;Manutenção automática dos gravames decorrentes de arrolamento de bens, medida cautelar fiscal, penhoras ou garantias prestadas administrativamente;https://www.gov.br/pgfn/pt-br/assuntos/divida-ativa-da-uniao/transparencia-fiscal-1/painel-dos-parcelamentos/termos-de-transacao/3a-regiao/TermodeTransaoIndividualSudesteTransportesColetivosLTDA.pdf;False
d8b0109faa60;Cláudio Pinheiro Cavalcanti Ltda., em Recuperação Judicial (CNPJ 08.396.938/0001-84);Region 5;Not identified;2401541.06;Transação Individual;54.83;60;0.0;True;Not identified;Manutenção de eventuais garantias eventualmente existentes nos processos em curso;https://www.gov.br/pgfn/pt-br/assuntos/divida-ativa-da-uniao/transparencia-fiscal-1/painel-dos-parcelamentos/termos-de-transacao/5a-regiao/TermodeTransaoIndividualCludioPinheiroCavalcantiLTDASumrio.pdf;False
d8cb5573ce86;BLASPINT CONSTRUÇÃO E MONTAGEM LTDA / PROPAV LOCAÇÃO DE EQUIPAMENTOS LTDA (Fiador: ACP INVESTIMENTOS E PARTICIPAÇÕES);Region 3;2025-02-25;;Transação individual (modalidades DEMAIS e PREV) - Recuperação Judicial;76.0;84;;True;Construção civil/montagem industrial e locação de equipamentos;Fiança pessoal com corresponsabilidade da pessoa jurídica ACP INVESTIMENTOS E PARTICIPAÇÕES, Manutenção automática dos gravames decorrentes de arrolamento de bens, medida cautelar fiscal e garantias prestadas administrativamente ou em execuções fiscais;https://www.gov.br/pgfn/pt-br/assuntos/divida-ativa-da-uniao/transparencia-fiscal-1/painel-dos-parcelamentos/termos-de-transacao/3a-regiao/TermodeTransaoIndividualBlaspintConstruoeMontagemLTDATarjado.pdf;False
d8e79e3cfb43;UNIMED PETROPOLIS COOPERATIVA DE TRABALHO MEDICO;Region 2;2023-02-23;65744978.16;Transação Individual;47.5;60;;;Saúde (cooperativa médica);Imóvel à Rua do Expedicionário nº 144, Bingen, Petrópolis/RJ, matrícula nº 15.854, denominado 'HOSPITAL UNIMED' (com gravames anteriores), Imóveis na Rua Irmãos D'Angelo nº 123, loja e sobreloja, Petrópolis, matrícula nº 7715 (com gravames anteriores), Imóvel na Rua Irmãos D'Angelo nº 99, Sobreloja 1, matrícula nº 26.639 (pendência de regularização de registro), Valores de indenização em discussão na ação civil nº 0025864-16.2017.8.19.0042;https://www.gov.br/pgfn/pt-br/assuntos/divida-ativa-da-uniao/transparencia-fiscal-1/painel-dos-parcelamentos/termos-de-transacao/2a-regiao/TermodeTransaoIndividualUnimedPetrpolisCooperativadeTrabalhoMdicotarjado.pdf;False
d9c1798994a9;ROTOTECH ROTOMOLDAGEM TÉCNICA LTDA;Region 4;2023-10-10;580359.32;Transação Individual (Plano de Pagamento Parcelado do Débito Fiscal - FGTS/CS);28.02;80;;;Not identified;Imóvel reavaliado em R$ 12.184.240,00 (EV 138 dos autos nº 5004576-22.2018.4.04.7129), em 09/10/2023;https://www.gov.br/pgfn/pt-br/assuntos/divida-ativa-da-uniao/transparencia-fiscal-1/painel-dos-parcelamentos/termos-de-transacao/4a-regiao/TermodeTransaoIndividualRototechRotomoldagemTcnicaLTDAInformaesSigilosasSuprimidas.pdf;False
da2068357890;RÁDIO E TV DIFUSORA DO MARANHÃO LTDA (e corresponsáveis: RÁDIO CURIMA LTDA, RÁDIO CAXIAS, JOTA COMUNICAÇÃO S/A, DIFUSORA COMUNICAÇÃO S/A);Region 1;Not identified;20125318.4;Transação Individual;59.22;120;;False;Radiodifusão/comunicação (rádio e TV);Imóvel;https://www.gov.br/pgfn/pt-br/assuntos/divida-ativa-da-uniao/transparencia-fiscal-1/painel-dos-parcelamentos/termos-de-transacao/1a-regiao/SumrioRdioeTVDifusoradoMaranhoLTDARdioCurimLTDARdioCaxiasJotaComunicaoDifusoraComunicaesSA.pdf;False
da4a4bfb05fe;FUNDAÇÃO ATTILA TABORDA;Region 4;2024-08-23;;Transação Individual;70.0;143;;;Not identified;Imóvel descrito no item I da Cláusula 8ª (dados tarjados), Imóvel descrito no item II da Cláusula 8ª - edificação denominada Anexo 01 (dados tarjados), Penhora do imóvel indicado no item II a ser formalizada em até 90 dias, Hipoteca em favor da União (subsidiária, caso a penhora não se concretize);https://www.gov.br/pgfn/pt-br/assuntos/divida-ativa-da-uniao/transparencia-fiscal-1/painel-dos-parcelamentos/termos-de-transacao/4a-regiao/TermodeTransaoIndividualFundaoAtilaTabordaTarjado.pdf;False
da98ba46e76f;GRUPO INTERMARINE (TOPFIBER DO BRASIL LTDA, FALCON ESTALEIROS DO BRASIL LTDA, ORYX EMPREENDIMENTOS E PARTICIPAÇÕES LTDA, VELLROY ESTALEIROS DO BRASIL LTDA, VELLROY NÁUTICA SOCIEDADE SIMPLES LTDA, YAGUAR EMPREENDIMENTOS E PARTICIPAÇÕES LTDA);Region 3;2024-08-20;;Transação Individual;58.0;120;;;Náutico/Estaleiros (construção e comércio de embarcações);Bens imóveis (relação no Anexo III, total avaliado em R$ 309.229.400,00), Rendimentos de aluguéis de imóveis locados (Anexo IV, total mensal R$ 419.791,03), Moldes de embarcações (relação no Anexo V/laudos, total avaliado em R$ 55.109.215,00), Marca 'INTERMARINE YACHTS' registrada no INPI;https://www.gov.br/pgfn/pt-br/assuntos/divida-ativa-da-uniao/transparencia-fiscal-1/painel-dos-parcelamentos/termos-de-transacao/3a-regiao/TermodeTransaoIndividualFalconEstaleirosdoBrasilLTDAVellroyEstaleirosdoBrasilLTDAVellroyNuticaSociedadeSimplesLTDAAtthenaEmbarcaesLTDAFalconHoldingLTDAInterboatCenterServiosAdminis.pdf;False
daa04643f053;BRASINCA ADMINISTRAÇÃO E SERVIÇOS S/A;Region 3;2024-06-03;61783423.19;Transação individual (DEMAIS e PREV - Previdenciário);89.42;84;;;Not identified;Manutenção automática dos gravames decorrentes de arrolamento de bens, medida cautelar fiscal e garantias prestadas administrativamente ou em ações judiciais, Fiança concedida pelo Presidente da Companhia, Sr. Gil Moura Neto;https://www.gov.br/pgfn/pt-br/assuntos/divida-ativa-da-uniao/transparencia-fiscal-1/painel-dos-parcelamentos/termos-de-transacao/3a-regiao/TermodeTransaoIndividualBrasincaAdministraoeServiosSATarjado.pdf;False
daa337ce3783;JOSE FORNIELES ROBLES (ESPOLIO);Region 1;Not identified;18732968.0;Transação individual - Pagamento a vista MP-899/2019;;;5.0;;Not identified;;https://www.gov.br/pgfn/pt-br/assuntos/divida-ativa-da-uniao/transparencia-fiscal-1/painel-dos-parcelamentos/termos-de-transacao/1a-regiao/termo-de-transacao-individual-jose-fornieles-inf-suprimidas.pdf;False
db9830ba37f1;CLÍNICA SANTA HELENA LTDA e outros (grupo econômico: SH Brasil Servicos Medicos Ltda, Terramar Administradora de Plano de Saude Ltda, BR Incor Patrimonial Ltda, GSH Participacoes Ltda, Assisto Assistencia Médica Ltda, Elabore Análises Clínicas e Toxicologicas Ltda, Eladio Galdino Vilela de Souza, Vera Lucia Ferreira de Souza);Region 1;2025-06-10;140598076.67;Transação Individual;65.0;120;;;saúde/medicina (clínicas médicas e plano de saúde);Imóvel de matrícula 84 do 2º Ofício de Camaçari/Ba (penhorado na execução fiscal 0024114-36.2017.4.01.3300), Imóvel de matrícula 083 (antiga 3744) do 2º Ofício de Camaçari/Ba, Imóvel de matrícula 4543 do 2º Ofício de Camaçari/Ba, Imóvel matrícula 7.072 do Cartório de Imóveis de Dias D'ávila/Ba, Imóvel de matrícula 77.837 do 3º Ofício de Imóveis da Bahia, Imóvel de matrícula 26.052 do 6º Ofício de Imóveis da Bahia, Imóveis de salas comerciais nº 101 a 120 do 3º Registro de Imóveis de Salvador/Ba (matrículas 102.548, 101.072, 101.074, 101.083, 101.082, 101.079, 102.546, 101.081, 101.080, 101.073, 101.069, 101.075, 101.102, 101.088, 101.095, 101.105, 101.104, 101.092, 101.086, 101.100), Imóveis de salas comerciais nº 201 a 208 do 3º Registro de Imóveis de Salvador/Ba (matrículas 101.085, 101.090, 101.091, 101.097, 101.098, 101.099, 123.504, 123.503), Imóveis de salas comerciais nº 217 a 220 do 3º Registro de Imóveis de Salvador/Ba (matrículas 101.103, 101.096, 101.089, 101.101), Fração ideal de 46,11% do imóvel de matrícula 10.890 do 2º Ofício da Comarca de Camaçari/Ba, Imóvel de matrícula nº 10.739 do 2º Ofício da Comarca de Camaçari/Ba, Imóvel de matrícula nº 3.628 do 2º Ofício da Comarca de Camaçari/Ba, Imóvel de matrícula nº 24.460 do 1º Ofício da Comarca de Itaboraí/RJ, Imóvel de matrícula nº 42.499 do 2º Ofício da Comarca de Camaçari/Ba, Oferecimento de 5% do faturamento mensal da Terramar Administradora de Plano de Saúde LTDA por 10 anos, Oferecimento de 5% do faturamento mensal da Clínica Santa Helena LTDA por 10 anos;https://www.gov.br/pgfn/pt-br/assuntos/divida-ativa-da-uniao/transparencia-fiscal-1/painel-dos-parcelamentos/termos-de-transacao/1a-regiao/TermodeTransaoIndividualeAnexosClnicaSantaHelenaLTDASHBrasilServiosMdicosLTDATerramarAdministradoraLTDAAssistoAssistnciaMdicaLTDAElaboreAnlisesClnicaseToxicolgicasLTDA..pdf;False
db9f235f7115;INDÚSTRIA ORIENTAL LTDA;Region 5;2023-11-06;;Transação Individual;;102;4.0;;Indústria;Imóvel matrícula 62.115 - 2ª Circunscrição Imobiliária de Aracaju/Sergipe, Imóvel matrícula 62.116 - 2ª Circunscrição Imobiliária de Aracaju/Sergipe;https://www.gov.br/pgfn/pt-br/assuntos/divida-ativa-da-uniao/transparencia-fiscal-1/painel-dos-parcelamentos/termos-de-transacao/5a-regiao/TermodeTransaoIndividualIndstriaOrientalLTDA.pdf;False
dc1e79f6c521;TINTAS REAL COMPANY INDUSTRIA E COMERCIO DE TINTAS LTDA;Region 3;2024-06-27;;Transação individual (recuperação judicial);65.0;60;;True;Indústria e comércio de tintas;;https://www.gov.br/pgfn/pt-br/assuntos/divida-ativa-da-uniao/transparencia-fiscal-1/painel-dos-parcelamentos/termos-de-transacao/3a-regiao/TermodeTransaoIndividualTintasRealCompanyIndustriaeComerciodeTintasLTDATarjado.pdf;False
dc8521e9e736;SCA INDUSTRIA DE MÓVEIS LTDA.;Region 4;2024-03-10;;Transação Individual (FGTS);;;;;Indústria de móveis;Imóvel de matrícula 57.079, avaliado em R$ 42.799.100,00, já objeto de penhora pela União na execução fiscal nº 5011438-70.2021.4.04.7107;https://www.gov.br/pgfn/pt-br/assuntos/divida-ativa-da-uniao/transparencia-fiscal-1/painel-dos-parcelamentos/termos-de-transacao/4a-regiao/TermodeTransaoIndividualSCAIndstriadeMveisLTDAtarjado.pdf;False
dc87a3f22258;ICATEL TELEMÁTICA SERVIÇOS E COMERCIO LTDA. e ICA TELECOMUNICAÇÕES LTDA (grupo econômico);Region 3;2023-06-12;;Transação Individual;50.0;60;;;Telecomunicações;Imóvel matrícula nº 118.058 (2º Registro de Imóveis de São Paulo), de propriedade de Igor Russi Salaru, avaliado em R$ 4.135.547,20, Imóvel matrícula nº 131.222 (2º Registro de Imóveis de São Paulo), de propriedade de Daniel Russi Salaru, avaliado em R$ 2.800.000,00, Contrato nº 02-040851-02 firmado com a Telecomunicações de São Paulo S.A. (Telesp), com faturamento estimado em R$ 40.000.000,00, Seguro-garantia no importe de R$ 2.400.000,00;https://www.gov.br/pgfn/pt-br/assuntos/divida-ativa-da-uniao/transparencia-fiscal-1/painel-dos-parcelamentos/termos-de-transacao/3a-regiao/TermodeTransaoIndividualIcatelTelemticaServioseComrcioLTDAIcaTelecomunicaesLTDA.pdf;False
dc9fb94139d9;NORTE BUSS TRANSPORTES S.A;Region 3;2020-04-29;248964960.55;Transação individual;40.0;81;2.0;;Transporte (ônibus/coletivo urbano);Recebíveis oriundos dos contratos nº 039/2019 e 040/2019 com a Prefeitura Municipal de São Paulo, 1.182 veículos de propriedade do DEVEDOR, fabricados a partir de 2014, Imóveis das matrículas nº 152.490, 152.491 e 152.492 do 15º Registro de Imóveis da Comarca de São Paulo, Atuais e futuros depósitos judiciais e precatórios cujo favorecido seja o DEVEDOR;https://www.gov.br/pgfn/pt-br/assuntos/divida-ativa-da-uniao/transparencia-fiscal-1/painel-dos-parcelamentos/termos-de-transacao/3a-regiao/termo-de-transacao-individual-norte-buss-transportes-s-a-inf-suprimidas.pdf;False
dcd3dd99e5c8;DFC ADMINISTRADORA DE IMÓVEIS LTDA, BONANZA SUPERMERCADOS LTDA e ALIANÇA DISTRIBUIDORA DE GÊNEROS ALIMENTÍCIOS LTDA (grupo econômico);Region 5;2020-12-30;;Transação Individual;50.0;145;;True;Supermercados/distribuição de gêneros alimentícios e administração de imóveis;;https://www.gov.br/pgfn/pt-br/assuntos/divida-ativa-da-uniao/transparencia-fiscal-1/painel-dos-parcelamentos/termos-de-transacao/5a-regiao/termo-de-transacao-individual_bonanza.pdf;False
dcf1ee2fc85a;GSN GLOBAL SECURITY NETWORK COMERCIO DE EQUIPAMENTOS, ELETRONICOS LTDA;Region 4;2025-02-24;28408342.35;Transação individual;54.13;120;;;Segurança/Comércio de equipamentos eletrônicos;4 (quatro) bens imóveis: 3 localizados no Maranhão (matrículas 76746, 76744 e 76742, 2º Registro de Imóveis de São Luiz/MA), previamente avaliados em R$ 17.500.000,00, e 1 imóvel no Paraná (matrícula 69054, 6º Registro de Imóveis de Curitiba/PR), avaliado em R$ 1.800.000,00, totalizando R$ 19.300.000,00, a serem indicados à penhora na execução fiscal nº 5010512-51.2023.4.04.7000, Escritura pública de hipoteca em favor da União, caso indeferida judicialmente a penhora dos imóveis;https://www.gov.br/pgfn/pt-br/assuntos/divida-ativa-da-uniao/transparencia-fiscal-1/painel-dos-parcelamentos/termos-de-transacao/4a-regiao/TermodeTransaoIndividualGSNGlobal.pdf;False
dcf6f5aeb0dc;"ARCLIMA ENGENHARIA LTDA - EM RECUPERACAO JUDICIAL; ARCODUTO EIRELI; TOTALPARTS AR CONDICIONADO E REFRIGERACAO LTDA";Region 5;2022-03-28;1676.77;Transação individual (Primeiro Termo Aditivo);12.46;;;True;Engenharia/climatização (ar condicionado e refrigeração);;https://www.gov.br/pgfn/pt-br/assuntos/divida-ativa-da-uniao/transparencia-fiscal-1/painel-dos-parcelamentos/termos-de-transacao/5a-regiao/PrimeiroTermoAditivoArclima.pdf;False
dd0123c1182e;JBS S.A;Region 3;2020-10-20;;Negócio Jurídico Processual (NJP) - aproveitamento de créditos de ressarcimento homologados pela RFB para pagamento de passivo fiscal e encerramento de litígios judiciais;;;;;Agronegócio/Frigorífico;Seguro garantia judicial, Seguro garantia parcelamento administrativo fiscal, Substituição de garantias nas execuções fiscais (item 4.9 e 5.3);https://www.gov.br/pgfn/pt-br/assuntos/divida-ativa-da-uniao/transparencia-fiscal-1/painel-dos-parcelamentos/termos-de-transacao/3a-regiao/TermodeTransaoIndividualJBSSATarjado.pdf;False
dd5e83d3072f;"MINERAÇÃO GRANDES LAGOS LTDA; NOROMIX CONCRETO S/A; G.P. PAVIMENTAÇÃO LTDA.; DEMOP PARTICIPAÇÕES LTDA";Region 3;2024-05-20;91204415.99;Transação Individual;46.48;40;;;Mineração/Construção civil e pavimentação;;https://www.gov.br/pgfn/pt-br/assuntos/divida-ativa-da-uniao/transparencia-fiscal-1/painel-dos-parcelamentos/termos-de-transacao/3a-regiao/TermodeTransaoIndividualMineraoGrandesLagosLTDATarjado.pdf;False
dd7ffa21cd8c;CONSTRUTORA BETER S/A - FALIDA;Region 3;2025-06-02;34550404.87;Transação individual;65.0;1;;False;Construção civil;Manutenção automática dos gravames decorrentes de arrolamento de bens, medida cautelar fiscal, penhoras ou garantias prestadas administrativamente;https://www.gov.br/pgfn/pt-br/assuntos/divida-ativa-da-uniao/transparencia-fiscal-1/painel-dos-parcelamentos/termos-de-transacao/3a-regiao/TermodeTransaoIndividualConstrutoraBeterSAFalida.pdf;False
ddcc8b3ad374;INDÚSTRIA VEROLME S/A IVESA e SEQUIP PARTICIPAÇÕES LTDA;Region 2;2023-04-10;;Transação Individual (Termo Aditivo);;;;;Indústria naval/metalurgia;Reforço de garantia mediante penhora de imóveis (matrículas nº 4161, 4162, 4166, 4167 e 4168) de propriedade da devedora Indústria Verolme S/A - IVESA, que compõem o Complexo Verolme de Jacuçanga, localizado em Angra dos Reis, no montante equivalente a 30% do saldo devedor da transação firmada;https://www.gov.br/pgfn/pt-br/assuntos/divida-ativa-da-uniao/transparencia-fiscal-1/painel-dos-parcelamentos/termos-de-transacao/2a-regiao/TermodeTransaoIndividualIndstriaVerolmeSAIVESATarjado.pdf;False
de17b7cd69ae;SBK-BPO SERVICOS TECNOLOGICOS E REPRESENTAÇÕES COMERCIAIS S.A. e SBK – BPO PROCESSAMENTO E GESTÃO EMPRESARIAL LTDA.;Region 3;2024-07-11;60893638.53;Transação Individual;48.62;48;;;Serviços de tecnologia/BPO (processamento e gestão empresarial);;https://www.gov.br/pgfn/pt-br/assuntos/divida-ativa-da-uniao/transparencia-fiscal-1/painel-dos-parcelamentos/termos-de-transacao/3a-regiao/TermodeTransaoIndividualSBKBPOServiosTecnolgicoseRepresentaesComerciaisSATarjado.pdf;False
dec9160ceb60;COMP LINE INFORMÁTICA LTDA;Region 1;2021-08-06;73013319.23;Transação Individual;41.59;36;;;Tecnologia/Informática;Hipoteca de imóveis relacionados no ANEXO II, pertencentes a Felipe Daniel Mendonça Guarneri, Alexandra Nobre Mendonça, Vanessa Nobre Mendonça Araújo e Leonardo Araújo de Oliveira Silva, avaliados em R$ 5.333.262,00, Crédito a receber da WIZ SOLUÇÕES decorrente do Contrato de Compra e Venda de Quotas representativas do capital social da WIZ BPO, no valor de R$ 47.609.100,00;https://www.gov.br/pgfn/pt-br/assuntos/divida-ativa-da-uniao/transparencia-fiscal-1/painel-dos-parcelamentos/termos-de-transacao/1a-regiao/termo-de-transacao-individual-comp-line.pdf;False
dedcaeb2dc7e;CLUB DE REGATAS VASCO DA GAMA;Region 2;2021-10-26;276874683.0;Transação Individual;70.0;120;;False;futebol/entretenimento;Imóveis objeto do processo de arrolamento de bens, junto a RFB, nº 13031.198600/2021-16, Imóvel localizado à Rua General Tasso Fragoso, 65 – Lagoa, Rio de Janeiro – RJ, Contratos de cessão de direitos de captação, fixação, edição, exibição e transmissão do Campeonato Brasileiro de Clubes – Temporadas 2021 a 2024, Contratos de cessão de direitos de captação, fixação, edição, exibição e transmissão do Campeonato Estadual – Temporadas 2021 e 2022, Contrato de patrocínio com ASSOCIAÇÃO FORTE ALIANÇA, Contrato de patrocínio com BANCO BMG S.A., Contrato de patrocínio com HAVAN S.A, Contrato de patrocínio com SPR INDÚSTRIA DE CONFECÇÃO LTDA, 50% das receitas líquidas futuras e incertas decorrentes de eventual cessão onerosa de direitos federativos/econômicos de atletas de futebol profissional, Contrato de patrocínio com PIXBET SOLUÇÕES TECNOLÓGICAS EIRELI;https://www.gov.br/pgfn/pt-br/assuntos/divida-ativa-da-uniao/transparencia-fiscal-1/painel-dos-parcelamentos/termos-de-transacao/2a-regiao/TermodeTransacaoIndividualVascoPGFN.pdf;False
e0670bdf82fb;FIVE STARS DE MACAÉ SERVIÇOS DE PETRÓLEO EIRELI e outras (grupo econômico FIVE STAR/AETI ALLIANCE);Region 2;2024-12-05;259932433.63;Transação individual;65.0;120;;True;Petróleo/óleo e gás (serviços offshore);Imóvel de matrícula 32.201, avaliado em conjunto com o outro em R$27.000.000,00, Imóvel de matrícula 19.482, avaliado em conjunto com o outro em R$27.000.000,00;https://www.gov.br/pgfn/pt-br/assuntos/divida-ativa-da-uniao/transparencia-fiscal-1/painel-dos-parcelamentos/termos-de-transacao/2a-regiao/TermodeTransaoIndividualFiveStars....pdf;False
e0ce6d79c0ad;NATURASUC INDUSTRIA E COMERCIO LTDA;Region 3;Not identified;21231739.7;Transação individual;47.79;120;;True;Not identified;Mantém eventuais garantias existentes;https://www.gov.br/pgfn/pt-br/assuntos/divida-ativa-da-uniao/transparencia-fiscal-1/painel-dos-parcelamentos/termos-de-transacao/3a-regiao/SumrioNaturasucIndstriaeComrcioLTDA.pdf;False
e0f4411591ba;G M E - GARCA MOTORES ELETRICOS LTDA;Region 3;2021-08-25;;Transação individual;;;;;Not identified;;https://www.gov.br/pgfn/pt-br/assuntos/divida-ativa-da-uniao/transparencia-fiscal-1/painel-dos-parcelamentos/termos-de-transacao/3a-regiao/TermodeTransaoIndividualGMEGarcaMotoresEltricosLTDATarjado.pdf;False
e0fdf7ad1c19;Not identified;Region 1;2023-05-08;1283719018.38;Transação individual;65.0;120;;False;Saneamento básico;Responsabilidade subsidiária do Estado do Pará (GARANTIDOR), Retenção e repasse de valores do Fundo de Participação dos Estados (FPE), Penhora sobre percentual de faturamento (5% da receita bruta da Companhia), Manutenção de gravames decorrentes de arrolamento de bens, medida cautelar fiscal e garantias prestadas administrativamente ou em ações de execução fiscal;https://www.gov.br/pgfn/pt-br/assuntos/divida-ativa-da-uniao/transparencia-fiscal-1/painel-dos-parcelamentos/termos-de-transacao/1a-regiao/TermoTransaoIndividualCosanpaInformaesSigilosasSuprimidas.pdf;False
e1298dc34af1;MUNICÍPIO DE INHAPI - AL;Region 5;2025-06-11;8888959.72;Transação Individual;65.0;60;;;Administração pública municipal;;https://www.gov.br/pgfn/pt-br/assuntos/divida-ativa-da-uniao/transparencia-fiscal-1/painel-dos-parcelamentos/termos-de-transacao/5a-regiao/TermodeTransaoIndividualMunicpiodeInhapiAL.pdf;False
e1384626d34d;Cláudio Pinheiro Cavalcanti Ltda.;Region 5;2025-04-08;;Transação Individual;65.0;60;;True;Not identified;Bens já penhorados ou descritos no termo como garantia (alienação via sistema COMPREI em caso de rescisão);https://www.gov.br/pgfn/pt-br/assuntos/divida-ativa-da-uniao/transparencia-fiscal-1/painel-dos-parcelamentos/termos-de-transacao/5a-regiao/TermodeTransaoIndividualCludioPinheiroCavalcantiLTDA.pdf;False
e155229c9cef;GRUPO ITAVEMA;Region 3;2024-02-29;298084227.12;Transação Individual;40.05;24;;;Comércio de veículos automotores;;https://www.gov.br/pgfn/pt-br/assuntos/divida-ativa-da-uniao/transparencia-fiscal-1/painel-dos-parcelamentos/termos-de-transacao/3a-regiao/TermodeTransaoIndividualSuperforRioVeculosLTDATarjadocompactado.pdf;False
e1b0de8d5dd2;GAMA MINERAÇÃO S.A;Region 3;2021-07-03;;Transação individual;50.0;36;0.334;;Mineração;;https://www.gov.br/pgfn/pt-br/assuntos/divida-ativa-da-uniao/transparencia-fiscal-1/painel-dos-parcelamentos/termos-de-transacao/3a-regiao/termo-de-transacao-individual-gama-mineracao.pdf;False
e1d353b184f2;Grupo Hospital Santa Lúcia (HOSPITAL SANTA LÚCIA LTDA., SANTA RITA – CLÍNICA MÉDICA E SERVIÇOS HOSPITALARES LTDA., SÃO FRANCISCO SERVIÇOS PARA HOSPITAIS LTDA., INSTITUTO DE OXIGENIOTERAPIA HIPERBÁRICA SANTA LÚCIA LTDA., ASSOCIAÇÃO BENEFICENTE DO HOSPITAL SANTA LÚCIA);Region 4;2023-06-07;103431820.0;Transação Individual - Plano de Pagamento Parcelado;;120;;;Saúde/Hospitalar;Cotas-partes dos anuentes (pessoas físicas) relativamente aos imóveis descritos nas matrículas números [tarjados], já penhorados nos autos da execução fiscal nº 50025560520154047116;https://www.gov.br/pgfn/pt-br/assuntos/divida-ativa-da-uniao/transparencia-fiscal-1/painel-dos-parcelamentos/termos-de-transacao/4a-regiao/TermodeTransaoIndividualHospitalSantaLciaLTDATarjado.pdf;False
e1e508e47340;DINAMIZE INFORMÁTICA LTDA. (Grupo econômico: DINAMIZE INFORMÁTICA LTDA., DINAMART INFORMATICA EIRELI, PROMART DESENVOLVIMENTO SISTEMAS LTDA, Allan Schoenardie Luz e Jônatas Galvão Abbott);Region 4;2022-12-21;;Transação Individual Tributária;65.0;120;;False;Tecnologia/Informática;"Marca empresarial ""DINAMIZE"", pertencente à devedora principal do Grupo, avaliada em R$ 20.053.956,44 (outubro/2022), registrada no INPI sob os processos 829142355/830720642 e penhorada nos autos da execução fiscal nº 5037644842017410";https://www.gov.br/pgfn/pt-br/assuntos/divida-ativa-da-uniao/transparencia-fiscal-1/painel-dos-parcelamentos/termos-de-transacao/4a-regiao/TermodeTransaoIndividualDinamizeInformticaLTDATarjado.pdf;False
e22fde9d0a12;MULTILIGHT LANTERNAS LTDA (também referida como MULTILIGHT PLÁSTICOS) em recuperação judicial, CNPJ 03.705.501/0001-61 e RGR PARTICIPAÇÕES LTDA, CNPJ 06.968.813/0001-56;Region 4;Not identified;;Transação Individual;;120;;True;Not identified;;https://www.gov.br/pgfn/pt-br/assuntos/divida-ativa-da-uniao/transparencia-fiscal-1/painel-dos-parcelamentos/termos-de-transacao/4a-regiao/TermodeTransaoIndividualMultilightPlsticosLTDATarjado.pdf;False
e272b22c1bb0;AZUL LINHAS AÉREAS BRASILEIRAS S.A;Region 3;2024-12-24;;Transação Individual;42.0;120;;;Aviação civil / transporte aéreo;Slots aeroportuários registrados no Balanço Patrimonial (ANEXO IX), Integralidade dos recebíveis decorrentes da utilização dos espaços de mídias da Requerente (ANEXO X), Alienação fiduciária de partes e peças, como garantia de segundo grau (ANEXO XI), Integralidade dos recebíveis do Contrato Administrativo nº 13/2024-CGAD/DLOG/PF celebrado com a Polícia Federal (ANEXO XII), Integralidade dos recebíveis do Contrato celebrado com a Airbus, em 30/08/2022, para manutenção de aeronaves na Força Aérea Brasileira - FAB (ANEXO XIII), Integralidade dos recebíveis do Contrato nº 2/2021, celebrado com o Poder Público (Executivo federal), de vendas de passagem (ANEXO XIV), Integralidade dos recebíveis do Contrato nº 83/2024, celebrado com o Supremo Tribunal Federal (ANEXO XV), Depósitos judiciais, a ser convertido em renda em favor da União (ANEXO XVI);https://www.gov.br/pgfn/pt-br/assuntos/divida-ativa-da-uniao/transparencia-fiscal-1/painel-dos-parcelamentos/termos-de-transacao/3a-regiao/TermodeTransaoIndividualAzulLinhasAreasBrasileirasSATarj.pdf;False
e29fb0095806;SIMETALL INDÚSTRIA E COMÉRCIO DE FERRAMENTAS LTDA.;Region 4;2022-11-03;18423286.82;Transação Individual;;120;;;Indústria (ferramentas);Bens móveis e imóveis avaliados em R$ 25.207.645,42 (Cláusula 8ª), Bens imóveis penhorados em execuções fiscais, conforme Anexo IV (§1º da Cláusula 8ª), Cessão de direitos sobre imóvel objeto de alienação fiduciária em favor da CAIXA ECONÔMICA FEDERAL, avaliado em R$ 27.160.000,00 (§2º da Cláusula 8ª), Máquina industrial laminadora de aços quentes, marca Fyre Fondrico, avaliada em R$ 2.070.000,00 (§4º da Cláusula 8ª);https://www.gov.br/pgfn/pt-br/assuntos/divida-ativa-da-uniao/transparencia-fiscal-1/painel-dos-parcelamentos/termos-de-transacao/4a-regiao/TermodeTransacaoIndividualSimetallIndustriaeComerciodeFerramentasLTDA.pdf;False
e2d0e719143e;EMEC ENGENHARIA E CONSTRUÇÕES LTDA. (CNPJ 16.700.270/0001-45);Region 1;2022-05-30;17402554.84;Transação individual;;145;6.0;False;Engenharia e construção;"Bem imóvel denominado ""Fazenda Santa Bárbara"" (oferecido pela Terceira Garantidora MLJ Participações e Empreendimentos Ltda.)";https://www.gov.br/pgfn/pt-br/assuntos/divida-ativa-da-uniao/transparencia-fiscal-1/painel-dos-parcelamentos/termos-de-transacao/1a-regiao/TERMODETRANSAOINDIVIDUALEMECENGENHARIA.pdf;False
e2e02b633939;UTC PARTICIPAÇÕES S/A, UTC ENGENHARIA S/A, CONSTRAN S/A - CONSTRUÇÕES E COMÉRCIO e CONSÓRCIO FERROVIA DE INTEGRAÇÃO - todas em Recuperação Judicial;Region 3;2023-04-25;;Transação Individual (FGTS) no âmbito de Recuperação Judicial;;;;True;Construção civil/engenharia e infraestrutura;Manutenção automática dos gravames decorrentes de arrolamento de bens, de medida cautelar fiscal e das garantias prestadas administrativamente ou nas ações de execução fiscal ou em qualquer outra ação judicial (item 3.2). As Requerentes informaram não possuir garantias específicas para a formalização da transação (item 3.1).;https://www.gov.br/pgfn/pt-br/assuntos/divida-ativa-da-uniao/transparencia-fiscal-1/painel-dos-parcelamentos/termos-de-transacao/3a-regiao/TermodeTransaoIndividualUTCParticipaesSAEmrecuperaoJudicial.pdf;False
e3553290d95f;PERNAMBUCO QUÍMICA S/A;Region 5;2021-11-24;1886954.85;Transação Individual;;;;;Química;;https://www.gov.br/pgfn/pt-br/assuntos/divida-ativa-da-uniao/transparencia-fiscal-1/painel-dos-parcelamentos/termos-de-transacao/5a-regiao/transacao-individual_pe-quimica_segundo-aditivo.pdf;False
e3606223996d;RTA - REDE DE TECNOLOGIA AVANÇADA LTDA - EM RECUPERACAO JUDICIAL;Region 3;2025-01-21;;Transação individual (recuperação judicial);46.0;84;;True;Tecnologia;Manutenção automática dos gravames decorrentes de arrolamento de bens, de medida cautelar fiscal e das garantias prestadas administrativamente ou nas ações de execução fiscal ou em qualquer outra ação judicial;https://www.gov.br/pgfn/pt-br/assuntos/divida-ativa-da-uniao/transparencia-fiscal-1/painel-dos-parcelamentos/termos-de-transacao/3a-regiao/TermodeTransaoIndividualRTARededeTecnologiaAvanadaLTDATarjado.pdf;False
e37e31c42697;DEDINI S.A. INDÚSTRIAS DE BASE e demais empresas do grupo Dedini (DIB, DDN, DRE, DES, CODISMON, SERVICE, CODNE, DDP, DENEL, DOADO, DAP, AD, CP, NIDAR, VILA CLÁUDIA);Region 3;2024-03-08;2884734986.14;Transação Individual;65.0;120;;True;Not identified;Bens imóveis operacionais e não operacionais (Anexo III), Bens móveis penhorados (Anexo III), Parques fabris (DIB, DRE, DES), Cláusula de desempenho - parcela balão extra conforme desempenho do faturamento, Penhora no rosto dos autos dos Processos 0000563-57.2013.4.05.8311 e 1079697-38.2021.4.01.3400;https://www.gov.br/pgfn/pt-br/assuntos/divida-ativa-da-uniao/transparencia-fiscal-1/painel-dos-parcelamentos/termos-de-transacao/3a-regiao/TermodeTransaoIndividualDediniSAIndstriasdeBaseemrecuperaojudicialtarjado.pdf;False
e3af7e3ef9b7;INDÚSTRIA ORIENTAL LTDA;Region 5;2022-05-05;;Transação Individual;;84;;;Not identified;;https://www.gov.br/pgfn/pt-br/assuntos/divida-ativa-da-uniao/transparencia-fiscal-1/painel-dos-parcelamentos/termos-de-transacao/5a-regiao/TermodeTransaoIndividualIndstriaOrientalPRFN5.pdfcorrigido.pdf;False
e3db5849b6dd;Not identified;Region 4;Not identified;;Not identified;;;;;Not identified;Manutenção das garantias eventualmente existentes;https://www.gov.br/pgfn/pt-br/assuntos/divida-ativa-da-uniao/transparencia-fiscal-1/painel-dos-parcelamentos/termos-de-transacao/4a-regiao/AnexoVTecnotokIndstriadeMquinasLTDA.pdf;False
e459ee9b1101;FTI LOGISTICA LTDA EM RECUPERACAO JUDICIAL, FTI SERVIÇOS DE TRANSPORTES LTDA e FANTINATI LOGÍSTICA E TRANSPORTES LTDA;Region 3;2025-02-11;;Transação individual (recuperação judicial);65.0;60;;True;Logística e transportes;Fiança dos sócios Sidnei Lopes Fantinatti e Roberto Lopes Fantinati, com renúncia ao benefício de ordem e responsabilidade solidária pelo total da dívida consolidada (sem descontos), Manutenção dos gravames decorrentes de arrolamento de bens, medida cautelar fiscal e garantias já prestadas administrativamente ou em execuções fiscais;https://www.gov.br/pgfn/pt-br/assuntos/divida-ativa-da-uniao/transparencia-fiscal-1/painel-dos-parcelamentos/termos-de-transacao/3a-regiao/TermodeTransaoIndividualFTILogisticaLTDATarjado.pdf;False
e4964f8a8b3f;SARAIVA EQUIPAMENTOS LTDA EM RECUPERACAO JUDICIAL;Region 5;2021-07-23;;Transação Individual (empresas em Recuperação Judicial - Portaria nº 2382/2021);70.0;120;;True;Not identified;O devedor mantém todas as garantias associadas ao débito com a finalidade de garantir a dívida contemplada na transação individual (Cláusula 14);https://www.gov.br/pgfn/pt-br/assuntos/divida-ativa-da-uniao/transparencia-fiscal-1/painel-dos-parcelamentos/termos-de-transacao/5a-regiao/termo-de-transacao-individual-saraiva-equipamentos.pdf;False
e49b5ac1e337;DRYCAR TECNOLOGIA E SERVIÇOS LTDA e outras (Grupo Econômico: DRYCAR, DRYWASH, MULTIECO, SISTEMATIZE, VIA CSC, DWX PARTICIPAÇÕES, TRIO EMPREENDIMENTOS);Region 3;2024-05-15;14305471.65;Transação Individual;45.38;48;;;Tecnologia/Serviços;;https://www.gov.br/pgfn/pt-br/assuntos/divida-ativa-da-uniao/transparencia-fiscal-1/painel-dos-parcelamentos/termos-de-transacao/3a-regiao/TermodeTransaoIndividualDrycarTenologiaeServiosLTDAtarjado.pdf;False
e49eb8de6619;NEW ENERGIES INVESTIMENTOS E PARTICIPAÇÕES LTDA, NEW ENERGIES SOLUÇÕES EM ENERGIA LTDA e SERRA TALHADA I ENERGIA SPE LTDA;Region 3;2023-12-14;;Transação Individual;57.95;;;True;Energia;Depósito, carta de fiança, seguro garantia ou outra garantia suficiente e idônea (para débitos supervenientes não listados no Anexo I, no prazo de 90 dias);https://www.gov.br/pgfn/pt-br/assuntos/divida-ativa-da-uniao/transparencia-fiscal-1/painel-dos-parcelamentos/termos-de-transacao/3a-regiao/TermodeTransaoIndividualNewEnergiesInvestimentoseParticipaesLTDAtarjado.pdf;False
e4bb02d1490b;BGC FRIGORIFICOS LTDA EM RECUPERACAO JUDICIAL;Region 3;Not identified;4509152.84;Not identified;38.84;60;;True;Agroindústria (frigorífico);Mantém eventuais garantias existentes;https://www.gov.br/pgfn/pt-br/assuntos/divida-ativa-da-uniao/transparencia-fiscal-1/painel-dos-parcelamentos/termos-de-transacao/3a-regiao/SumrioBGCFrigorficosLTDA.pdf;False
e4cfa78196ee;APETIT SERVIÇOS DE ALIMENTAÇÃO LTDA e outras (grupo econômico representado por MARCIA REGINA VIEIRA MOCELIN MANFRIN) - APETIT SERVIÇOS DE ALIMENTAÇÃO LTDA, APETIT SERVIÇOS DE MÃO DE OBRA LTDA, APETIT SUL RESTAURANTES CORPORATIVOS LTDA, CHEIRO VERDE SOLUÇÕES EM ALIMENTAÇÃO LTDA - EPP, DELA FOODS SERVIÇOS ADMINISTRATIVOS LTDA, MOCELIN & MANFRIN LTDA;Region 4;2022-12-06;39426700.95;Transação Individual (PERSE - Lei 14.148/21 e Portaria PGFN 6757/2022);;;;;Alimentação/Restaurantes corporativos;;https://www.gov.br/pgfn/pt-br/assuntos/divida-ativa-da-uniao/transparencia-fiscal-1/painel-dos-parcelamentos/termos-de-transacao/4a-regiao/TermodeTransaoIndividualApetitServiosdeAlimentaoLTDATarjado.pdf;False
e52aad52e664;A ESPORTIVA COMERCIAL LTDA (e demais empresas do grupo: BRASPORTS COMÉRCIO DE ARTIGOS ESPORTIVOS LTDA EPP, POLISPORTS COMÉRCIO DE ARTIGOS ESPORTIVOS LTDA EPP, SPORTSMAX COMÉRCIO DE ARTIGOS ESPORTIVOS LTDA, TAUBATÉ COMÉRCIO DE ARTIGOS ESPORTIVOS LTDA) - todas em Recuperação Judicial;Region 3;2024-11-27;;Transação Individual (modalidades DEMAIS e PREV);;84;;True;Comércio de artigos esportivos;Fiança pessoal do sócio Silvio Alves Duarte, Manutenção de gravames decorrentes de arrolamento de bens, medida cautelar fiscal e garantias prestadas administrativamente ou em execuções fiscais, Direcionamento de valores do precatório nº 0324884-72.2023.8.26.0500 para adimplemento dos saldos devedores;https://www.gov.br/pgfn/pt-br/assuntos/divida-ativa-da-uniao/transparencia-fiscal-1/painel-dos-parcelamentos/termos-de-transacao/3a-regiao/TermodeTransaoIndividualAEsportivaComercialLTDATarjado.pdf;False
e536c35c80ae;AGROPECUARIA VITAMAIS LTDA EM RECUPERACAO JUDICIAL e ECOFERTIL AGROPECUARIA LTDA EM RECUPERACAO JUDICIAL;Region 5;2025-05-30;;Transação Individual - Empresa(s) em processo de recuperação judicial;;1;;True;Agronegócio;;https://www.gov.br/pgfn/pt-br/assuntos/divida-ativa-da-uniao/transparencia-fiscal-1/painel-dos-parcelamentos/termos-de-transacao/5a-regiao/TermodeTransaoIndividualAgropecuriaVitamaisLTDATarjado.pdf;False
e5423149546d;HM HOTÉIS E TURISMO S.A. e outras (grupo HMKY/Hidroservice/HSBX/Manaus Hotéis e Turismos) - em Recuperação Judicial;Region 3;2021-09-21;110743216.0;Transação Individual (regularização de débitos no âmbito de recuperação judicial);;120;;True;Hotelaria/Turismo;Depósitos judiciais (R$ 574.662,19), Imóveis listados no Anexo 2 (itens a, b, c, d - valores tarjados), Fração do imóvel Hotel Maksoud Plaza (R$ 52.832.693,81), penhorada no rosto dos autos da Ação Trabalhista nº 0054600-82.1990.5.02.0052;https://www.gov.br/pgfn/pt-br/assuntos/divida-ativa-da-uniao/transparencia-fiscal-1/painel-dos-parcelamentos/termos-de-transacao/3a-regiao/termo-de-transacao-individual-hm-hoteis-e-turismo.pdf;False
e56979e2f988;Alta Papeis e Tubos de Papelão EIRELLI (e terceiros anuentes: Incape - Indústria Catarinense de Papéis Especiais Ltda., MTK Empreendimentos Imobiliários EIRELI);Region 4;2022-12-08;2534158.46;"Transação Individual - Pagamento à Vista com Desconto (transação excepcional - débitos previdenciários; e demais débitos - Lei 12.996/2014)";;1;;;Indústria de papel e celulose / imobiliário;;https://www.gov.br/pgfn/pt-br/assuntos/divida-ativa-da-uniao/transparencia-fiscal-1/painel-dos-parcelamentos/termos-de-transacao/4a-regiao/TermodeTransacaoIndividualAltaPapeiseTubosdePapelaoEIRELLI.pdf;False
e5c44ab1c306;TECNOTOK INDÚSTRIA DE MÁQUINAS LTDA.;Region 4;Not identified;;Transação Individual;;108;;;Indústria de máquinas;Manutenção automática dos gravames decorrentes de arrolamento de bens, medida cautelar fiscal, penhoras ou garantias prestadas administrativamente;https://www.gov.br/pgfn/pt-br/assuntos/divida-ativa-da-uniao/transparencia-fiscal-1/painel-dos-parcelamentos/termos-de-transacao/4a-regiao/TermodeTransaoIndividualTecnotokIndstriadeMquinasLTDA.pdf;False
e5d5523600ef;SOPROVAL EMBALAGENS PLASTICAS LTDA – EM RECUPERAÇÃO JUDICIAL;Region 3;2025-06-05;;Transação individual (empresa em recuperação judicial);;120;;True;Embalagens plásticas / Indústria;;https://www.gov.br/pgfn/pt-br/assuntos/divida-ativa-da-uniao/transparencia-fiscal-1/painel-dos-parcelamentos/termos-de-transacao/3a-regiao/TermodeTransaoIndividualSoprovalEmbalagensPlsticas.pdf;False
e5d7d28d40b6;ESTRUTURAS METALICAS BRASIL LTDA e MONTAGEM ESTRUTURAL BRASIL LTDA;Region 3;2024-05-29;;Transação Tributária Individual (DEMAIS, PREV e Contribuição Social LC 110/2001);65.0;120;;False;Metalurgia/Construção metálica (estruturas metálicas);Hipoteca de imóvel de matrícula nº 27.166, do 2º Cartório de Registro de Imóveis de Marília/SP, avaliado em R$ 11.650.000,00, 17 veículos automotores listados no Anexo IV, avaliados conjuntamente em R$ 2.559.556,00, Carta de Fiança no valor de R$ 1.000.000,00 (emitida pela Dank, CNPJ 48.430.050/0001-35);https://www.gov.br/pgfn/pt-br/assuntos/divida-ativa-da-uniao/transparencia-fiscal-1/painel-dos-parcelamentos/termos-de-transacao/3a-regiao/TermodeTransaoIndividualEstruturasMetalicasBrasilLTDAAssinado.pdf;False
e5ec5983c6d5;COBEL CONSTRUTORA DE OBRAS DE ENGENHARIA LTDA;Region 3;2023-11-14;71518764.92;Transação individual;65.0;36;;;Construção civil/engenharia;Não serão prestadas garantias adicionais para a formalização do presente termo de transação individual, mantidas as já existentes até a assinatura deste acordo.;https://www.gov.br/pgfn/pt-br/assuntos/divida-ativa-da-uniao/transparencia-fiscal-1/painel-dos-parcelamentos/termos-de-transacao/3a-regiao/TermodeTransaoIndividualCobelConstrutoradeObrasdeEngenhariaLTDAInformaesSigilosasSuprimidas.pdf;False
e650634af44a;METRO VEÍCULOS LTDA (grupo econômico: METRO VEÍCULOS LTDA, SAP PARTICIPAÇÕES LTDA, BLAVEL VEÍCULOS LTDA);Region 4;2024-10-28;;Transação Individual;;;5.0;True;Comércio de veículos;Gravames decorrentes de arrolamento de bens, medida cautelar fiscal, penhora ou garantias prestadas administrativamente ou em execução fiscal ou outra ação judicial (mantidos);https://www.gov.br/pgfn/pt-br/assuntos/divida-ativa-da-uniao/transparencia-fiscal-1/painel-dos-parcelamentos/termos-de-transacao/4a-regiao/TermodeTransaoIndividualMetroVeculosLTDATarajado.pdf;False
e69d1e15bc09;CLUB DE REGATAS VASCO DA GAMA;Region 2;2021-09-28;37070415.7;Transação Individual;32.22;105;;;futebol/entretenimento;Imóveis objeto do processo de arrolamento de bens, junto a RFB, Contratos de cessão de direitos de captação, fixação, edição, exibição e transmissão do Campeonato Brasileiro de Clubes - Temporadas 2021, 2022, 2023 e 2024, Contratos de cessão de direitos de captação, fixação, edição, exibição e transmissão do Campeonato Carioca - Temporadas 2021 e 2022, Contrato de patrocínio com ASSOCIAÇÃO FORTE ALIANÇA, vigente até 31.12.2022, Contrato de patrocínio com BANCO BMG S.A., vigente até 31.12.2023, Contrato de patrocínio com HAVAN S.A, vigente até 31.12.2021, Contrato de patrocínio com SPR INDÚSTRIA DE CONFECÇÃO LTDA, vigente até 31.12.2024;https://www.gov.br/pgfn/pt-br/assuntos/divida-ativa-da-uniao/transparencia-fiscal-1/painel-dos-parcelamentos/termos-de-transacao/2a-regiao/TermodeTransacaoIndividualVascoFGTS.pdf;False
e720bc042924;Grupo USINA CRUANGI (USINA CRUANGI S/A, NOVA MARAVILHAS EMPREENDIMENTOS IMOBILIARIOS S/A, SAMASA - SANTA MARIA AGROPECUÁRIA LTDA, NEGOCIAL DE ADMINISTRAÇÃO LTDA, GOIANA PARTICIPAÇÕES LTDA, PALMA SANTA ADMINISTRAÇÃO S/A, CRUANGI NEEM DO BRASIL LTDA);Region 5;2024-08-27;648295414.6;Transação Individual - Plano de Regularização Fiscal (Portaria PGFN nº 6.757/2022, considerando Portaria PGFN nº 2.382/2020 para devedores em recuperação judicial);65.0;120;;True;Agronegócio (usina/engenhos, açúcar e álcool);Engenho Dois Rios Pedras de Fogo - área de 1.936,56ha, Pedras de Fogo/PB, Engenho Paraguassu Leste - área de 308,1250ha, Itambé/PE, Engenho Paraguassu Oeste - área de 256,7188ha, Aliança/PE, Engenho Volta - indisponibilidade na MCF nº 001180-03.2011.4.05.8306, Engenho Recanto - indicado à penhora na EF 0000887-51.2006.8.17.1480, Engenho Cana Brava - indisponibilidade na MCF nº 001180-03.2011.4.05.8306, Engenho Coites - indisponibilidade na MCF nº 001180-03.2011.4.05.8306 e pedido na EF 0001531-81.2012.8.17.1480, Engenho Canabravinha - indisponibilidade na MCF nº 001180-03.2011.4.05.8306 e na EF 0000068-61.1999.8.17.1480, Engenho Água Azul - indicado na EF 0000412-04.2016.4.05.8306, Engenho Palmeira - indicado na EF 0000412-04.2016.4.05.8306, Serra Nova - indicado na EF 0000412-04.2016.4.05.8306, Quanduz - indicado na EF 0000691-33.2013.5.06.0271, Jussarinha - indicado na EF 0000691-33.2013.5.06.0271, Retiro - livre de ônus, Boa Vista - livre de ônus, Titara - livre de ônus, Horácio - indicado na EF 0000691-33.2013.5.06.0271, Nova Ideia - indicado na EF 0000691-33.2013.5.06.0271, Gitó - indicado na EF 0000691-33.2013.5.06.0271, Espinho Preto - indicado na EF 0000691-33.2013.5.06.0271, Oncinha - indicado na EF 0000691-33.2013.5.06.0271, Engenho Retirada (FGTS) - Caaporã/PB - avaliação R$ 62.220.900,00, Engenho Volta (CDA 40 1 01 000001-00) - Timbaúba/PE - avaliação R$ 9.695.215,37;https://www.gov.br/pgfn/pt-br/assuntos/divida-ativa-da-uniao/transparencia-fiscal-1/painel-dos-parcelamentos/termos-de-transacao/5a-regiao/TermodeTransaoIndividualUsinaCruangiSATarjadocompactado.pdf;False
e7e43a732840;"AGROPECUARIA AGRITER LTDA - EPP (01.011.501/0001-36); AGRITER AGRONEGÓCIOS LTDA (22.678.553/0001-30); LUIZ ALBERTO BONI";Region 1;Not identified;111131048.41;Transação individual;70.0;120;;False;Agronegócio;Manutenção de eventuais garantias eventualmente existentes nos processos em curso, Imóveis;https://www.gov.br/pgfn/pt-br/assuntos/divida-ativa-da-uniao/transparencia-fiscal-1/painel-dos-parcelamentos/termos-de-transacao/1a-regiao/SumrioAgropecuariaAgriterLTDAEppAgriterAgronegciosLTDALuizAlbertoBoni.pdf;False
e80a3037cb1b;JP RODRIGUES PARTICIPACOES LTDA;Region 3;2023-05-19;24903986.2;Transação Individual;65.0;36;;;Not identified;;https://www.gov.br/pgfn/pt-br/assuntos/divida-ativa-da-uniao/transparencia-fiscal-1/painel-dos-parcelamentos/termos-de-transacao/3a-regiao/TermodeTransaoIndividualJPRodriguesParticipaesLTDA.pdf;False
e82abb448d1d;FORTAL EMPREENDIMENTOS EIRELI e ELLO SERVIÇOS DE MÃO DE OBRA LTDA. (grupo econômico), com corresponsabilidade de MARÍLIA LOPES CRUZ ROLIM;Region 5;2022-08-25;387072610.34;Transação Individual;65.0;108;;;Not identified;Listagem de contratos celebrados com órgãos da administração pública estadual e municipal do Ceará (tomadores de serviço), oferecidos à penhora nas Execuções Fiscais, conforme ANEXO II;https://www.gov.br/pgfn/pt-br/assuntos/divida-ativa-da-uniao/transparencia-fiscal-1/painel-dos-parcelamentos/termos-de-transacao/5a-regiao/TermodeTransaoIndividualFortalEmpreendimentosEIRELI2022PRFN5InformaesSigilosasSuprimidas.pdf;False
e8a937591f72;TEBASA S/A (corresponsável pelos débitos de KM BRASIL LTDA. e INDUSTRIAL CIRNE LTDA., além de COTTON INDUSTRIA E COMERCIO TEXTIL LTDA.);Region 5;2023-05-09;;Transação Individual (Aditivo);70.0;;;;Not identified;Imóvel - Matrícula (número tarjado), Cartório de Registro de Imóveis, Comarca de Fortaleza/CE, com área (tarjada), Imóvel - Matrícula (número tarjado), Cartório de Registro de Imóveis, Comarca de Fortaleza/CE, com área (tarjada);https://www.gov.br/pgfn/pt-br/assuntos/divida-ativa-da-uniao/transparencia-fiscal-1/painel-dos-parcelamentos/termos-de-transacao/5a-regiao/AditivoTermodeTransaoIndividualTebasaSAInformaesSigilosasSuprimidas.pdf;False
e950ad1fec1b;SOPROVAL EMBALAGENS PLASTICAS LTDA — EM RECUPERAÇÃO JUDICIAL (56.173.370/0001-85);Region 3;Not identified;18196003.07;Transação individual;50.16;120;;True;Embalagens plásticas;;https://www.gov.br/pgfn/pt-br/assuntos/divida-ativa-da-uniao/transparencia-fiscal-1/painel-dos-parcelamentos/termos-de-transacao/3a-regiao/SumrioSoprovalEmbalagensPlsticas.pdf;False
e95198c58cae;LOJAS REUNIDAS DE CALÇADOS LTDA;Region 3;2025-01-28;;Transação Individual;65.0;48;;;Comércio (calçados/varejo);;https://www.gov.br/pgfn/pt-br/assuntos/divida-ativa-da-uniao/transparencia-fiscal-1/painel-dos-parcelamentos/termos-de-transacao/3a-regiao/TermodeTransaoIndividualLojasReunidasdeCaladosLTDATarjado.pdf;False
ea081ad0aef6;FERNANDO LUCIO GIACOBO;Region 1;2023-08-04;11933085.05;Transação Individual;70.0;135;;;Not identified;;https://www.gov.br/pgfn/pt-br/assuntos/divida-ativa-da-uniao/transparencia-fiscal-1/painel-dos-parcelamentos/termos-de-transacao/1a-regiao/termo-de-transacao-individual-fernando-lucio-giacobo.pdf;False
ea312ebfd6fd;MONTE HOTÉIS SA EM RECUPERAÇÃO JUDICIAL;Region 5;2024-06-28;;Transação Individual;;13;;True;Hotelaria/turismo;Bens já penhorados ou porventura descritos como garantia (imóveis: apartamentos 801 e 802 da Torre A, matrículas 128.625 e 128.626), Hipoteca do próprio bem em caso de parcelamento de compra por terceiros (cláusula 9ª, IV);https://www.gov.br/pgfn/pt-br/assuntos/divida-ativa-da-uniao/transparencia-fiscal-1/painel-dos-parcelamentos/termos-de-transacao/5a-regiao/TermodeTransaoIndividualMonteHotisSAemrecuperaojudicialtarjado.pdf;False
ea66ec6df9ea;"DFC ADMINISTRADORA DE IMÓVEIS LTDA; BONANZA SUPERMERCADOS LTDA; ALIANÇA DISTRIBUIDORA DE GÊNEROS ALIMENTÍCIOS LTDA (grupo econômico Djalma Farias Cintra)";Region 5;2021-08-18;;Transação Individual (2º Termo Aditivo);50.0;138;;;Comércio/Varejo (supermercados e distribuição de gêneros alimentícios);;https://www.gov.br/pgfn/pt-br/assuntos/divida-ativa-da-uniao/transparencia-fiscal-1/painel-dos-parcelamentos/termos-de-transacao/5a-regiao/2TermoAditivoBONANZA.pdf;False
eab3f954f247;VIP INDUSTRIA E COMERCIO DE CAIXAS E PAPELAO ONDULADO LTDA;Region 3;2023-04-28;138170672.7;Transação Individual;65.0;119;;;Embalagens (caixas e papelão ondulado);Imóvel em Vinhedo, Matrícula nº 22532, do Oficial de Registro de Imóveis de Vinhedo, já avaliado e penhorado nos autos da Execução Fiscal nº 5018036-97.2019.4.03.6182, Bens móveis (máquinas, equipamentos, mobiliário e utensílios) da Unidade de Vinhedo/SP, conforme laudo técnico;https://www.gov.br/pgfn/pt-br/assuntos/divida-ativa-da-uniao/transparencia-fiscal-1/painel-dos-parcelamentos/termos-de-transacao/3a-regiao/TermodeTransaoIndividualVIPIndustriaeComerciodeCaixasePapelaoOnduladoLTDA.pdf;False
eabc38b29088;CONCRESERV CONCRETO S.A. - EM RECUPERAÇÃO JUDICIAL;Region 3;2024-10-15;;Transação individual (aditivo - repactuação de prazo);;84;;True;Construção civil;;https://www.gov.br/pgfn/pt-br/assuntos/divida-ativa-da-uniao/transparencia-fiscal-1/painel-dos-parcelamentos/termos-de-transacao/3a-regiao/TermodeTransaoIndividualConcreservConcretoSATarjado2.pdf;False
eb3e98c99e6c;"ESTRE AMBIENTAL S/A, EM RECUPERACAO JUDICIAL e outros (grupo econômico: AMBIENTAL SUL BRASIL - CENTRAL REGIONAL DE TRATAMENTO DE RESIDUOS LTDA; ESTRE SPI AMBIENTAL S.A.; GEO VISION SOLUCOES AMBIENTAIS E ENERGIA S/A; NOVA ESTRE LTDA; VIVA AMBIENTAL E SERVICOS S/A)";Region 3;2024-05-20;;Transação Individual (recuperação judicial);;84;;True;Saneamento/Gestão de resíduos (ambiental);;https://www.gov.br/pgfn/pt-br/assuntos/divida-ativa-da-uniao/transparencia-fiscal-1/painel-dos-parcelamentos/termos-de-transacao/3a-regiao/TermodeTransaoIndividualEstreAmbientalSAemrecuperaojudicialtarjado.pdf;False
eb4052205df8;SARANTOPOULOS HOTÉIS E IMÓVEIS LTDA, BLACK STREAM HOTEL S/A e BUFFET BLACK TIE LTDA;Region 3;2022-03-23;18120229.46;Transação Individual;70.0;145;;;Hotelaria/imobiliário (conversão para residencial) e buffet/eventos;Imóvel da Rua General Osório, nº 850, Centro, Ribeirão Preto/SP, matrícula nº 4.644 do 2º Registro de Imóveis, ou as unidades de apartamento e áreas comuns a serem individualizadas;https://www.gov.br/pgfn/pt-br/assuntos/divida-ativa-da-uniao/transparencia-fiscal-1/painel-dos-parcelamentos/termos-de-transacao/3a-regiao/TermodeTransaoIndividualSarantopoulosHoteiseImveisLTDABlackStreamHotelSABuffetBlackTieLTDA.pdf;False
eb4f2b8f05e5;WHB AUTOMOTIVE S.A. em recuperação judicial;Region 4;2023-06-15;;Transação Individual;;120;;True;Automotivo;Bens móveis (máquinas e equipamentos) avaliados em R$ 92.356.188,52, Fiança pessoal de Magaly Hubner Busato pela totalidade da dívida;https://www.gov.br/pgfn/pt-br/assuntos/divida-ativa-da-uniao/transparencia-fiscal-1/painel-dos-parcelamentos/termos-de-transacao/4a-regiao/TermodeTransaoIndividualWHBAutomotiveSATarjado.pdf;False
eb7521198df5;CONSTRUTORA ROMA LTDA.;Region 2;2024-01-29;54808656.27;Transação individual;65.0;160;;False;Construção civil;Bens integrantes do ativo (máquinas e equipamentos) descritos e avaliados no ANEXO VI, Veículos (17 unidades: Fiat/Strada, Fiat/Palio, Caminhões, Reboques, Caminhão Tanque, Caminhão Basculante, Volks/Gol) descritos e avaliados no ANEXO VI, 5% da receita bruta mensal da DEVEDORA (penhora de faturamento, a ser depositada judicialmente a partir da decisão que reconhecer a rescisão do acordo);https://www.gov.br/pgfn/pt-br/assuntos/divida-ativa-da-uniao/transparencia-fiscal-1/painel-dos-parcelamentos/termos-de-transacao/2a-regiao/TermodeTransaoIndividualConstrutoraRomaLTDATarjado.pdf;False
eb919f3a0b04;IMPRESSOS SÃO SEBASTIÃO EDITORA E GRAFICA EIRELI - EPP;Region 3;2025-05-08;;Transação Individual;62.87;65;;;Editora e gráfica;Fiança (sócio Rosaura Augusta da Silva), Manutenção automática de gravames decorrentes de arrolamento de bens, medida cautelar fiscal, penhoras ou garantias prestadas administrativamente;https://www.gov.br/pgfn/pt-br/assuntos/divida-ativa-da-uniao/transparencia-fiscal-1/painel-dos-parcelamentos/termos-de-transacao/3a-regiao/TermodeTransaoIndividualeAnexosImpressosSoSebastioEditoraeGrficaEireliEPP.pdf;False
eba6c58e393d;MAREL INDÚSTRIA DE MÓVEIS S/A;Region 4;2023-05-29;29637774.56;Transação Individual (Plano de Pagamento Parcelado);;120;;;Indústria de móveis;Imóvel objeto da matrícula do Registro de Imóveis de Francisco Beltrão, oferecido pela devedora com anuência da interveniente/garante BSV Administradora de Bens S/A;https://www.gov.br/pgfn/pt-br/assuntos/divida-ativa-da-uniao/transparencia-fiscal-1/painel-dos-parcelamentos/termos-de-transacao/4a-regiao/TermodeTransacaoIndividualMarelIndustriadeMoveisSA.pdf;False
ec48ad76e4e7;Fundação Novo Milênio (e grupo econômico: Associação de Ensino Superior de Campo Grande LTDA, Domus Assessoria e Consultoria de Projetos LTDA, Universo de Ensino Novo Milênio LTDA, Centro Capixaba de Ensino Superior, União de Ensino do Espírito Santo LTDA, e pessoas físicas Sebastião Estevam Receputi, Jeferson Santos Valadares, Priscilla Coelho Siqueira de Araújo);Region 2;2025-03-18;30884657.04;Transação Individual;70.0;73;;;Educação;Imóvel constituído de terreno com construção de dois prédios comerciais situado na Avenida Santa Leopoldina, n. 840 – Faculdade Novo Milênio, Praia de Itaparica – Vila Velha-ES, com área total de 10.650,98m², objeto de matrícula, avaliado em 12/06/2018;https://www.gov.br/pgfn/pt-br/assuntos/divida-ativa-da-uniao/transparencia-fiscal-1/painel-dos-parcelamentos/termos-de-transacao/2a-regiao/TermodeTransaoIndividualFundaoNovoMilnioTarjado.pdf;False
ec6d67bd9551;PASSAREDO TRANSPORTES AÉREOS S.A. e MAP TRANSPORTES AÉREOS LTDA.;Region 3;2023-11-14;;Transação Individual;;120;;;Transporte aéreo/aviação;"Manutenção automática de gravames decorrentes de arrolamento de bens, medida cautelar fiscal e garantias já prestadas administrativamente ou em execuções fiscais/ações judiciais, Marca ""Passaredo Linhas Aéreas"" (valor tarjado), Recebíveis do Contrato nº 5900.0111285.19.2 firmado entre Petrobras e MAP (hipoteca de segundo grau, valor tarjado)";https://www.gov.br/pgfn/pt-br/assuntos/divida-ativa-da-uniao/transparencia-fiscal-1/painel-dos-parcelamentos/termos-de-transacao/3a-regiao/TermodeTransaoIndividualPassaredoTransportesAreosS.A.pdf;False
ec785c5afe65;ISOTERM INDÚSTRIA E COMÉRCIO DE EMBALAGENS LTDA;Region 3;2024-09-23;208028169.5;Transação Individual (modalidades DEMAIS e PREV);57.09;60;;;Indústria e comércio de embalagens;Fiança dos sócios (fiança fidejussória), Manutenção de gravames decorrentes de arrolamento de bens, medida cautelar fiscal e garantias já prestadas;https://www.gov.br/pgfn/pt-br/assuntos/divida-ativa-da-uniao/transparencia-fiscal-1/painel-dos-parcelamentos/termos-de-transacao/3a-regiao/TermodeTransaoIndividualIsotermIndstriaeComrciodeEmbalagensLTDATarajado.pdf;False
ed3a1162c0be;TV ÔMEGA LTDA e outras (grupo REDETV!) - TV ÔMEGA LTDA, PROMO TV COMERCIAL LTDA, REDETV INTERACTIVE LTDA, TELETV SERVIÇOS INTERATIVOS LTDA, TV MIDIA PUBLICIDADE COMERCIAL LTDA, MIDIA TV COMERCIAL LTDA, IT INTERATIVIDADE TELEFONICA LTDA, TVI COMUNICAÇÃO INTERATIVA LTDA, TECNET TELEINFORMÁTICA LTDA, TECNET COMÉRCIO E SERVIÇOS LTDA, TECPLAN TELEINFORMÁTICA LTDA, SANDETUR VIAGENS E TURISMO LTDA;Region 3;2024-03-26;;Transação Individual;;108;;;Mídia/Televisão (radiodifusão e publicidade);"Espaços publicitários em mídia televisiva (cotas de patrocínio, ações de merchandising e comerciais avulsos de 30"", 60"" e 90"") na grade de programação da REDETV! nas praças de São Paulo, Rio de Janeiro, Belo Horizonte, Recife e Fortaleza, no valor correspondente à totalidade do débito transacionado, Manutenção automática dos gravames decorrentes de arrolamento de bens, medida cautelar fiscal e garantias prestadas administrativamente ou em ações de execução fiscal ou outra ação judicial";https://www.gov.br/pgfn/pt-br/assuntos/divida-ativa-da-uniao/transparencia-fiscal-1/painel-dos-parcelamentos/termos-de-transacao/3a-regiao/19839.103602_2022153TVMEGALTDA3.pdf;False
ed547ca05a1e;NÍVEL A COMERCIAL DE VEÍCULOS LTDA;Region 4;2023-03-13;;Transação Individual;65.0;;;;Comércio de veículos;;https://www.gov.br/pgfn/pt-br/assuntos/divida-ativa-da-uniao/transparencia-fiscal-1/painel-dos-parcelamentos/termos-de-transacao/4a-regiao/TermodeTransacaoIndividualNivelAComercialdeVeiculosLTDA.pdf;False
ed74142eba6c;GRUPO LORD (LORD INDUSTRIA E COMÉRCIO DE EMBALAGENS PLÁSTICAS LTDA - EPP e outras);Region 3;2022-11-25;472660152.91;Transação Individual;70.0;145;;;Indústria de embalagens plásticas;Bens imóveis - Anexo IV (total R$ 54.478.528,27), Bens móveis (veículos) - Anexo IV (total R$ 3.659.785,00);https://www.gov.br/pgfn/pt-br/assuntos/divida-ativa-da-uniao/transparencia-fiscal-1/painel-dos-parcelamentos/termos-de-transacao/3a-regiao/TermodeTransaoIndividualLordTarjado.pdf;False
ed8f6f6d3747;FRIBURGO AUTO ÔNIBUS LTDA. - FAOL;Region 2;2023-11-07;14763456.24;Transação Individual;65.0;120;;;Transporte (rodoviário/ônibus);Imóvel constituído pelo prédio Friburgo Auto Ônibus, localizado na Avenida Governador Roberto Silveira, 3612, Duas Pedras, CEP 28.635-000, Nova Friburgo/RJ, objeto da Matrícula n. 8.151, do Cartório de Registro de Imóveis de Nova Friburgo;https://www.gov.br/pgfn/pt-br/assuntos/divida-ativa-da-uniao/transparencia-fiscal-1/painel-dos-parcelamentos/termos-de-transacao/2a-regiao/TermodeTransaoIndividualFriburgoAutonibusLTDAtarjado.pdf;False
edef083b040e;CONSTRUTORA COESA S/A, COESA CONSTRUÇÃO E MONTAGENS S/A, COESA LOGÍSTICA E COMÉRCIO EXTERIOR S/A, COESA ENGENHARIA LTDA. (Grupo COESA) - EM RECUPERAÇÃO JUDICIAL;Region 3;2023-10-25;;Transação individual (Primeiro Termo Aditivo);;87;;True;Engenharia e construção civil;Arbitragens oferecidas em garantia à transação (cláusula 3.1.a);https://www.gov.br/pgfn/pt-br/assuntos/divida-ativa-da-uniao/transparencia-fiscal-1/painel-dos-parcelamentos/termos-de-transacao/3a-regiao/PrimeiroTermoAditivoConstrutoraCoesaSA.pdf;False
ee2600c55509;EXIMPORT INDUSTRIA E COMERCIO LTDA;Region 3;2025-05-06;;Transação individual - Termo Aditivo (repactuação);;84;;;Not identified;Fiança (Haroldo Cortopassi, sócio-fiador);https://www.gov.br/pgfn/pt-br/assuntos/divida-ativa-da-uniao/transparencia-fiscal-1/painel-dos-parcelamentos/termos-de-transacao/3a-regiao/TermodeTransaoIndividualEximportIndstriaeComrcioLTDA.pdf;False
ee502077a8b1;AUTO VIAÇÃO NOSSA SENHORA DO CARMO LTDA, AUTO VIAÇÃO SÃO JOSÉ DOS PINHAIS LTDA e ROYAL ADMINISTRAÇÃO E PARTICIPAÇÕES LTDA;Region 4;2024-06-04;;Transação Individual;;;5.0;;Transporte (viação/transporte rodoviário);Imóveis descritos no Anexo IV (dados/descrições tarjados), Fiança pessoal dos intervenientes fiadores (HBF Participações e Holding Ltda, Neyd Torres Brunatto, João Carlos Torres Brunatto, Maria Helena Fransceschi Pineroli e Dante Luiz Franceschi), Manutenção de gravames decorrentes de arrolamento de bens, medida cautelar fiscal, penhora ou garantias já prestadas;https://www.gov.br/pgfn/pt-br/assuntos/divida-ativa-da-uniao/transparencia-fiscal-1/painel-dos-parcelamentos/termos-de-transacao/4a-regiao/TermodeTransaoIndividualRoyalAdministraoeParticipaesLTDATarjado.pdf;False
ee5cc7701ebc;"ELLO SERVIÇOS DE MÃO DE OBRA LTDA (e corresponsáveis: FORTAL TERCEIRIZAÇÃO DE MÃO DE OBRA LTDA, REAL SERVIÇOS DE LOCAÇÃO DE MÃO DE OBRA LTDA, MISSÃO SERVIÇOS TÉCNICOS LTDA; interveniente: FORTAL EMPREENDIMENTOS EIRELI)";Region 5;Not identified;817880499.49;Transação Individual;52.57;120;;False;Serviços de mão de obra/terceirização;Mantém eventuais garantias existentes, Imóveis, Depósitos;https://www.gov.br/pgfn/pt-br/assuntos/divida-ativa-da-uniao/transparencia-fiscal-1/painel-dos-parcelamentos/termos-de-transacao/5a-regiao/SumrioElloServiosdeModeObraLTDAFortalTerceirizaodeModeObraLTDARealServiosdeLocaodeModeObraLTDAMissoServiosTcnicosLTDA.pdf;False
ee78e8960d39;ITAJARA COMERCIO DE CARNES LTDA - EM RECUPERAÇÃO JUDICIAL;Region 3;2025-02-21;88061471.84;Transação individual;64.16;120;;True;Agronegócio/Comércio de carnes;;https://www.gov.br/pgfn/pt-br/assuntos/divida-ativa-da-uniao/transparencia-fiscal-1/painel-dos-parcelamentos/termos-de-transacao/3a-regiao/TermodeTransaoIndividualItajaraComrciodeCarnesLTDATarjado2.pdf;False
ee9d68d02b26;PROIMPORT BRASIL LTDA em recuperação judicial e ARTILUX BRASIL DISTRIBUIDORA LTDA em recuperação judicial;Region 4;2023-02-17;93706684.83;Transação Individual (plano de pagamento parcelado);;120;;True;Comércio/Distribuição (importação e distribuição);Marca SOUL CYCLE (propriedade da PROIMPORT BRASIL LTDA), avaliada em R$ 10.723.000,00, a ser constituída por penhora na execução fiscal nº 5001530-16.2017.4.04.7208/SC, Crédito líquido e certo decorrente do cumprimento de sentença contra a fazenda pública nº 5010730-18.2015.4.04.7208/SC (exequente PROIMPORT BRASIL LTDA), a ser usado para amortização de parcelas, Fiança pessoal de André Ricardo Souto Maior pela totalidade da dívida;https://www.gov.br/pgfn/pt-br/assuntos/divida-ativa-da-uniao/transparencia-fiscal-1/painel-dos-parcelamentos/termos-de-transacao/4a-regiao/TermodeTransacaoIndividualProimportBrasilLTDA.pdf;False
eec67a25d205;MAGNA INDÚSTRIA DE MOLDES E MATRIZES LTDA. - EM RECUPERAÇÃO JUDICIAL e MAGNA COMPÓSITOS LTDA. (atual denominação social de MAGNA INDÚSTRIA DE PLÁSTICOS LTDA. - EM RECUPERAÇÃO JUDICIAL);Region 4;2023-09-27;;Transação Individual;;;;True;Indústria de moldes, matrizes e compósitos/plásticos;Bem imóvel de propriedade dos DEVEDORES, avaliado em R$ 14.553.265,74 para fins de transação, conforme matrícula e laudo de avaliação juntados ao PA/SEI n. 10145.101640/2021-88;https://www.gov.br/pgfn/pt-br/assuntos/divida-ativa-da-uniao/transparencia-fiscal-1/painel-dos-parcelamentos/termos-de-transacao/4a-regiao/TermodeTransaoIndividualMagnaIndstriadeMoldeseMatrizesLTDATarjado.pdf;False
ef358fb2431f;AVOA TRANSPORTES LTDA - EM RECUPERAÇÃO JUDICIAL e AUTO DE VIAÇÃO OURINHOS ASSIS LTDA - EM RECUPERAÇÃO JUDICIAL;Region 3;2023-06-15;;Transação individual (com recuperação judicial);30.0;120;4.0;True;Transporte (rodoviário);Imóvel matrícula nº 8.034 (CRI de Cândido Mota/SP), de propriedade de AUTO DE VIAÇÃO OURINHOS ASSIS LTDA, avaliado em R$ 1.660.635,00, Imóvel matrícula nº 24.254 (CRI de Paraguaçu Paulista), de propriedade de AVOA TRANSPORTES LTDA, avaliado em R$ 2.980.028,00, Manutenção automática dos gravames decorrentes de arrolamento de bens, medida cautelar fiscal e garantias já prestadas;https://www.gov.br/pgfn/pt-br/assuntos/divida-ativa-da-uniao/transparencia-fiscal-1/painel-dos-parcelamentos/termos-de-transacao/3a-regiao/TermodeTransaoIndividualAvoaTransportesLTDAAutodeViaoOurinhosAssisLTDASumrio.pdf;False
ef3cce3c95e3;SINA INDÚSTRIA DE ALIMENTOS LTDA. e outros (grupo econômico SINA/FAS/FAMA);Region 3;Not identified;1371121742.05;Transação Individual;59.82;120;0.0;True;Indústria e comércio de alimentos;Manutenção de eventuais garantias existentes nos processos em curso, Imóveis (residenciais, comerciais e UPI), Direito creditório reconhecido em sentença (ICMS base PIS/COFINS);https://www.gov.br/pgfn/pt-br/assuntos/divida-ativa-da-uniao/transparencia-fiscal-1/painel-dos-parcelamentos/termos-de-transacao/3a-regiao/SumrioSINAINDSTRIADEALIMENTOSLTDA.pdf;False
ef4e4d85d04d;VENEZA VEICULOS LTDA;Region 5;2022-02-07;;Transação Individual;60.67;145;;;Comércio de veículos;;https://www.gov.br/pgfn/pt-br/assuntos/divida-ativa-da-uniao/transparencia-fiscal-1/painel-dos-parcelamentos/termos-de-transacao/5a-regiao/TermodeTransaoIndividualVenezaVeculosLTDA.pdf;False
efffeb5d6a92;DOLOMIL INDUSTRIAL LTDA;Region 5;2021-08-18;;Transação Individual - Plano de Regularização Fiscal;70.0;145;;;Industrial;;https://www.gov.br/pgfn/pt-br/assuntos/divida-ativa-da-uniao/transparencia-fiscal-1/painel-dos-parcelamentos/termos-de-transacao/5a-regiao/TermodeTransaoIndividualDolomil.pdf;False
f053d79f17e0;"LUNDGREN IRMAOS TECIDOS S/A CASAS PERNAMBUCANAS (CNPJ 07.209.612/0001-38); MASSA FALIDA DE LUNDGREN IRMAOS TECIDOS INDUSTRIA E COMERCIO S/A - CASAS PERNAMBUCANAS (CNPJ 19.791.318/0001-66); LUNDGREN IRMAOS TECIDOS S A CASAS PERNAMBUCANAS (CNPJ 33.000.563/0001-39)";Region 2;2023-05-03;141949889.11;Transação Individual;62.02;1;;False;Varejo/Comércio (têxtil e vestuário);Mantidas as garantias existentes na Ação Falimentar nº 0082566-77.1995.8.19.0001, até a liquidação efetiva da transação;https://www.gov.br/pgfn/pt-br/assuntos/divida-ativa-da-uniao/transparencia-fiscal-1/painel-dos-parcelamentos/termos-de-transacao/2a-regiao/TermodeTransaoIndividualMassaFalidadeLundgrenIrmosTecidosSACasasPernambucanasTarjado.pdf;False
f06935928fe0;ANIN INDÚSTRIA E COMÉRCIO DE PAPEL LTDA e outras (grupo econômico: AJ & TDA HOLDING E PARTICIPAÇÕES LTDA, A&L ADMINISTRAÇÃO E PARTICIPAÇÕES LTDA, OUROPPEL COMÉRCIO E DISTRIBUIÇÃO DE PAPEL LTDA, RIO BRANCO HOLDING E PARTICIPAÇÕES LTDA, TDA COMÉRCIO E DISTRIBUIÇÃO DE PAPEL LTDA);Region 3;2024-12-18;22367554.61;Transação individual (recuperação judicial);50.41;48;;True;Indústria de papel;Manutenção automática dos gravames decorrentes de arrolamento de bens, de medida cautelar fiscal e das garantias prestadas administrativamente ou nas ações de execução fiscal ou em qualquer outra ação judicial;https://www.gov.br/pgfn/pt-br/assuntos/divida-ativa-da-uniao/transparencia-fiscal-1/painel-dos-parcelamentos/termos-de-transacao/3a-regiao/TermodeTransaoIndividualAninIndstriaeComrciodePapelLTDATarjado.pdf;False
f0acbcf861fc;ESTRADA TRANSPORTES LTDA;Region 3;2025-02-10;99906621.53;Transação individual;70.0;36;;;Transporte;Manutenção automática dos gravames decorrentes de arrolamento de bens, de medida cautelar fiscal e das garantias prestadas administrativamente ou nas ações de execução fiscal ou em qualquer outra ação judicial;https://www.gov.br/pgfn/pt-br/assuntos/divida-ativa-da-uniao/transparencia-fiscal-1/painel-dos-parcelamentos/termos-de-transacao/3a-regiao/TermodeTransaoIndividualEstradaTransportesLTDATarjado.pdf;False
f112f7f0ef00;Not identified;Region 1;2022-10-26;81717598.28;Transação Individual - Plano de Regularização Fiscal;65.0;120;;;Not identified;Bens imóveis (avaliação R$ 19.370.000,00), Bloqueios em processos aproximadamente R$ 2.705.916,02, 95% das cotas societárias do Restaurante Famiglia D'Itália (30.746.245/0001-23), de propriedade de RICARDO e FERNANDO SEVERINO, Carteira de recebíveis das DEVEDORAS, referente ao empreendimento Bougainville Belém, R$ 212.159.490,42 até limite de R$ 37.000.000,00, Hipoteca ou penhora conforme ANEXO II;https://www.gov.br/pgfn/pt-br/assuntos/divida-ativa-da-uniao/transparencia-fiscal-1/painel-dos-parcelamentos/termos-de-transacao/1a-regiao/termo-de-transacao-individual-status-empreendimentos_.pdf;False
f156a4c6cc61;O C S MINERACAO E EMPREENDIMENTOS LTDA EM RECUPERAÇÃO JUDICIAL;Region 5;2024-09-05;19526472.11;Transação Individual (plano de recuperação fiscal - devedor em recuperação judicial);65.0;60;;True;Mineração;Imóvel de matrícula nº [tarjado] do Registro Geral de Imóveis de Eusébio/CE – Cartório Facundo – 2º Ofício, com avaliação de R$ 5.000.000,00;https://www.gov.br/pgfn/pt-br/assuntos/divida-ativa-da-uniao/transparencia-fiscal-1/painel-dos-parcelamentos/termos-de-transacao/5a-regiao/TermodeTransaoIndividualOCSMineraoeEmpreendimentosLTDATarjado.pdf;False
f15700788d68;Hospital Paranaguá S.A. (Hospital Paranaguá Ltda) - CNPJ: 76.018.720/0001-46;Region 4;2023-11-06;;Transação Individual;;;5.0;;Saúde/Hospitalar;Imóveis matriculados sob n. 59776, 289 e 2357 junto ao CRI de Paranaguá/PR;https://www.gov.br/pgfn/pt-br/assuntos/divida-ativa-da-uniao/transparencia-fiscal-1/painel-dos-parcelamentos/termos-de-transacao/4a-regiao/TermodeTransacaoIndividualHospitalParanaguaSA.pdf;False
f1582c7f46ca;CAIXA DE ASSISTÊNCIA DOS ADVOGADOS DO ESTADO DO RIO DE JANEIRO - CAARJ;Region 2;2021-07-02;108175413.51;Transação Individual;;145;;;Advocacia/assistência a advogados (entidade de classe);Hipoteca sobre imóveis de titularidade da REQUERENTE (ANEXO III), Parte do recolhimento da anuidade da OAB/RJ repassada à CAARJ;https://www.gov.br/pgfn/pt-br/assuntos/divida-ativa-da-uniao/transparencia-fiscal-1/painel-dos-parcelamentos/termos-de-transacao/2a-regiao/TermodeTransacaoIndividualCAARJCaixadeAssistenciadosAdvogadosdoEstadodoRiodeJaneiro.pdf;False
f171bddf7ee1;INDÚSTRIA DE PAPÉIS SUDESTE LTDA EM RECUPERAÇÃO JUDICIAL;Region 2;2021-09-02;499177771.28;Transação Individual;70.0;120;;True;Papel e celulose (industrial);Imóvel constante da Matrícula 26.536 do Cartório do 3º Ofício de Registro de Imóveis de Juiz de Fora, MG, avaliado em R$ 147.403.367,00, Imóvel constante da Matrícula n. 263 do Livro 02 do Cartório de Registro de Imóveis de Sapucaia, RJ, avaliado em R$ 102.768.295,00;https://www.gov.br/pgfn/pt-br/assuntos/divida-ativa-da-uniao/transparencia-fiscal-1/painel-dos-parcelamentos/termos-de-transacao/2a-regiao/termo-de-transacao-individual-papeis-sudeste-tarjado.pdf;False
f183b1735f82;SERRARIAS CAMPOS DE PALMAS S/A – EM RECUPERAÇÃO JUDICIAL;Region 4;2022-08-22;;Transação Individual do FGTS - Plano de Pagamento Parcelado;31.31;80;;True;Madeireiro/Serrarias;Imóvel de propriedade do DEVEDOR (Fazenda Cacumbangue-Quirizal), avaliado em R$ 13.634.392,00, já objeto de penhora pela União na execução fiscal nº 0001444-18.2013.8.16.0123;https://www.gov.br/pgfn/pt-br/assuntos/divida-ativa-da-uniao/transparencia-fiscal-1/painel-dos-parcelamentos/termos-de-transacao/4a-regiao/TermodeTransacaoIndividualSerrariasCamposdePalmasSA.pdf;False
f1b6b9667fad;COUROQUÍMICA COUROS E ACABAMENTOS LTDA EM RECUPERAÇÃO JUDICIAL (CNPJ 50.719.061/0001-81), POINT SHOES EIRELLI (CNPJ 01.937.718/0001-71) e MB FRANCA PARTICIPAÇÃO E SUPERVISÃO DE EMPRESAS LTDA (CNPJ 09.535.419/0001-12);Region 3;2024-05-08;676957574.57;Transação Individual;65.0;60;0.0;True;Couro e calçados;;https://www.gov.br/pgfn/pt-br/assuntos/divida-ativa-da-uniao/transparencia-fiscal-1/painel-dos-parcelamentos/termos-de-transacao/3a-regiao/TermodeTransaoIndividualCouroqumicaCouroseAcabamentosLTDAPointShoesEirelli.pdf;False
f1cd4a29844a;OSX Brasil S/A, OSX Brasil - Porto do Açu S.A. e OSX Serviços Operacionais Ltda. (em recuperação judicial);Region 2;2025-06-09;;Transação Individual;;60;;True;Naval/offshore e portuário (óleo e gás / infraestrutura portuária);Recebíveis de contrato de locação/direito de uso e futura concessão de direito real de superfície de área de 40.000m² no Porto do Açu (locatária GO Tratch Ambiental e Infraestrutura S.A.), R$600.000,00 mensais, contrato até 26.01.2052, Recebíveis de contrato de locação/direito de uso e futura concessão de direito real de superfície de área de 143.406m² no Porto do Açu (locatária DOME Serviços Integrados Porto do Açu Operações S.A.), R$2.315.887,40 mensais, contrato até 10.10.2036, Recebíveis de contrato de locação/direito de uso e futura concessão de direito real de superfície de área do Cais Norte, Lote A-12, de 90.000m² no Porto do Açu (locatária Alieseo Empreendimentos e Participações S.A., com Consórcio 3T Flexíveis como interveniente anuente), R$1.203.750,00 mensais, contrato até 01.01.2052;https://www.gov.br/pgfn/pt-br/assuntos/divida-ativa-da-uniao/transparencia-fiscal-1/painel-dos-parcelamentos/termos-de-transacao/2a-regiao/TermodeTransaoIndividualOSXBrasilSAOsxBrasilPortoDoAuOSXServiosOperacionaisLTDA.pdf;False
f1cfbb4265d4;SINDICATO DOS EMPREGADOS NO COMÉRCIO DO RIO DE JANEIRO;Region 2;2024-11-26;87877925.57;Transação individual;;60;;;Sindical/Serviços (representação de trabalhadores no comércio);Penhoras já existentes nos autos das execuções fiscais (Anexo III), Imóveis oferecidos pelo DEVEDOR (Anexo IV);https://www.gov.br/pgfn/pt-br/assuntos/divida-ativa-da-uniao/transparencia-fiscal-1/painel-dos-parcelamentos/termos-de-transacao/2a-regiao/TermodeTransaoIndividualSindicatodosEmpregadosnoComrciodoRiodeJaneiroTarjado.pdf;False
f20573be0568;FAZ EMPREENDIMENTOS E SERVIÇOS LTDA EM RECUPERAÇÃO JUDICIAL;Region 5;2025-05-06;13524241.98;Transação Individual - Plano de Regularização Fiscal (Portaria PGFN 6.757/2022 e 2.382/2020, devedor em recuperação judicial);70.0;60;;True;Not identified;Bens já penhorados ou porventura descritos no termo como garantia (a serem alienados em caso de rescisão);https://www.gov.br/pgfn/pt-br/assuntos/divida-ativa-da-uniao/transparencia-fiscal-1/painel-dos-parcelamentos/termos-de-transacao/5a-regiao/TermodeTransaoIndividualFAZEmpreendimentoseServosLTDA.pdf;False
f247a6a09783;Grupo Regina (Regina Agroindustrial S/A e Regina Alimentos S/A);Region 5;2024-04-12;;Transação Individual;65.0;120;;;Agroindústria/Alimentos;Bem imóvel - Matrícula 646, 2º Ofício de Cascavel, avaliado em R$ 28.140.000,00, Bem imóvel - Matrícula 1.363, 2º Ofício de Cascavel, avaliado em R$ 54.084.000,00, Marcas e patentes (REGINA, GRANJA REGINA, OVOS REGINA, BANQUETE, TÁ PRONTO) de propriedade da POLE ALIMENTOS LTDA, Fiança das empresas POLE ALIMENTOS LTDA e ATLÂNTICA AGROINDUSTRIAL LTDA (responsabilidade solidária, renúncia a benefício de ordem);https://www.gov.br/pgfn/pt-br/assuntos/divida-ativa-da-uniao/transparencia-fiscal-1/painel-dos-parcelamentos/termos-de-transacao/5a-regiao/TermodeTransaoIndividualReginaAgroindustrialSA.pdf;False
f27e3549a0f4;EXIMBIZ COMERCIO INTERNACIONAL S.A;Region 2;2023-05-24;318196644.86;Transação individual;65.0;120;;;Comércio internacional;Imóvel sede da DEVEDORA - Rodovia Governador Mário Covas, 3979, km 268, Planalto de Carapina, Serra/ES, matrícula nº 24.677 e 25.382 (Cartório 1º Ofício da 2ª Zona da Comarca da Serra/ES), Imóvel 'Fazenda Santa Mônica' - Rodovia ES-060, s/n, Santa Mônica, Vila Velha, ES, matrículas 18.911, 4.023, 31.588 e 48.700 (Cartório 2º Ofício de Guarapari/ES), Apartamento 1102 - Edifício Athenas, Rua Itaoca, 20, Praia de Itaparica, Vila Velha/ES, matrícula nº 138.696, Apartamento 1103 - Edifício Athenas, Rua Itaoca, 20, Praia de Itaparica, Vila Velha/ES, matrícula nº 55.872, Apartamento 1104 - Edifício Athenas, Rua Itaoca, 20, Praia de Itaparica, Vila Velha/ES, matrículas nº 136.058 e 136.057;https://www.gov.br/pgfn/pt-br/assuntos/divida-ativa-da-uniao/transparencia-fiscal-1/painel-dos-parcelamentos/termos-de-transacao/2a-regiao/TermodeTransacaoIndividualEximbizComercioInternacionalSA.pdf;False
f28fea3d8adf;REAL SOCIEDADE PORTUGUESA DE BENEFICÊNCIA;Region 3;2024-04-16;;Transação Individual;;145;;;Beneficência/Saúde (entidade sem fins lucrativos);Imóveis (matrículas 26.171, 26.172, 79.498, 85781, 151.004, 5.611), já penhorados em execuções fiscais, Formalização de penhora do imóvel de matrícula nº 14.338 no prazo de 30 dias, Manutenção de gravames decorrentes de arrolamento de bens, medida cautelar fiscal e garantias prestadas administrativamente ou em ações judiciais;https://www.gov.br/pgfn/pt-br/assuntos/divida-ativa-da-uniao/transparencia-fiscal-1/painel-dos-parcelamentos/termos-de-transacao/3a-regiao/TermodeTransacaoIndividualRealSociedadePortuguesadeBeneficinciatarjado.pdf;False
f2da1058bf40;Grupo OTD Brasil Logística (OTD Brasil Logística S.A., Sadlog Transportes Ltda., Opecon Operações e Transportes Ltda, Loga - Logistica E Transportes Ltda, HB2 Holding e Participações Ltda., Rentalis Logística Ltda);Region 4;Not identified;42478444.1;Transação Individual;;120;;;Logística/Transporte;Bens imóveis e veículos pertencentes a empresas do Grupo, detalhados no Anexo III;https://www.gov.br/pgfn/pt-br/assuntos/divida-ativa-da-uniao/transparencia-fiscal-1/painel-dos-parcelamentos/termos-de-transacao/4a-regiao/TermodeTransaoIndividualOTDBrasilLogsticaS.ASadlogTransportesLTDAOpeconOperaeseTransportesLTDALOGALogisticaeTransportesLTDAHB2HoldingeParticipaesLTDARentalisLogsticaLTDA.pdf;False
f2e766810378;LABORATÓRIOS BALDACCI LTDA;Region 3;2024-02-01;66508078.64;Transação Individual;45.77;1;0.0;;Farmacêutico;;https://www.gov.br/pgfn/pt-br/assuntos/divida-ativa-da-uniao/transparencia-fiscal-1/painel-dos-parcelamentos/termos-de-transacao/3a-regiao/TermodeTransaoIndividualLaboratriosBaldacciLTDATarjado.pdf;False
f36617977720;Sustentare Saneamento S.A., Moderna Ambiental S.A. e Qualix Serviços Ambientais S.A. (Grupo Sustentare/Qualix);Region 3;2022-12-06;;Transação individual;65.0;120;;;Saneamento/Resíduos e serviços ambientais;Recebíveis do contrato nº 19/2019 entre SLU/DF e Sustentare Saneamento, vigente até julho de 2024, com parcelas vincendas somando aproximadamente R$ 332.478.798,55, Bem imóvel de matrícula nº 43.086 (1º Cartório de Registro de Imóveis de Feira de Santana/BA), de propriedade da Qualix, Bens imóveis de matrículas nºs 25.010, 59.244 e 94.433 (1º Cartório de Registro de Imóveis de Feira de Santana/BA), de propriedade da Sustentare Saneamento, Bem imóvel de matrícula nº 27.964 (7º Cartório de Registro de Imóveis do Distrito Federal), de propriedade da Sustentare Saneamento;https://www.gov.br/pgfn/pt-br/assuntos/divida-ativa-da-uniao/transparencia-fiscal-1/painel-dos-parcelamentos/termos-de-transacao/3a-regiao/TermodeTransaoIndividualSustentareSaneamentoS.AModernnaAmbientalS.AQualixServiosAmbientaisS.A..pdf;False
f3b66818192c;VIDROFORTE INDÚSTRIA E COMÉRCIO DE VIDROS LTDA e grupo econômico (HAMBURGO PARTICIPAÇÕES E EMPREENDIMENTOS IMOBILIÁRIOS EIRELI, SAFE STAR PARTICIPAÇÕES E EMPREENDIMENTOS IMOBILIÁRIOS LTDA, RIO VERMELHO PARTICIPAÇÕES SOCIETÁRIAS LTDA, GERMÂNIA PARTICIPAÇÕES SOCIETÁRIAS EIRELI, GOLDEN STAR PARTICIPAÇÕES SOCIETÁRIAS, CAMARO PARTICIPAÇÕES SOCIETÁRIAS LTDA, e pessoas físicas Herberto Heinen, Eduardo Heinen e Carlos Heinen);Region 4;2025-01-15;;Transação Individual;;;5.0;True;Indústria de vidros / participações societárias e empreendimentos imobiliários;Imóveis indisponibilizados no IDPJ n. 5005019-34.2021.404.7107/RS, constantes do Anexo III, objeto de penhora nas execuções fiscais 50112593920214047107, 50057792220174047107 e 50087756120154047107, Levantamento da indisponibilidade dos imóveis matrículas 53.311, 53.288, 53.289, 53.290, 53.291 (CRI Caxias do Sul/RS) de propriedade de Herberto Heinen, Levantamento da indisponibilidade dos imóveis matrículas 42.019, 42.020, 58.881, 58.882 (CRI Florianópolis/SC) de propriedade de Carlos Heinen, Garantia administrativa por hipoteca, caso não seja possível concretizar a garantia por meio de penhora;https://www.gov.br/pgfn/pt-br/assuntos/divida-ativa-da-uniao/transparencia-fiscal-1/painel-dos-parcelamentos/termos-de-transacao/4a-regiao/TermodeTransaoIndividualVidroforte....pdf;False
f4629545d5f2;FRT TECNOLOGIA ELETRONICA LTDA;Region 5;2024-01-04;;Transação Individual;65.0;120;;;Tecnologia/Eletrônica;Manutenção de gravames decorrentes de arrolamento de bens, Medida cautelar fiscal, Penhoras existentes nos executivos fiscais em trâmite;https://www.gov.br/pgfn/pt-br/assuntos/divida-ativa-da-uniao/transparencia-fiscal-1/painel-dos-parcelamentos/termos-de-transacao/5a-regiao/TermodeTransaoIndividualFRTTecnologiaeletrnicaLTDA.pdf;False
f4f9d4f4e57e;FAST PRINT & SYSTEM LTDA (CNPJ 03.270.407/0001-27);Region 3;Not identified;45377896.76;Transação individual;52.63;1;;False;Not identified;Manutenção de eventuais garantias eventualmente existentes nos processos em curso;https://www.gov.br/pgfn/pt-br/assuntos/divida-ativa-da-uniao/transparencia-fiscal-1/painel-dos-parcelamentos/termos-de-transacao/3a-regiao/SumrioFastPrintSystemLTDA.pdf;False
f51523556c99;SPORT CLUB INTERNACIONAL;Region 4;2025-04-22;378375872.11;Transação Individual;;;;;futebol/entretenimento;Marcas SCI (INPI 81473187 e INPI 901403857), Imóvel Matrícula 37037 - Parque Gigante (5º CRI de Porto Alegre/RS), Imóvel Matrícula 6258 - Beira Rio (5º CRI de Porto Alegre/RS);https://www.gov.br/pgfn/pt-br/assuntos/divida-ativa-da-uniao/transparencia-fiscal-1/painel-dos-parcelamentos/termos-de-transacao/4a-regiao/TermodeTransaoIndividualSportClubInternacional.pdf;False
f552d8d79547;ORBITA ELETRICIDADE MONTAGEM DE PAINEIS E AUTOMAÇÃO LTDA;Region 3;2025-04-01;11575979.29;Transação Individual;37.62;120;;True;Elétrico/Automação industrial;Mantém-se as garantias dos débitos eventualmente existentes até a quitação integral do saldo devedor;https://www.gov.br/pgfn/pt-br/assuntos/divida-ativa-da-uniao/transparencia-fiscal-1/painel-dos-parcelamentos/termos-de-transacao/3a-regiao/TermodeTransaoIndividualOrbitaEletricidadeMontagemdePaineiseAutomooLTDATarjado.pdf;False
f5ce6db62492;RODOTÉCNICA INDÚSTRIA DE IMPLEMENTOS RODOVIÁRIOS EIRELLI;Region 4;2023-05-23;;Transação Individual;;;;True;Indústria (implementos rodoviários);Valor objeto do precatório expedido na ação de execução n° 5002872-22.2018.4.04.7113, destinado à quitação do saldo das contas do FGTS e, havendo saldo, aos Débitos Previdenciários e Demais débitos;https://www.gov.br/pgfn/pt-br/assuntos/divida-ativa-da-uniao/transparencia-fiscal-1/painel-dos-parcelamentos/termos-de-transacao/4a-regiao/TermodeTransacaoIndividualRodotecnicaIndustriadeImplementosRodoviariosEirelli.pdf;False
f64f326d0bfb;SERCOM LTDA, SERCOM SERVIÇOS DIGITAIS LTDA, SYSTEM MARKETING CONSULTING LTDA, TEL & COM LTDA (Grupo econômico com fiadoras RJP Participações e Negócios S.A, SZS Tecnologia em Comunicações Ltda, Estrelicia Participações Ltda, RJ2 Participações Ltda, PAT Telecom Participações Ltda, Tel & Com Participações S.A);Region 3;2025-03-26;261626787.13;Transação Individual;44.01;108;;False;Telecomunicações/Serviços de comunicação;Fiança dos sócios das Requerentes: RJP Participações e Negócios S.A, SZS Tecnologia em Comunicações Ltda, Estrelicia Participações Ltda, RJ2 Participações Ltda, PAT Telecom Participações Ltda, Tel & Com Participações S.A, Imóveis de matrícula n. 155.406, 155.409, 155.411 e 155.413 do 2º CRI de Ribeirão Preto/SP, de propriedade da SERCOM LTDA, Recebíveis contratuais com previsão de faturamento anual mínimo de R$ 40.123.069,55 (corrigido pela SELIC);https://www.gov.br/pgfn/pt-br/assuntos/divida-ativa-da-uniao/transparencia-fiscal-1/painel-dos-parcelamentos/termos-de-transacao/3a-regiao/TermodeTransaoIndividualSercomLTDATarjado.pdf;False
f6540cf81329;KAPLAN EQUIPAMENTOS MECANICOS E HIDRAULICOS LTDA;Region 3;2024-10-02;38832074.1;Transação Individual (modalidades DEMAIS e PREV);68.73;120;;;Indústria de equipamentos mecânicos e hidráulicos;Manutenção automática dos gravames decorrentes de arrolamento de bens, medida cautelar fiscal e garantias prestadas administrativamente ou em ações de execução fiscal ou qualquer outra ação judicial, Manutenção das garantias dos débitos eventualmente existentes até quitação integral do saldo devedor;https://www.gov.br/pgfn/pt-br/assuntos/divida-ativa-da-uniao/transparencia-fiscal-1/painel-dos-parcelamentos/termos-de-transacao/3a-regiao/TermodeTransaoIndividualKaplanEquipamentosMecnicoseHidrulicosLTDATarajado.pdf;False
f667254d1373;NATAL HOSPITAL CENTER S.A.;Region 5;2021-06-01;;Transação Individual (Termo Aditivo);;;;;Saúde/Hospitalar;;https://www.gov.br/pgfn/pt-br/assuntos/divida-ativa-da-uniao/transparencia-fiscal-1/painel-dos-parcelamentos/termos-de-transacao/5a-regiao/TermodeTransacaoIndividualNatalHospitalCenterv.pdf;False
f668baa6f169;CANASVIEIRAS TRANSPORTES LTDA. - EM RECUPERAÇÃO JUDICIAL;Region 4;2022-12-06;16550370.48;Transação Individual;;;;True;Transporte;Bens imóveis matriculados sob nºs 100.517, 56.623 e 48.166, do 2º Ofício de Registro de Imóveis de Florianópolis/SC e nº 11.955, do 1º Ofício de Registro de Imóveis de Florianópolis/SC, avaliados em R$ 40.000.000,00, com penhoras já existentes nas execuções fiscais nºs 50252258620184047200 e 50252319320184047200;https://www.gov.br/pgfn/pt-br/assuntos/divida-ativa-da-uniao/transparencia-fiscal-1/painel-dos-parcelamentos/termos-de-transacao/4a-regiao/TermodeTransaoIndividualCanasveirasTransportesLTDATarjado.pdf;False
f72cb30c07bf;VIAÇÃO NOVA CIDADE - FALIDA (CNPJ 67.571.216/0001-88);Region 3;2023-08-08;29278786.53;Transação Individual (empresa em falência);65.0;1;0.0;False;Transporte (viação/transporte rodoviário);;https://www.gov.br/pgfn/pt-br/assuntos/divida-ativa-da-uniao/transparencia-fiscal-1/painel-dos-parcelamentos/termos-de-transacao/3a-regiao/TermodeTransaoIndividualViaoNovaCidadeFalida.pdf;False
f7ba2aaff7fb;INFAN – INDÚSTRIA QUÍMICA FARMACÊUTICA NACIONAL S/A;Region 5;2021-05-28;;Transação Individual;50.0;84;;;Farmacêutico/Químico;;https://www.gov.br/pgfn/pt-br/assuntos/divida-ativa-da-uniao/transparencia-fiscal-1/painel-dos-parcelamentos/termos-de-transacao/5a-regiao/termo-de-transacao-individual-infan-x.pdf;False
f7c6c4909b9c;YMPACTUS COMERCIAL S.A - FALIDA (Grupo Telexfree);Region 2;2024-07-05;5122709567.99;Transação individual;65.0;;;False;Not identified;Manutenção das garantias já realizadas nos débitos transacionados, Execução de garantias prestadas judicial e extrajudicialmente em caso de rescisão;https://www.gov.br/pgfn/pt-br/assuntos/divida-ativa-da-uniao/transparencia-fiscal-1/painel-dos-parcelamentos/termos-de-transacao/2a-regiao/TermodeTransaoIndividualYmpactusComercialSATarjado.pdf;False
f812bc93797f;GMAB PARTICIPACOES S.A – EM RECUPERAÇÃO JUDICIAL;Region 5;2021-05-26;1144446.13;Transação Individual;34.71;108;0.334;True;Not identified;O devedor mantém todas as garantias associadas ao débito com a finalidade de garantir a dívida contemplada na transação individual;https://www.gov.br/pgfn/pt-br/assuntos/divida-ativa-da-uniao/transparencia-fiscal-1/painel-dos-parcelamentos/termos-de-transacao/5a-regiao/termo-de-transacao-individual-gmab-x.pdf;False
f928177eb4d1;MASSAGUAÇU S.A – EM RECUPERAÇÃO JUDICIAL e BELOMAR INCORPORADORA E IMOBILIÁRIA LTDA;Region 3;2023-11-14;134835315.15;Transação Individual;54.51;72;;True;Not identified;;https://www.gov.br/pgfn/pt-br/assuntos/divida-ativa-da-uniao/transparencia-fiscal-1/painel-dos-parcelamentos/termos-de-transacao/3a-regiao/TermodeTransaoIndividualMassaguauSATarjadocompactado.pdf;False
f9c083d3992f;Grupo econômico ZIHUATANEJO DO BRASIL ACUCAR E ALCOOL S.A (e demais empresas correlacionadas: S/A LEAO IRMAOS ACUCAR E ALCOOL, COMPANHIA GERAL DE MELHORAMENTOS EM PERNAMBUCO, KELBE COMERCIAL EXPORTADORA DE ACUCAR E PARTICIPACOES LTDA, DESTILARIA GAMELEIRA S/A, EDITORA FOLHA DE PERNAMBUCO LTDA) - todas em Recuperação Judicial (exceto Editora Folha de Pernambuco);Region 5;2022-12-30;;Transação Individual;70.0;96;;True;Agroindústria (açúcar e álcool);Penhoras em execuções fiscais já existentes (mantidas), Imóvel de matrícula nº [tarjado] do Cartório de Registro de Imóveis de Rio Largo/AL, correspondente a 358,4600ha da FAZENDA UTINGA (parte IV), valor estimado de R$ 150.000.000,00, Bens/direitos relativos a dívidas de FGTS: Engenho Quarto Partes do Engenho Novo (R$ 38.000.000,00), Engenho Campanha (R$ 19.000.000,00), Engenho Canadá (R$ 16.000.000,00), Engenho Vicente Campelo (R$ 115.000.000,00), Primavera (R$ 15.270.140,00), Dunga (R$ 1.500.000,00), Burarema (R$ 13.200.000,00), 60 hectares da Fazenda Utinga (R$ 6.600.000,00) - total R$ 224.570.140,00, Precatórios federais, estaduais ou municipais e demais créditos liquidados em favor dos devedores vinculados como garantia, Direito creditório decorrente do Processo 0003176-83.2015.4.05.0000;https://www.gov.br/pgfn/pt-br/assuntos/divida-ativa-da-uniao/transparencia-fiscal-1/painel-dos-parcelamentos/termos-de-transacao/5a-regiao/TermodeTransaoIndividualGrupoCUCAUInformaesSigilosasSuprimidas.pdf;False
f9caddac9151;PEFISA SA CREDITO FINANCIAMENTO E INVESTIMENTO;Region 3;2024-08-27;731987721.9;Transação Individual;28.52;12;80.0;;Financeiro/Crédito e Financiamento;Seguro garantia de apólice nº 01741202300107750108189, vinculado à CDA n 80.2.20.117066-05, valor originário de R$ 513.436,73, vencimento em 16/09/2026, Manutenção automática dos gravames decorrentes de arrolamento de bens, de medida cautelar fiscal e das garantias prestadas administrativamente ou nas ações de execução fiscal ou em qualquer outra ação judicial;https://www.gov.br/pgfn/pt-br/assuntos/divida-ativa-da-uniao/transparencia-fiscal-1/painel-dos-parcelamentos/termos-de-transacao/3a-regiao/TermodeTransaoIndividualRefisaSATarajado.pdf;False
f9eef70a13cc;Augusta Offshore Brasileira LTDA;Region 2;2025-05-29;49371861.77;Transação individual;65.0;36;;;Not identified;;https://www.gov.br/pgfn/pt-br/assuntos/divida-ativa-da-uniao/transparencia-fiscal-1/painel-dos-parcelamentos/termos-de-transacao/2a-regiao/TermodeTransaoIndividualAugustaOffshoreBrasileiraLTDA.pdf;False
fa3a5eb9a13d;CAMIFRA MADEIRAS AGRICULTURA E PECUÁRIA – EIRELI;Region 4;2022-10-11;15630035.69;Transação Individual Tributária - Plano de Pagamento Parcelado;;120;;;Agronegócio (madeiras, agricultura e pecuária);Área rural de 4.162.000,00m2, sita na FAZENDA SANTA CRUZ, matrícula n. 180 do Cartório de Registro de Imóveis de Clevelândia/PR, avaliada em R$ 280.000,00, Gleba E do quinhão 38 da FAZENDA MORAES, matrícula 174 do Cartório de Registro de Imóveis de Clevelândia/Pr, avaliada em R$ 1.872.000,00, Direitos creditórios decorrentes do contrato de locação da sede industrial celebrado com COMPENSADOS NOVO MILÊNIO EIRELI, em vigor até 28/02/2025;https://www.gov.br/pgfn/pt-br/assuntos/divida-ativa-da-uniao/transparencia-fiscal-1/painel-dos-parcelamentos/termos-de-transacao/4a-regiao/TermodeTransaoIndividualCamifraMadeirasAgriculturaePecuriaTarjado.pdf;False
fa6233c1fcb9;MASSA FALIDA DE BERNARD KRONE DO BRASIL;Region 4;2022-04-29;;Transação Individual - Plano de Pagamento à Vista;35.72;1;;False;Not identified;;https://www.gov.br/pgfn/pt-br/assuntos/divida-ativa-da-uniao/transparencia-fiscal-1/painel-dos-parcelamentos/termos-de-transacao/4a-regiao/TermodeTransaoIndividualMassaFalidadeBernardKronedoBrasilTarjado.pdf;False
fa8b441ab139;GRUPO EDUCACIONAL CEV LTDA;Region 1;Not identified;140192177.99;Transação Individual - Modalidade nº 6;52.06;145;;False;Educação;Mantém eventuais garantias existentes, Imóvel novo oferecido para compor garantias;https://www.gov.br/pgfn/pt-br/assuntos/divida-ativa-da-uniao/transparencia-fiscal-1/painel-dos-parcelamentos/termos-de-transacao/1a-regiao/SumrioGrupoEducacionalCevLTDAGrupoEducacionalSuperiorCevLTDATF3Participaess.AeVortexEducacaoLTDA.pdf;False
fab32375f84a;ULTRAMONTANI COMERCIO DE JOIAS LTDA e NOVA ATELIER COMÉRCIO E INDÚSTRIA DE JÓIAS LTDA;Region 3;2024-06-06;50396639.16;Transação individual (modalidades DEMAIS e PREV);;84;;False;Comércio de joias;Bem imóvel (descrição tarjada) - cláusula 3.1, Fiança pessoal do sócio Nerces Vartanian - Anexo II, Manutenção de gravames decorrentes de arrolamento de bens, medida cautelar fiscal e garantias já prestadas;https://www.gov.br/pgfn/pt-br/assuntos/divida-ativa-da-uniao/transparencia-fiscal-1/painel-dos-parcelamentos/termos-de-transacao/3a-regiao/TermodeTransaoIndividualUltramontaniComerciodeJoiasLTDAINFORMAESSIGILOSASSUPRIMIDAS.pdf;False
fb06ddd3832d;"ONDUNORTE CIA DE PAPEIS E PAPELAO ONDULADO DO NORTE EM RECUPERACAO JUDICIAL; CIPER – CIA DE PAPEIS E EMBALAGENS DO RECIFE EM RECUPERACAO JUDICIAL; CICP – COMPANHIA INDUSTRIAL DE CELULOSE E PAPEL EM RECUPERACAO JUDICIAL";Region 5;2022-01-17;;Transação Individual;70.0;120;;True;Indústria de papel e celulose/embalagens;;https://www.gov.br/pgfn/pt-br/assuntos/divida-ativa-da-uniao/transparencia-fiscal-1/painel-dos-parcelamentos/termos-de-transacao/5a-regiao/TermodeTransaoIndividualGrupoOndunorte2022PRFN5InformaesSigilosasSuprimidas.pdf;False
fb075a8c85f3;GRUPO COSIL (COSIL CONSTRUÇÕES E INCORPORAÇÕES AS e demais empresas do grupo econômico);Region 5;2024-06-18;;Transação Individual (Plano de Regularização Fiscal - REGULARIZE PGFN);65.0;24;10.0;True;Construção civil/incorporação imobiliária;Imóvel de Matrícula nº 16.154 do 5º Cartório de Registro de Imóveis de Aracaju - Sergipe, gleba de terra localizada no Mosqueiro, área total de 98.388 m², avaliado em R$ 24.779.000,00, Manutenção de garantias já associadas aos débitos, inclusive penhoras prévias em execuções fiscais;https://www.gov.br/pgfn/pt-br/assuntos/divida-ativa-da-uniao/transparencia-fiscal-1/painel-dos-parcelamentos/termos-de-transacao/5a-regiao/TermodeTransaoIndividualCosilConstrueseIncorporaesASemrecuperaojudicialtarjado.pdf;False
fb55e7efad6a;METALÚRGICA GUAPORÉ LTDA;Region 3;2023-02-24;;Transação individual (modalidades DEMAIS e PREV);;84;4.0;False;Metalúrgico/Indústria;Manutenção dos gravames decorrentes de arrolamento de bens, medida cautelar fiscal e garantias já prestadas, Imóveis objeto das matrículas nº [tarjado] junto ao 2º Registro de Imóveis de Santo André-SP, Imóvel objeto da matrícula nº [tarjado] junto ao 2º Registro de Imóveis de Ipeúna-SP;https://www.gov.br/pgfn/pt-br/assuntos/divida-ativa-da-uniao/transparencia-fiscal-1/painel-dos-parcelamentos/termos-de-transacao/3a-regiao/TermodeTransaoIndividualMetalrgicaGuarporLTDAInformaesSigilosasSuprimidas.pdf;False
fb5c276c095d;USINA CRUANGI S/A EM RECUPERAÇÃO JUDICIAL (Grupo Econômico Cruangi/Nova Maravilhas);Region 5;2024-08-27;;Transação Individual;65.0;120;;True;Agroindústria/Sucroalcooleiro e Imobiliário;Engenho Dois Rios Pedra de Fogo (Matrícula 380) - 1.936,56ha, Engenho Paraguassu Leste (Matrícula 1.939) - 308,1250ha, Engenho Paraguassu Oeste (Matrícula 1.045) - 256,7188ha, Engenho Volta (Matrícula 99), Engenho Recanto (Matrícula 173), Engenho Cana Brava (Matrícula 188), Engenho Coites (Matrícula 194), Engenho Canabravinha (Matrícula 197), Engenho Água Azul (Matrícula 311), Engenho Palmeira (Matrícula 312), Serra Nova (Matrícula 313), Quanduz (Matrícula 2832), Jussarinha (Matrícula 2681), Retiro (Matrícula 1018), Boa Vista (Matrícula 979), Titara (Matrícula 938), Horácio (Matrícula 7361), Nova Ideia (Matrícula 632), Gitó (Matrícula 711), Espinho Preto (Matrícula 667), Oncinha (Matrículas 7238, 7541, 7605), Engenho Retirada FGTS (Matrícula 1.261);https://www.gov.br/pgfn/pt-br/assuntos/divida-ativa-da-uniao/transparencia-fiscal-1/painel-dos-parcelamentos/termos-de-transacao/5a-regiao/TermodeTransaoIndividualUsinaCruangiSAtarjado.pdf;False
fc01ce3c9e77;MAQUINAS PIRATININGA IND E COMERCIO S/A – EM RECUPERAÇÃO JUDICIAL;Region 5;2023-01-27;;Transação Individual - Plano de Regularização Fiscal;70.0;60;;True;Indústria/Comércio (máquinas);Penhoras em execuções fiscais (mantidas até quitação);https://www.gov.br/pgfn/pt-br/assuntos/divida-ativa-da-uniao/transparencia-fiscal-1/painel-dos-parcelamentos/termos-de-transacao/5a-regiao/TermodeTransaoIndividualMquinasPiratiningaIndeComrcioSAtarjado.pdf;False
fc188b4a32e4;GRUPO URBPLAN;Region 3;2024-03-18;;Transação Individual;65.0;36;;True;Incorporação/Desenvolvimento Urbano e Imobiliário;;https://www.gov.br/pgfn/pt-br/assuntos/divida-ativa-da-uniao/transparencia-fiscal-1/painel-dos-parcelamentos/termos-de-transacao/3a-regiao/TermodeTransaoIndividualUrbplanDesenvolvimentoUrbanoSAemrecuperaojudicialtarjado.pdf;False
fc51169b4f61;Transmatic Transporte e Comércio Ltda.;Region 4;2025-04-04;24746970.77;Transação Individual;;120;;;Transporte;Manutenção das penhoras já realizadas nas ações de execução fiscal, Bem imóvel pertencente à empresa 3 M G Empreendimentos Imobiliários Ltda (CNPJ nº 18.177.095/0001-89);https://www.gov.br/pgfn/pt-br/assuntos/divida-ativa-da-uniao/transparencia-fiscal-1/painel-dos-parcelamentos/termos-de-transacao/4a-regiao/TermodeTransaoIndividualTransmaticTransporteeComrcioLTDA.pdf;False
fc524b37e331;BENETEX RECICLAGEM TÊXTIL EIRELI;Region 4;2022-12-28;29275432.78;Transação individual;;120;;;Reciclagem têxtil;Imóvel objeto da matrícula nº 58.770 do Registro de Imóveis da Comarca de Brusque/SC, avaliado em R$ 21.400.000,00;https://www.gov.br/pgfn/pt-br/assuntos/divida-ativa-da-uniao/transparencia-fiscal-1/painel-dos-parcelamentos/termos-de-transacao/4a-regiao/TermodeTransaoIndividualBenetexReciclagemTxtilEireliLTDATarjado.pdf;False
fc911639e843;MOCOCA S A PRODUTOS ALIMENTICIOS – EM RECUPERAÇÃO JUDICIAL;Region 3;2021-06-18;;Transação individual;70.0;108;0.334;True;Alimentício;;https://www.gov.br/pgfn/pt-br/assuntos/divida-ativa-da-uniao/transparencia-fiscal-1/painel-dos-parcelamentos/termos-de-transacao/3a-regiao/termo-de-transacao-individual-mococa.pdf;False
fc9adf8bc594;BENEX BENEFICIAMENTO TÊXTIL LTDA. - EM RECUPERAÇÃO JUDICIAL;Region 4;2024-06-26;33193156.46;Transação Individual;;;;True;Têxtil;Bens já penhorados em execução fiscal movida pela Fazenda Nacional em face da devedora, Máquina de tratamento de malhas - modelo DMS 22, fabricante DMS, valor total R$ 4.675.000,00;https://www.gov.br/pgfn/pt-br/assuntos/divida-ativa-da-uniao/transparencia-fiscal-1/painel-dos-parcelamentos/termos-de-transacao/4a-regiao/TermodeTransaoIndividualBenexBeneficiamentoTxtilLTDATarjado.pdf;False
fca45bfceacb;TRANSJORI TRANSPORTES LTDA;Region 3;2023-01-24;;Transação Individual (modalidades DEMAIS e PREV);65.0;108;6.0;False;Transportes;Imóvel objeto das matrículas nº [tarjado] junto ao 1º Registro de Imóveis de Guarulhos-SP, 44 veículos penhorados judicialmente nas Execuções Fiscais nº 501076646.2021.4.03.6119 e 5002923-93.2022.4.03.6119, Manutenção dos gravames decorrentes de arrolamento de bens, medida cautelar fiscal e garantias prestadas administrativamente ou em ações de execução fiscal ou outra ação judicial;https://www.gov.br/pgfn/pt-br/assuntos/divida-ativa-da-uniao/transparencia-fiscal-1/painel-dos-parcelamentos/termos-de-transacao/3a-regiao/TarjadoTermodeTransaoIndividualUnioFazendaNacional.pdf;False
fcf5bf561c51;GRUPO TAGUS TEC (TAGUS-TEC SERVIÇOS TECNOLOGICOS LTDA, PAMDIR PARTICIPAÇOES LTDA, SAMID ADMINISTRAÇAO DE BENS LTDA, DIRPAM ADMINISTRAÇAO DE BENS LTDA, DMP SISTEMAS DE IDENTIFICACAO LTDA, NEO-TAGUS INDUSTRIAL LTDA);Region 3;2023-11-01;76814382.79;Transação Individual;57.0;120;;;Tecnologia/Industrial (equipamentos e sistemas de identificação);Estoques existentes das empresas TAGUS TEC SERVIÇOS TECNOLOGICOS LTDA e NEO-TAGUS INDUSTRIAL LTDA, no valor aproximado de R$ 17.503.476,10, penhoráveis e leiloáveis em caso de rescisão;https://www.gov.br/pgfn/pt-br/assuntos/divida-ativa-da-uniao/transparencia-fiscal-1/painel-dos-parcelamentos/termos-de-transacao/3a-regiao/TermodeTransaoIndividualTagusTecServioseTecnologiaLTDAInformaesSigilosasSuprimidas.pdf;False
fd3264d2486f;AIRELA INDÚSTRIA FARMACÊUTICA LTDA;Region 4;2025-05-09;79699466.2;Transação Individual;34.86;;;;Farmacêutico;Manutenção das garantias existentes (indisponibilidades/penhoras/bloqueios) nos processos relacionados aos créditos negociados;https://www.gov.br/pgfn/pt-br/assuntos/divida-ativa-da-uniao/transparencia-fiscal-1/painel-dos-parcelamentos/termos-de-transacao/4a-regiao/TermodeTransaoIndividualAirelaIndstriaFarmacuticaLTDA.pdf;False
fd51b550a248;G M E - GARCA MOTORES ELETRICOS LTDA;Region 3;2025-06-02;179698195.29;Termo Aditivo de Transação Individual (repactuação);70.0;;;;Indústria automotiva/motores elétricos;Manutenção automática dos gravames decorrentes de arrolamento de bens, medida cautelar fiscal, penhoras ou garantias prestadas administrativamente;https://www.gov.br/pgfn/pt-br/assuntos/divida-ativa-da-uniao/transparencia-fiscal-1/painel-dos-parcelamentos/termos-de-transacao/3a-regiao/TermodeTransaoIndividualGMEGarcaMotoresEletricosLTDATarjado.pdf;False
fde6aa58b4f7;Carbonífera Catarinense Ltda (CCL) e outras empresas do grupo econômico (Mineração Ouro Negro Ltda ME, Mineração Castelo Branco Eireli, Comércio de Carvão Criciumense Ltda, Inccol Indústria e Comércio de Coque Ltda);Region 4;2024-05-20;163558216.14;Transação Individual;;;;;Mineração/carvão (mineração e comércio de carvão e coque);Bens imóveis relacionados no Anexo I (5 imóveis registrados no 1º Ofício de Registro de Imóveis de Criciúma/SC, descrições tarjadas);https://www.gov.br/pgfn/pt-br/assuntos/divida-ativa-da-uniao/transparencia-fiscal-1/painel-dos-parcelamentos/termos-de-transacao/4a-regiao/TermodeTransaoIndividualCarbonferaCatarinenseLTDATarjado.pdf;False
fe06fd2cad2e;CARBINOX INDÚSTRIA E COMÉRCIO LTDA;Region 3;2025-05-20;;Transação Individual;;60;;;Indústria (metalúrgico/inox);Fiança pessoal dos sócios José Arthur Bronzatto Pagan e Maurício Antônio de Moura;https://www.gov.br/pgfn/pt-br/assuntos/divida-ativa-da-uniao/transparencia-fiscal-1/painel-dos-parcelamentos/termos-de-transacao/3a-regiao/TermodeTransaoIndividualCarbinoxIndstriaeComrcioLTDA.pdf;False
fe0e600e4ddd;FAST PRINT & SYSTEM LTDA.;Region 3;2025-04-11;43907859.36;Transação Individual;52.06;1;;;Impressão/gráfica (sistemas de impressão);;https://www.gov.br/pgfn/pt-br/assuntos/divida-ativa-da-uniao/transparencia-fiscal-1/painel-dos-parcelamentos/termos-de-transacao/3a-regiao/TermodeTransaoIndividualFastPrintSystemLTDA.pdf;False
fe553771b64c;SUPERMERCADOS VIANENSE LTDA;Region 2;2022-10-20;227879061.98;Transação Individual;65.0;120;;;Supermercados/Varejo alimentar;Recebíveis oriundos de vendas a crédito e/ou débito, conforme contrato de prestação de serviço celebrado com REDECARD S/A (REDE), 5% do faturamento mensal do DEVEDOR, Bens imóveis relacionados no Anexo III;https://www.gov.br/pgfn/pt-br/assuntos/divida-ativa-da-uniao/transparencia-fiscal-1/painel-dos-parcelamentos/termos-de-transacao/2a-regiao/TermodeTransacaoIndividualSupermercadoVianenseLTDA.pdf;False
fe80fffda1da;AELBRA EDUCAÇÃO SUPERIOR – GRADUAÇÃO E PÓS-GRADUAÇÃO S.A. EM RECUPERAÇÃO JUDICIAL;Region 4;2024-01-15;;Transação Individual (FGTS);;20;;True;Educação;Instituição de garantia sobre 85% do valor de venda dos bens imóveis dedicados à quitação dos credores classe 1, conforme Plano de Recuperação Judicial aprovado em Assembleia Geral de Credores;https://www.gov.br/pgfn/pt-br/assuntos/divida-ativa-da-uniao/transparencia-fiscal-1/painel-dos-parcelamentos/termos-de-transacao/4a-regiao/TermodeTransaoIndividualAlebraEducaoSuperiorGraduaoePsGraduaoSAemrecuperaojudicialFGTS.pdf;False
fee2cd0e09da;SANTA CASA DE MISERICÓRDIA DE CAMPOS, CNPJ 28.963.981/0001-91;Region 2;Not identified;102313182.78;Transação individual - modalidade 06;54.19;145;;False;Saúde/Filantropia hospitalar;Manutenção de eventuais garantias eventualmente existentes nos processos em curso, Imóveis;https://www.gov.br/pgfn/pt-br/assuntos/divida-ativa-da-uniao/transparencia-fiscal-1/painel-dos-parcelamentos/termos-de-transacao/2a-regiao/TermodeTransaoIndividualSantaCasadeMisericrdiadeCamposSumrioTarjado.pdf;False
ff1a21b3e1f8;ATLÂNTICA PRODUTOS DE PETRÓLEO LTDA;Region 2;2021-04-23;39198055.89;Transação individual;50.0;84;;;Combustíveis/Petróleo;Imóvel Chácara nº 219, Jardim Limoeiro, Serra/ES, Matrícula 6.621, avaliação R$8.649.000,00 (constante do quadro resumo como R$8.291.000,00), Imóvel Duas Glebas A, EU X e A EU XI, Serra/ES, Matrícula 73.749 e 73.750, avaliação R$44.165.000,00;https://www.gov.br/pgfn/pt-br/assuntos/divida-ativa-da-uniao/transparencia-fiscal-1/painel-dos-parcelamentos/termos-de-transacao/2a-regiao/TermodeTransacaoIndividualAtlanticaProdutosdePetroleo.pdf;False
ff5aaaa8fa99;Brandl do Brasil;Region 4;2022-12-15;32748813.99;Transação Individual;44.06;120;;;Not identified;Imóvel de matrícula 9730 do Cartório de Registro de Imóveis de Campina Grande do Sul/PR, avaliado em R$ 20.050.000,00;https://www.gov.br/pgfn/pt-br/assuntos/divida-ativa-da-uniao/transparencia-fiscal-1/painel-dos-parcelamentos/termos-de-transacao/4a-regiao/TermodeTransaoIndividualBRANDLdoBrasilLTDATarjado.pdf;False
ff734dd059bf;GRUPO JC GONTIJO (composto por JOSE CELSO GONTIJO ENGENHARIA S/A e diversas outras pessoas jurídicas relacionadas);Region 1;2022-06-08;163595800.51;Transação Individual (art. 171 CTN, Lei 13.988/2020, arts. 190/191 CPC, Portaria PGFN nº 9.917/20);50.0;44;;;Construção civil/incorporação imobiliária e hotelaria;Hipoteca de imóveis (72 lotes de Residencial, casa, apartamento e gleba) avaliados em R$ 70.462.915,68 (mar/2020), Seguro-garantia no valor de R$ 80.998.562,49, emitido pela Seguradora BMG SEGUROS S.A;https://www.gov.br/pgfn/pt-br/assuntos/divida-ativa-da-uniao/transparencia-fiscal-1/painel-dos-parcelamentos/termos-de-transacao/1a-regiao/TermodeTransaoInvidividualGrupoJCGONTIJO.pdf;False
ff7799b4cd93;"TIETÊ ADMINISTRAÇÃO DE BENS LTDA; ARAUCÁRIA TRANSPORTE COLETIVO LTDA; SBV ADMINISTRAÇÃO DE BENS E PARTICIPAÇÕES SOCIETÁRIAS S/A; SULBRAVE ÔNIBUS E PEÇAS LTDA; HAIRTON LUIZ ROMANI";Region 4;2024-10-07;;Transação Individual;;;4.0;;Transporte coletivo/administração de bens;Imóvel registrado perante o CRI de Araucária/PR, avaliado em R$ 31.020.000,00, Imóvel avaliado em R$ 24.430.000,00, registrado perante cartório (nome tarjado), Fiança pessoal de Hairton Luiz Romani, Bens já penhorados nas execuções fiscais (incluindo parte da frota de veículos);https://www.gov.br/pgfn/pt-br/assuntos/divida-ativa-da-uniao/transparencia-fiscal-1/painel-dos-parcelamentos/termos-de-transacao/4a-regiao/TermodeTransaoIndividualTietAdministraodeBensLTDA....pdf;False
ff788d63c043;B2W Companhia Digital (grupo Lojas Americanas/Americanas S/A);Region 2;Not identified;856284810.56;Transação individual (em Recuperação Judicial);35.0;1;;True;Varejo/E-commerce;Seguro ou fiança;https://www.gov.br/pgfn/pt-br/assuntos/divida-ativa-da-uniao/transparencia-fiscal-1/painel-dos-parcelamentos/termos-de-transacao/2a-regiao/SumrioAmericanasSA.pdf;False
ff7f442add47;COMPESCAL COMÉRCIO DE PESCADO ARACATIENSE LTDA e CELM AQUICULTURA S/A;Region 5;2025-01-27;;Transação Individual;;6;;;Pesca/Aquicultura;Imóvel matriculado sob o nº 156 – Cartório Jorge Almeida, 3º Ofício de Registro de Imóveis da comarca de Aracati/CE, Imóvel matriculado sob o nº 5.901 – Cartório Alexandre Gondim, 2º Ofício de Registro de Imóveis da comarca de Aracati/CE, Seguro garantia apólice n. 1007507038233 no valor de R$ 1.150.000,00 (débitos de FGTS excluídos), Seguro garantia apólice n. 1007507038919 no valor de R$ 2.250.000,00 (débitos de FGTS excluídos);https://www.gov.br/pgfn/pt-br/assuntos/divida-ativa-da-uniao/transparencia-fiscal-1/painel-dos-parcelamentos/termos-de-transacao/5a-regiao/TermodeTransaoIndividualCompescalComrciodePescadoAracatienseLTDATarjado.pdf;False
ffc07040b699;SOLIDEZ CORRETORA DE CÂMBIO, TÍTULOS E VALORES MOBILIÁRIOS LTDA;Region 3;2023-10-04;308920940.83;Transação Individual;64.18;1;;;Financeiro (corretora de câmbio, títulos e valores mobiliários);;https://www.gov.br/pgfn/pt-br/assuntos/divida-ativa-da-uniao/transparencia-fiscal-1/painel-dos-parcelamentos/termos-de-transacao/3a-regiao/TermodeTransaoIndividualSolidezCorretoradeCmbioTtuloseValoresMobiliriosLTDA.pdf;False
ffe8eda9fad2;A! BODYTECH PARTICIPAÇÕES S.A. (e sociedades do grupo Bodytech: BAHIA FITNESS CENTER, BRDF FITNESS CENTER, BT01 FITNESS CENTER, BT02 LOCAÇÕES DE ESPAÇOS, FHS ADMINISTRAÇÃO, PARTICIPAÇÕES E SERVIÇOS, FOCUS FITNESS ACADEMIA DE GINÁSTICA, GAMA FITNESS CENTER, NOVA EXPRESS COMÉRCIO PARTICIPAÇÕES EMPRENDIMENTOS, RM FITNESS CENTER ACADEMIA DE GINÁSTICA);Region 2;2024-12-20;104364235.56;Transação Individual;65.0;120;0.5;;Fitness/academias de ginástica (saúde e bem-estar);Terreno localizado em Porto Alegre/RS, objeto de matrículas do Registro de Imóveis da 1ª Zona de Porto Alegre, pertencente à FHS ADMINISTRAÇÃO, PARTICIPAÇÕES E SERVIÇOS S.A., 3.208 aparelhos de ginástica;https://www.gov.br/pgfn/pt-br/assuntos/divida-ativa-da-uniao/transparencia-fiscal-1/painel-dos-parcelamentos/termos-de-transacao/2a-regiao/TermodeTransaoIndividualABodytechParticipaesSATarjado.pdf;False
fff44360ff73;IPANEMA AGROINDUSTRIAL S.A.;Region 3;2025-06-13;6053402.44;Transação Individual;39.9;60;;;Agroindústria/Agronegócio;;https://www.gov.br/pgfn/pt-br/assuntos/divida-ativa-da-uniao/transparencia-fiscal-1/painel-dos-parcelamentos/termos-de-transacao/3a-regiao/TermodeTransaoIPANEMAAGROINDUSTRIALS.pdf;False
